tic_id,sector,fits_file,period,t0_bjd,t0_btjd,duration_hours,tstart,tstop,matched_transit_time
709015,91,tess2025099153000-s0091-0000000000709015-0288-s_lc.fits,7.122605,2457222.13278,222.13278000010177,3.072,3775.296481619934,3802.751687794963,3776.312675000102
1129033,4,tess2018292075959-s0004-0000000001129033-0124-s_lc.fits,1.360029395,2459957.33786,2957.337859999854,2.1652751,1410.905916911448,1436.838931887914,1410.984437884854
1129033,31,tess2020294194027-s0031-0000000001129033-0198-s_lc.fits,1.360029395,2459957.33786,2957.337859999854,2.1652751,2144.519482023026,2169.949609638281,2145.400311184854
2521105,91,tess2025099153000-s0091-0000000002521105-0288-s_lc.fits,1.33711647,2455624.2671,-1375.7329000001773,1.809816,3775.296462230638,3802.753194677519,3776.176858909823
2764004,91,tess2025099153000-s0091-0000000002764004-0288-s_lc.fits,11.811437,2457233.78707,233.78707000007853,2.064,3775.296404245563,3802.753318612805,3777.2181700000783
4070275,5,tess2018319095959-s0005-0000000004070275-0125-s_lc.fits,5.424019,2458439.3428,1439.3428000002168,1.6,1437.988462482005,1464.004221058553,1439.3428000002168
4070275,32,tess2020324010417-s0032-0000000004070275-0200-s_lc.fits,5.424019,2458439.3428,1439.3428000002168,1.6,2174.232780170341,2200.230247870061,2177.009384000217
4070275,98,tess2025312202959-s0098-0000000004070275-0298-s_lc.fits,5.424019,2458439.3428,1439.3428000002168,1.6,3988.504582328776,4045.903414113797,3988.631730000217
4616072,6,tess2018349182500-s0006-0000000004616072-0126-s_lc.fits,4.1876244,2456731.19533,-268.80466999998316,3.0456,1468.273761959596,1490.049042418324,1469.0594560000168
4616072,7,tess2019006130736-s0007-0000000004616072-0131-s_lc.fits,4.1876244,2456731.19533,-268.80466999998316,3.0456,1491.635149720479,1516.090284364418,1494.1852024000168
4616072,33,tess2020351194500-s0033-0000000004616072-0203-s_lc.fits,4.1876244,2456731.19533,-268.80466999998316,3.0456,2201.736009287018,2227.576469337935,2201.8937260000166
4616072,87,tess2024353092137-s0087-0000000004616072-0284-s_lc.fits,4.1876244,2456731.19533,-268.80466999998316,3.0456,3663.048734560155,3689.941953478782,3663.3746416000167
5078530,22,tess2020049080258-s0022-0000000005078530-0174-s_lc.fits,8.1352,2455801.779,-1198.2209999999031,3.08,1899.327558269469,1926.498394115433,1901.2902000000968
5078530,49,tess2022057073128-s0049-0000000005078530-0221-s_lc.fits,8.1352,2455801.779,-1198.2209999999031,3.08,2637.477361430608,2664.320112685439,2641.5934000000966
6663331,13,tess2019169103026-s0013-0000000006663331-0146-s_lc.fits,3.1810781,2457034.283,34.282999999821186,2.3544,1653.941647358652,1682.36243928637,1656.6328309998212
6663331,67,tess2023181235917-s0067-0000000006663331-0261-s_lc.fits,3.1810781,2457034.283,34.282999999821186,2.3544,3126.646716836669,3154.400379546173,3129.471991299821
6663331,94,tess2025180145000-s0094-0000000006663331-0291-s_lc.fits,3.1810781,2457034.283,34.282999999821186,2.3544,3856.351492709667,3881.595555164394,3857.938876199821
8260536,48,tess2022027120115-s0048-0000000008260536-0219-s_lc.fits,4.77271,2459628.61781,2628.6178100002,3.127,2607.938171152305,2635.99124502575,2609.5269700002
8400842,19,tess2019331140908-s0019-0000000008400842-0164-s_lc.fits,3.19152309,2457424.98786,424.98786000022665,2.9638,1816.088331285004,1841.153427175838,1816.4919272402267
8400842,59,tess2022330142927-s0059-0000000008400842-0248-s_lc.fits,3.19152309,2457424.98786,424.98786000022665,2.9638,2910.275279938972,2936.691793746227,2911.1843471102266
8400842,73,tess2023341045131-s0073-0000000008400842-0268-s_lc.fits,3.19152309,2457424.98786,424.98786000022665,2.9638,3285.80293763433,3312.653774213301,3287.7840717302265
8400842,86,tess2024326142117-s0086-0000000008400842-0283-s_lc.fits,3.19152309,2457424.98786,424.98786000022665,2.9638,3636.264676519593,3662.831355129727,3638.8516116302267
8767448,21,tess2020020091053-s0021-0000000008767448-0167-s_lc.fits,4.35301,2458883.80332,1883.8033199999481,4.003,1870.440440763759,1897.78614966505,1870.7442899999483
9006668,2,tess2018234235059-s0002-0000000009006668-0121-s_lc.fits,1.273099,2460205.7524,3205.752400000114,1.587,1354.113062128065,1381.519919813019,1354.666454000114
9006668,29,tess2020238165205-s0029-0000000009006668-0193-s_lc.fits,1.273099,2460205.7524,3205.752400000114,1.587,2088.244722513377,2114.438950368053,2089.244577000114
9006668,69,tess2023237165326-s0069-0000000009006668-0264-s_lc.fits,1.273099,2460205.7524,3205.752400000114,1.587,3182.359476160889,3208.14407024253,3182.836618000114
9006668,96,tess2025232030459-s0096-0000000009006668-0293-s_lc.fits,1.273099,2460205.7524,3205.752400000114,1.587,3907.779438045244,3933.436473949781,3908.503048000114
10837041,30,tess2020266004630-s0030-0000000010837041-0195-s_lc.fits,0.7826942,2459116.0139,2116.0139000001363,1.0403706,2115.890309371901,2142.491734734731,2116.0139000001363
10837041,97,tess2025258001959-s0097-0000000010837041-0294-s_lc.fits,0.7826942,2459116.0139,2116.0139000001363,1.0403706,3933.665141367881,3988.289754927067,3934.2125266001367
11023038,92,tess2025127075000-s0092-0000000011023038-0289-s_lc.fits,28.380619,2457325.8175,325.81749999988824,4.9392,3802.98655793237,3829.639891088506,3816.633636999888
11439959,92,tess2025127075000-s0092-0000000011439959-0289-s_lc.fits,3.619188,2457313.27367,313.27367000002414,4.36848,3802.983812648377,3829.646866128835,3805.790090000024
11755687,87,tess2024353092137-s0087-0000000011755687-0284-s_lc.fits,3.052524,2458468.68524,1468.6852400000207,2.2564388,3663.058396655248,3689.188554828183,3663.4499960000207
12421862,2,tess2018234235059-s0002-0000000012421862-0121-s_lc.fits,10.215213,2459480.048,2480.0479999999516,2.26,1354.112447412229,1381.519637077359,1356.3745699999515
12421862,29,tess2020238165205-s0029-0000000012421862-0193-s_lc.fits,10.215213,2459480.048,2480.0479999999516,2.26,2088.244146621586,2114.438701981433,2091.8699059999517
12421862,69,tess2023237165326-s0069-0000000012421862-0264-s_lc.fits,10.215213,2459480.048,2480.0479999999516,2.26,3182.358875743184,3208.14378602374,3184.8976969999517
12421862,96,tess2025232030459-s0096-0000000012421862-0293-s_lc.fits,10.215213,2459480.048,2480.0479999999516,2.26,3907.778784210649,3933.440283460659,3910.1778199999517
13349647,8,tess2019032160000-s0008-0000000013349647-0136-s_lc.fits,1.53736596,2455569.83771,-1430.162289999891,1.81584,1517.368179287533,1542.005335088988,1518.5056212801092
13349647,34,tess2021014023720-s0034-0000000013349647-0204-s_lc.fits,1.53736596,2455569.83771,-1430.162289999891,1.81584,2228.771658734678,2254.070662369004,2230.306060760109
13349647,61,tess2023018032328-s0061-0000000013349647-0250-s_lc.fits,1.53736596,2455569.83771,-1430.162289999891,1.81584,2962.803374024386,2988.221674001671,2963.629623680109
13349647,88,tess2025014115807-s0088-0000000013349647-0285-s_lc.fits,1.53736596,2455569.83771,-1430.162289999891,1.81584,3690.163564258663,3717.929195426825,3690.803722760109
13349647,99,tess2026005125623-s0099-0000000013349647-0300-s_lc.fits,1.53736596,2455569.83771,-1430.162289999891,1.81584,4046.126891150085,4073.772084701641,4047.472625480109
14156936,71,tess2023289093419-s0071-0000000014156936-0266-s_lc.fits,4.9394392,2459712.57912,2712.579119999893,4.98,3234.550034815959,3259.862204849413,3236.159675199893
14227229,70,tess2023263165758-s0070-0000000014227229-0265-s_lc.fits,5.3518963,2459519.1348,2519.1348000001162,3.2362,3208.538313787604,3233.798577484753,3209.5294227001164
14227229,71,tess2023289093419-s0071-0000000014227229-0266-s_lc.fits,5.3518963,2459519.1348,2519.1348000001162,3.2362,3234.550017418388,3259.862200231916,3236.288904200116
14570090,44,tess2021284114741-s0044-0000000014570090-0215-s_lc.fits,18.718269,2457151.87653,151.87653000000864,6.888,2500.202936595131,2524.441443007238,2510.3784240000086
14570090,45,tess2021310001228-s0045-0000000014570090-0216-s_lc.fits,18.718269,2457151.87653,151.87653000000864,6.888,2525.727678200229,2550.628530339949,2529.0966930000086
14570090,46,tess2021336043614-s0046-0000000014570090-0217-s_lc.fits,18.718269,2457151.87653,151.87653000000864,6.888,2552.005002703503,2578.706625311128,2566.5332310000085
14570090,71,tess2023289093419-s0071-0000000014570090-0266-s_lc.fits,18.718269,2457151.87653,151.87653000000864,6.888,3235.243290237229,3259.862383371202,3240.3909150000086
14570090,72,tess2023315124025-s0072-0000000014570090-0267-s_lc.fits,18.718269,2457151.87653,151.87653000000864,6.888,3260.18463982708,3285.586839522084,3277.8274530000085
14570099,44,tess2021284114741-s0044-0000000014570099-0215-s_lc.fits,26.201446,2457164.3902,164.39019999979064,3.33,2500.20293439523,2524.441440715835,2522.520339999791
14570099,45,tess2021310001228-s0045-0000000014570099-0216-s_lc.fits,26.201446,2457164.3902,164.39019999979064,3.33,2525.727675912551,2550.628528400703,2548.721785999791
14570099,46,tess2021336043614-s0046-0000000014570099-0217-s_lc.fits,26.201446,2457164.3902,164.39019999979064,3.33,2552.005000791498,2578.706624196334,2574.923231999791
14570099,71,tess2023289093419-s0071-0000000014570099-0266-s_lc.fits,26.201446,2457164.3902,164.39019999979064,3.33,3235.243288006072,3259.862381127879,3256.160827999791
14570099,72,tess2023315124025-s0072-0000000014570099-0267-s_lc.fits,26.201446,2457164.3902,164.39019999979064,3.33,3260.184637585852,3285.586837701581,3282.362273999791
14770122,44,tess2021284114741-s0044-0000000014770122-0215-s_lc.fits,3.54387,2455208.75049,-1791.2495099999942,4.188,2500.194221628351,2524.442414507947,2500.377060000006
14770122,45,tess2021310001228-s0045-0000000014770122-0216-s_lc.fits,3.54387,2455208.75049,-1791.2495099999942,4.188,2525.730038951757,2550.629276106142,2528.728020000006
14770122,46,tess2021336043614-s0046-0000000014770122-0217-s_lc.fits,3.54387,2455208.75049,-1791.2495099999942,4.188,2552.008510821895,2578.706951436174,2553.535110000006
14770122,71,tess2023289093419-s0071-0000000014770122-0266-s_lc.fits,3.54387,2455208.75049,-1791.2495099999942,4.188,3234.038636057579,3259.956391304769,3237.5020200000063
14770122,72,tess2023315124025-s0072-0000000014770122-0267-s_lc.fits,3.54387,2455208.75049,-1791.2495099999942,4.188,3260.185583540298,3285.587525886427,3262.3091100000056
15756231,43,tess2021258175143-s0043-0000000015756231-0214-s_lc.fits,8.249164,2458293.34124,1293.3412399999797,4.89,2474.168782847828,2498.881908063026,2481.22085599998
15756231,44,tess2021284114741-s0044-0000000015756231-0215-s_lc.fits,8.249164,2458293.34124,1293.3412399999797,4.89,2500.193104695994,2524.445718494096,2505.96834799998
16005254,71,tess2023289093419-s0071-0000000016005254-0266-s_lc.fits,3.792622,2459848.9903,2848.9903000001796,1.773,3234.549822227146,3259.862123042038,3235.8377440001796
17307715,43,tess2021258175143-s0043-0000000017307715-0214-s_lc.fits,6.342,2457818.7153,818.715299999807,2.4096,2474.168400296418,2498.881615476446,2480.319299999807
17307715,44,tess2021284114741-s0044-0000000017307715-0215-s_lc.fits,6.342,2457818.7153,818.715299999807,2.4096,2500.19700268544,2524.445591731784,2505.687299999807
17307715,71,tess2023289093419-s0071-0000000017307715-0266-s_lc.fits,6.342,2457818.7153,818.715299999807,2.4096,3234.545512135332,3259.795391544146,3235.0172999998067
21276520,45,tess2021310001228-s0045-0000000021276520-0216-s_lc.fits,50.819172,2459534.0662,2534.0661999997683,3.7496,2526.009138487979,2550.628104346654,2534.0661999997683
21832928,25,tess2020133194932-s0025-0000000021832928-0182-s_lc.fits,16.34136,2458987.2663,1987.2662999997847,4.6981114,1983.643783514376,2009.309190907409,1987.2662999997847
21832928,26,tess2020160202036-s0026-0000000021832928-0188-s_lc.fits,16.34136,2458987.2663,1987.2662999997847,4.6981114,2010.270290022839,2035.137861512361,2019.9490199997847
21832928,52,tess2022138205153-s0052-0000000021832928-0224-s_lc.fits,16.34136,2458987.2663,1987.2662999997847,4.6981114,2718.637991980948,2743.079688613539,2722.627499999785
21832928,79,tess2024142205832-s0079-0000000021832928-0274-s_lc.fits,16.34136,2458987.2663,1987.2662999997847,4.6981114,3452.541426266301,3479.677445719109,3457.988699999785
22529346,7,tess2019006130736-s0007-0000000022529346-0131-s_lc.fits,1.27492504,2458661.56378,1661.5637799999677,2.9053,1491.633806927469,1516.0893416301,1491.9987496799677
22529346,33,tess2020351194500-s0033-0000000022529346-0203-s_lc.fits,1.27492504,2458661.56378,1661.5637799999677,2.9053,2201.734521158696,2227.575200096961,2202.1319969599676
22529346,34,tess2021014023720-s0034-0000000022529346-0204-s_lc.fits,1.27492504,2458661.56378,1661.5637799999677,2.9053,2228.768259103068,2254.06808253612,2228.9054227999677
22529346,61,tess2023018032328-s0061-0000000022529346-0250-s_lc.fits,1.27492504,2458661.56378,1661.5637799999677,2.9053,2962.801256651601,2988.223222219258,2963.262245839968
22529346,87,tess2024353092137-s0087-0000000022529346-0284-s_lc.fits,1.27492504,2458661.56378,1661.5637799999677,2.9053,3663.043096450637,3689.940717820136,3663.196092799968
22529346,88,tess2025014115807-s0088-0000000022529346-0285-s_lc.fits,1.27492504,2458661.56378,1661.5637799999677,2.9053,3690.154607336774,3717.926597565166,3691.244443679968
26017005,42,tess2021232031932-s0042-0000000026017005-0213-s_lc.fits,4.098503,2457063.80714,63.80714000016451,2.3208,2447.690636540785,2473.126341831918,2449.1358860001646
26017005,43,tess2021258175143-s0043-0000000026017005-0214-s_lc.fits,4.098503,2457063.80714,63.80714000016451,2.3208,2474.16948359258,2498.882406231614,2477.8254070001644
26017005,44,tess2021284114741-s0044-0000000026017005-0215-s_lc.fits,4.098503,2457063.80714,63.80714000016451,2.3208,2500.19220176164,2524.445914062571,2502.4164250001645
26017005,70,tess2023263165758-s0070-0000000026017005-0265-s_lc.fits,4.098503,2457063.80714,63.80714000016451,2.3208,3208.562505127261,3233.807294440305,3211.4574440001643
26017005,71,tess2023289093419-s0071-0000000026017005-0266-s_lc.fits,4.098503,2457063.80714,63.80714000016451,2.3208,3234.550394622657,3259.862307807124,3236.0484620001644
26416742,81,tess2024196212429-s0081-0000000026416742-0276-s_lc.fits,2.633867,2454967.56281,-2032.4371899999678,2.061,3506.553978654943,3533.179061520727,3506.585111000032
26416742,82,tess2024223182411-s0082-0000000026416742-0278-s_lc.fits,2.633867,2454967.56281,-2032.4371899999678,2.061,3533.394338805942,3559.248176577906,3535.557648000032
26416803,74,tess2024003055635-s0074-0000000026416803-0269-s_lc.fits,7.61760804,2454970.4959,-2029.5041000000201,3.479,3312.861774763236,3339.567047172988,3318.0567440799805
26416803,75,tess2024030031500-s0075-0000000026416803-0270-s_lc.fits,7.61760804,2454970.4959,-2029.5041000000201,3.479,3339.782324278875,3367.48112335568,3340.9095681999797
26416803,81,tess2024196212429-s0081-0000000026416803-0276-s_lc.fits,7.61760804,2454970.4959,-2029.5041000000201,3.479,3506.553983277562,3533.179065977804,3508.49694507998
26416803,82,tess2024223182411-s0082-0000000026416803-0278-s_lc.fits,7.61760804,2454970.4959,-2029.5041000000201,3.479,3533.394343259527,3559.248180015418,3538.96737723998
26417717,74,tess2024003055635-s0074-0000000026417717-0269-s_lc.fits,0.631332353,2454966.94403,-2033.0559700001031,1.1076,3312.861816043061,3339.567079945997,3313.0663952038967
26417717,75,tess2024030031500-s0075-0000000026417717-0270-s_lc.fits,0.631332353,2454966.94403,-2033.0559700001031,1.1076,3339.782356940125,3367.481139634035,3340.2136863828973
26417717,81,tess2024196212429-s0081-0000000026417717-0276-s_lc.fits,0.631332353,2454966.94403,-2033.0559700001031,1.1076,3506.55394268773,3533.179036579442,3506.885427574897
26417717,82,tess2024223182411-s0082-0000000026417717-0278-s_lc.fits,0.631332353,2454966.94403,-2033.0559700001031,1.1076,3533.394313967802,3559.248167212526,3533.4013864008966
26472830,80,tess2024170053053-s0080-0000000026472830-0275-s_lc.fits,3.0091324,2454964.62411,-2035.375889999792,2.269,3479.889391728942,3506.338476841145,3480.3637992002077
26472830,81,tess2024196212429-s0081-0000000026472830-0276-s_lc.fits,3.0091324,2454964.62411,-2035.375889999792,2.269,3506.553757788767,3533.178876442949,3507.445990800208
26472830,82,tess2024223182411-s0082-0000000026472830-0278-s_lc.fits,3.0091324,2454964.62411,-2035.375889999792,2.269,3533.394154122115,3559.248062107302,3534.5281824002077
26472830,83,tess2024249191853-s0083-0000000026472830-0280-s_lc.fits,3.0091324,2454964.62411,-2035.375889999792,2.269,3559.428614815749,3584.376665690057,3561.610374000208
26541144,74,tess2024003055635-s0074-0000000026541144-0269-s_lc.fits,22.12679948,2454977.93506,-2022.064939999953,3.686,3312.86189933089,3339.56714554929,3332.620534160047
26541144,75,tess2024030031500-s0075-0000000026541144-0270-s_lc.fits,22.12679948,2454977.93506,-2022.064939999953,3.686,3339.782422314779,3367.481171532648,3354.747333640047
26541144,81,tess2024196212429-s0081-0000000026541144-0276-s_lc.fits,22.12679948,2454977.93506,-2022.064939999953,3.686,3506.553860985129,3533.178977932663,3509.6349300000466
26541144,82,tess2024223182411-s0082-0000000026541144-0278-s_lc.fits,22.12679948,2454977.93506,-2022.064939999953,3.686,3533.394255539185,3559.248142383932,3553.8885289600466
26547036,15,tess2019226182529-s0015-0000000026547036-0151-s_lc.fits,141.834025,2458712.30168,1712.3016800000332,8.681,1711.366018515349,1737.411641143856,1712.3016800000332
26547036,56,tess2022244194134-s0056-0000000026547036-0243-s_lc.fits,141.834025,2458712.30168,1712.3016800000332,8.681,2825.25846148557,2853.139949216624,2846.973880000033
26547036,82,tess2024223182411-s0082-0000000026547036-0278-s_lc.fits,141.834025,2458712.30168,1712.3016800000332,8.681,3533.393906547121,3559.247918696082,3556.1440050000333
26582909,81,tess2024196212429-s0081-0000000026582909-0276-s_lc.fits,27.5722742,2454978.39277,-2021.607230000198,5.292,3506.553813963351,3533.178939866715,3520.4198841998023
26582909,82,tess2024223182411-s0082-0000000026582909-0278-s_lc.fits,27.5722742,2454978.39277,-2021.607230000198,5.292,3533.394217567301,3559.248120398782,3547.992158399802
26584326,74,tess2024003055635-s0074-0000000026584326-0269-s_lc.fits,4.959319244,2455005.25853,-1994.7414699997753,2.22739,3312.861847196965,3339.567091910931,3316.689440324224
26584326,75,tess2024030031500-s0075-0000000026584326-0270-s_lc.fits,4.959319244,2455005.25853,-1994.7414699997753,2.22739,3339.782368727642,3367.481128742101,3341.4860365442246
26584326,81,tess2024196212429-s0081-0000000026584326-0276-s_lc.fits,4.959319244,2455005.25853,-1994.7414699997753,2.22739,3506.553916851911,3533.179030829922,3510.102890840224
26584326,82,tess2024223182411-s0082-0000000026584326-0278-s_lc.fits,4.959319244,2455005.25853,-1994.7414699997753,2.22739,3533.394308381962,3559.24818219285,3534.8994870602246
26656435,81,tess2024196212429-s0081-0000000026656435-0276-s_lc.fits,14.2563227,2454966.405,-2033.595000000205,4.389,3506.553850876903,3533.178984640979,3512.1145302997948
26656435,82,tess2024223182411-s0082-0000000026656435-0278-s_lc.fits,14.2563227,2454966.405,-2033.595000000205,4.389,3533.394262377887,3559.248164228103,3540.627175699795
26656768,74,tess2024003055635-s0074-0000000026656768-0269-s_lc.fits,9.4060467,2454970.7175,-2029.282500000205,5.161,3312.861939182299,3339.567163008795,3313.3520255997946
26656768,75,tess2024030031500-s0075-0000000026656768-0270-s_lc.fits,9.4060467,2454970.7175,-2029.282500000205,5.161,3339.782439563106,3367.481161510686,3341.5701656997944
26656768,81,tess2024196212429-s0081-0000000026656768-0276-s_lc.fits,9.4060467,2454970.7175,-2029.282500000205,5.161,3506.553827125733,3533.178967803133,3510.879006299795
26656768,82,tess2024223182411-s0082-0000000026656768-0278-s_lc.fits,9.4060467,2454970.7175,-2029.282500000205,5.161,3533.394245605233,3559.248157387306,3539.097146399795
26657021,81,tess2024196212429-s0081-0000000026657021-0276-s_lc.fits,5.86601526,2454969.35597,-2030.6440300000831,3.978,3506.553807549449,3533.178950308238,3506.8743754399175
26657021,82,tess2024223182411-s0082-0000000026657021-0278-s_lc.fits,5.86601526,2454969.35597,-2030.6440300000831,3.978,3533.394228137114,3559.248145294781,3536.204451739917
26657021,83,tess2024249191853-s0083-0000000026657021-0280-s_lc.fits,5.86601526,2454969.35597,-2030.6440300000831,3.978,3559.42869802197,3584.376742540351,3559.6685127799174
26814296,74,tess2024003055635-s0074-0000000026814296-0269-s_lc.fits,6.2216147,2454964.99143,-2035.0085700000636,3.2606,3312.861911647049,3339.56712196308,3315.580071999936
26814296,75,tess2024030031500-s0075-0000000026814296-0270-s_lc.fits,6.2216147,2454964.99143,-2035.0085700000636,3.2606,3339.782398450802,3367.481115828615,3340.4665307999367
26814296,81,tess2024196212429-s0081-0000000026814296-0276-s_lc.fits,6.2216147,2454964.99143,-2035.0085700000636,3.2606,3506.553861409812,3533.179012111503,3508.4501276999363
26814296,82,tess2024223182411-s0082-0000000026814296-0278-s_lc.fits,6.2216147,2454964.99143,-2035.0085700000636,3.2606,3533.394289967852,3559.248202954359,3539.558201199936
26817284,74,tess2024003055635-s0074-0000000026817284-0269-s_lc.fits,4.977656,2454967.67151,-2032.3284900002182,2.553,3312.861832099062,3339.567042442335,3313.674053999782
26817284,75,tess2024030031500-s0075-0000000026817284-0270-s_lc.fits,4.977656,2454967.67151,-2032.3284900002182,2.553,3339.782319024819,3367.481054752946,3343.539989999781
26817284,81,tess2024196212429-s0081-0000000026817284-0276-s_lc.fits,4.977656,2454967.67151,-2032.3284900002182,2.553,3506.553945779954,3533.179089833398,3507.802637999782
26817284,82,tess2024223182411-s0082-0000000026817284-0278-s_lc.fits,4.977656,2454967.67151,-2032.3284900002182,2.553,3533.394367591726,3559.248259213343,3537.668573999781
26817863,74,tess2024003055635-s0074-0000000026817863-0269-s_lc.fits,6.91134416,2454969.6481,-2030.3519000001252,5.6555,3312.861865548211,3339.567075817677,3319.0284798398743
26817863,75,tess2024030031500-s0075-0000000026817863-0270-s_lc.fits,6.91134416,2454969.6481,-2030.3519000001252,5.6555,3339.782352359881,3367.481080321709,3346.6738564798743
26817863,81,tess2024196212429-s0081-0000000026817863-0276-s_lc.fits,6.91134416,2454969.6481,-2030.3519000001252,5.6555,3506.553910326599,3533.179057232452,3512.5461163198743
26817863,82,tess2024223182411-s0082-0000000026817863-0278-s_lc.fits,6.91134416,2454969.6481,-2030.3519000001252,5.6555,3533.394335032223,3559.248235677192,3540.1914929598743
27006192,74,tess2024003055635-s0074-0000000027006192-0269-s_lc.fits,10.065275,2454969.28185,-2030.718150000088,1.44,3312.862033052048,3339.567214091605,3313.9428749999115
27006192,75,tess2024030031500-s0075-0000000027006192-0270-s_lc.fits,10.065275,2454969.28185,-2030.718150000088,1.44,3339.782490220535,3367.481155976068,3344.138699999912
27006192,76,tess2024058030222-s0076-0000000027006192-0271-s_lc.fits,10.065275,2454969.28185,-2030.718150000088,1.44,3367.696430746008,3394.776065349581,3374.334524999912
27006192,81,tess2024196212429-s0081-0000000027006192-0276-s_lc.fits,10.065275,2454969.28185,-2030.718150000088,1.44,3506.553743625446,3533.178931122993,3515.248374999912
27006192,82,tess2024223182411-s0082-0000000027006192-0278-s_lc.fits,10.065275,2454969.28185,-2030.718150000088,1.44,3533.394209320905,3559.24817351013,3535.3789249999118
27006192,83,tess2024249191853-s0083-0000000027006192-0280-s_lc.fits,10.065275,2454969.28185,-2030.718150000088,1.44,3559.428726539999,3584.376811303739,3565.5747499999115
27007509,74,tess2024003055635-s0074-0000000027007509-0269-s_lc.fits,24.7576421,2454975.06892,-2024.9310800000094,7.361,3312.861952757257,3339.567140673817,3322.719613599991
27007509,75,tess2024030031500-s0075-0000000027007509-0270-s_lc.fits,24.7576421,2454975.06892,-2024.9310800000094,7.361,3339.782416948731,3367.481106759861,3347.4772556999906
27007509,81,tess2024196212429-s0081-0000000027007509-0276-s_lc.fits,24.7576421,2454975.06892,-2024.9310800000094,7.361,3506.553826216878,3533.179000760543,3520.780750399991
27007509,82,tess2024223182411-s0082-0000000027007509-0278-s_lc.fits,24.7576421,2454975.06892,-2024.9310800000094,7.361,3533.394278813868,3559.248217080659,3545.5383924999915
27007509,83,tess2024249191853-s0083-0000000027007509-0280-s_lc.fits,24.7576421,2454975.06892,-2024.9310800000094,7.361,3559.428769912971,3584.376821683678,3570.296034599991
27014562,81,tess2024196212429-s0081-0000000027014562-0276-s_lc.fits,49.276764,2454990.02543,-2009.9745700000785,3.696,3506.553746461906,3533.178936620823,3509.0229979999212
27014562,82,tess2024223182411-s0082-0000000027014562-0278-s_lc.fits,49.276764,2454990.02543,-2009.9745700000785,3.696,3533.394214836663,3559.248180548716,3558.2997619999214
27081773,76,tess2024058030222-s0076-0000000027081773-0271-s_lc.fits,3.35183158,2454964.64828,-2035.3517200001515,1.9405,3367.696428495933,3394.776050584858,3367.8007869598478
27081773,81,tess2024196212429-s0081-0000000027081773-0276-s_lc.fits,3.35183158,2454964.64828,-2035.3517200001515,1.9405,3506.553724691309,3533.178923345518,3508.577713319848
27081773,82,tess2024223182411-s0082-0000000027081773-0278-s_lc.fits,3.35183158,2454964.64828,-2035.3517200001515,1.9405,3533.394201637028,3559.248178129257,3535.3923659598486
27081773,83,tess2024249191853-s0083-0000000027081773-0280-s_lc.fits,3.35183158,2454964.64828,-2035.3517200001515,1.9405,3559.428731239918,3584.376827036338,3562.207018599848
27082724,74,tess2024003055635-s0074-0000000027082724-0269-s_lc.fits,12.73719978,2454969.01625,-2030.9837500001304,3.382,3312.861994848031,3339.567166953877,3318.640157599869
27082724,75,tess2024030031500-s0075-0000000027082724-0270-s_lc.fits,12.73719978,2454969.01625,-2030.9837500001304,3.382,3339.782443062783,3367.481110403894,3344.114557159869
27082724,81,tess2024196212429-s0081-0000000027082724-0276-s_lc.fits,12.73719978,2454969.01625,-2030.9837500001304,3.382,3506.553787507969,3533.178979968767,3509.698154299869
27082724,82,tess2024223182411-s0082-0000000027082724-0278-s_lc.fits,12.73719978,2454969.01625,-2030.9837500001304,3.382,3533.394258177855,3559.24821779673,3535.1725538598694
27082724,83,tess2024249191853-s0083-0000000027082724-0280-s_lc.fits,12.73719978,2454969.01625,-2030.9837500001304,3.382,3559.428770772931,3584.376843026332,3560.6469534198695
27083727,74,tess2024003055635-s0074-0000000027083727-0269-s_lc.fits,7.1,2454971.32271,-2028.6772900000215,5.1462,3312.861937320934,3339.567116190277,3317.6227099999787
27083727,75,tess2024030031500-s0075-0000000027083727-0270-s_lc.fits,7.1,2454971.32271,-2028.6772900000215,5.1462,3339.782392417229,3367.48107847641,3346.0227099999784
27083727,81,tess2024196212429-s0081-0000000027083727-0276-s_lc.fits,7.1,2454971.32271,-2028.6772900000215,5.1462,3506.553845989788,3533.179027495788,3509.3227099999785
27083727,82,tess2024223182411-s0082-0000000027083727-0278-s_lc.fits,7.1,2454971.32271,-2028.6772900000215,5.1462,3533.394305589159,3559.248245468303,3537.722709999978
27083727,83,tess2024249191853-s0083-0000000027083727-0280-s_lc.fits,7.1,2454971.32271,-2028.6772900000215,5.1462,3559.428798297006,3584.37684643311,3566.122709999978
27187386,74,tess2024003055635-s0074-0000000027187386-0269-s_lc.fits,16.45809937,2454967.01856,-2032.9814399997704,1.8214,3312.861977300517,3339.567145208193,3315.900855250229
27187386,75,tess2024030031500-s0075-0000000027187386-0270-s_lc.fits,16.45809937,2454967.01856,-2032.9814399997704,1.8214,3339.782421307321,3367.481089300124,3348.8170539902294
27187386,76,tess2024058030222-s0076-0000000027187386-0271-s_lc.fits,16.45809937,2454967.01856,-2032.9814399997704,1.8214,3367.696369722943,3394.776021298705,3381.7332527302297
27187386,81,tess2024196212429-s0081-0000000027187386-0276-s_lc.fits,16.45809937,2454967.01856,-2032.9814399997704,1.8214,3506.553807698577,3533.1790025254,3513.3980476902298
27187386,82,tess2024223182411-s0082-0000000027187386-0278-s_lc.fits,16.45809937,2454967.01856,-2032.9814399997704,1.8214,3533.394280740308,3559.248238320751,3546.314246430229
27187386,83,tess2024249191853-s0083-0000000027187386-0280-s_lc.fits,16.45809937,2454967.01856,-2032.9814399997704,1.8214,3559.428791272389,3584.376857805024,3562.7723458002292
27239111,74,tess2024003055635-s0074-0000000027239111-0269-s_lc.fits,2.78815679,2454964.85216,-2035.1478400002234,3.326,3312.861866563469,3339.567029864125,3315.325040009777
27239111,75,tess2024030031500-s0075-0000000027239111-0270-s_lc.fits,2.78815679,2454964.85216,-2035.1478400002234,3.326,3339.782306060576,3367.480995845862,3340.4184511197764
27239111,81,tess2024196212429-s0081-0000000027239111-0276-s_lc.fits,2.78815679,2454964.85216,-2035.1478400002234,3.326,3506.553926893897,3533.179116701123,3507.707858519777
27239111,82,tess2024223182411-s0082-0000000027239111-0278-s_lc.fits,2.78815679,2454964.85216,-2035.1478400002234,3.326,3533.394394809163,3559.24832560279,3535.589426419777
27239856,81,tess2024196212429-s0081-0000000027239856-0276-s_lc.fits,38.1312831,2454992.3666,-2007.6334000001661,6.345,3506.553886488234,3533.179080853586,3521.4026494998334
27239856,83,tess2024249191853-s0083-0000000027239856-0280-s_lc.fits,38.1312831,2454992.3666,-2007.6334000001661,6.345,3559.428853926999,3584.376894025556,3559.533932599834
27240404,74,tess2024003055635-s0074-0000000027240404-0269-s_lc.fits,1.916944254,2454965.46704,-2034.5329599999823,1.4629,3312.861935535589,3339.567094819451,3313.7415086600176
27240404,75,tess2024030031500-s0075-0000000027240404-0270-s_lc.fits,1.916944254,2454965.46704,-2034.5329599999823,1.4629,3339.782370904609,3367.481041553777,3340.578728216017
27240404,76,tess2024058030222-s0076-0000000027240404-0271-s_lc.fits,1.916944254,2454965.46704,-2034.5329599999823,1.4629,3367.696322055059,3394.775986818116,3369.3328920260174
27240404,81,tess2024196212429-s0081-0000000027240404-0276-s_lc.fits,1.916944254,2454965.46704,-2034.5329599999823,1.4629,3506.553855240732,3533.179054451988,3507.3528783140173
27240404,82,tess2024223182411-s0082-0000000027240404-0278-s_lc.fits,1.916944254,2454965.46704,-2034.5329599999823,1.4629,3533.394332671321,3559.248284529485,3534.190097870018
27240404,83,tess2024249191853-s0083-0000000027240404-0280-s_lc.fits,1.916944254,2454965.46704,-2034.5329599999823,1.4629,3559.428837418608,3584.376889976631,3561.0273174260174
27240575,76,tess2024058030222-s0076-0000000027240575-0271-s_lc.fits,6.647520065,2454970.13371,-2029.8662899998017,1.961,3367.696333940831,3394.775996080352,3367.920002780198
27240575,81,tess2024196212429-s0081-0000000027240575-0276-s_lc.fits,6.647520065,2454970.13371,-2029.8662899998017,1.961,3506.553844458694,3533.179042022557,3507.517924145199
27240575,82,tess2024223182411-s0082-0000000027240575-0278-s_lc.fits,6.647520065,2454970.13371,-2029.8662899998017,1.961,3533.394320236302,3559.24827288446,3534.1080044051987
27240575,83,tess2024249191853-s0083-0000000027240575-0280-s_lc.fits,6.647520065,2454970.13371,-2029.8662899998017,1.961,3559.428825785108,3584.376881235703,3560.6980846651986
27530621,76,tess2024058030222-s0076-0000000027530621-0271-s_lc.fits,41.43962808,2455041.93112,-1958.0688800001517,10.6468,3367.696268797844,3394.775936575359,3387.6431423198483
27530621,81,tess2024196212429-s0081-0000000027530621-0276-s_lc.fits,41.43962808,2455041.93112,-1958.0688800001517,10.6468,3506.553889467069,3533.179103343629,3511.962026559848
27530621,82,tess2024223182411-s0082-0000000027530621-0278-s_lc.fits,41.43962808,2455041.93112,-1958.0688800001517,10.6468,3533.394381652369,3559.248338331641,3553.401654639848
27532128,76,tess2024058030222-s0076-0000000027532128-0271-s_lc.fits,23.9109011,2454983.5316,-2016.468400000129,5.055,3367.696321952614,3394.775959114762,3387.3952485998716
27532128,81,tess2024196212429-s0081-0000000027532128-0276-s_lc.fits,23.9109011,2454983.5316,-2016.468400000129,5.055,3506.553810802326,3533.179033052058,3506.949754099871
27532128,82,tess2024223182411-s0082-0000000027532128-0278-s_lc.fits,23.9109011,2454983.5316,-2016.468400000129,5.055,3533.394311468365,3559.248289756882,3554.771556299871
27532128,83,tess2024249191853-s0083-0000000027532128-0280-s_lc.fits,23.9109011,2454983.5316,-2016.468400000129,5.055,3559.428842821908,3584.376919940771,3578.682457399871
27534138,40,tess2021175071901-s0040-0000000027534138-0211-s_lc.fits,7.51464,2454969.17528,-2030.8247199999169,4.965,2390.654237142143,2418.856150473245,2395.298240000083
27534138,41,tess2021204101404-s0041-0000000027534138-0212-s_lc.fits,7.51464,2454969.17528,-2030.8247199999169,4.965,2419.9908849927,2446.581262247958,2425.3568000000832
27534138,54,tess2022190063128-s0054-0000000027534138-0227-s_lc.fits,7.51464,2454969.17528,-2030.8247199999169,4.965,2769.900202986029,2796.131078516097,2771.030240000083
27534138,55,tess2022217014003-s0055-0000000027534138-0242-s_lc.fits,7.51464,2454969.17528,-2030.8247199999169,4.965,2797.101916028489,2824.265720854849,2801.088800000083
27534138,74,tess2024003055635-s0074-0000000027534138-0269-s_lc.fits,7.51464,2454969.17528,-2030.8247199999169,4.965,3312.862094785463,3339.567229762155,3319.598960000083
27534138,75,tess2024030031500-s0075-0000000027534138-0270-s_lc.fits,7.51464,2454969.17528,-2030.8247199999169,4.965,3339.782505480488,3367.481119802219,3342.142880000083
27534138,76,tess2024058030222-s0076-0000000027534138-0271-s_lc.fits,7.51464,2454969.17528,-2030.8247199999169,4.965,3367.696399736675,3394.775991945745,3372.2014400000835
27534138,81,tess2024196212429-s0081-0000000027534138-0276-s_lc.fits,7.51464,2454969.17528,-2030.8247199999169,4.965,3506.553695441843,3533.1789300699,3507.464960000083
27534138,82,tess2024223182411-s0082-0000000027534138-0278-s_lc.fits,7.51464,2454969.17528,-2030.8247199999169,4.965,3533.394208645231,3559.248218700811,3537.5235200000834
27534138,83,tess2024249191853-s0083-0000000027534138-0280-s_lc.fits,7.51464,2454969.17528,-2030.8247199999169,4.965,3559.428772017062,3584.376892796909,3560.0674400000835
27534458,40,tess2021175071901-s0040-0000000027534458-0211-s_lc.fits,8.05333618,2454967.96049,-2032.0395100000314,5.277,2390.654218390313,2418.856132712923,2397.295388999969
27534458,41,tess2021204101404-s0041-0000000027534458-0212-s_lc.fits,8.05333618,2454967.96049,-2032.0395100000314,5.277,2419.990867358456,2446.581249306533,2421.4553975399685
27534458,54,tess2022190063128-s0054-0000000027534458-0227-s_lc.fits,8.05333618,2454967.96049,-2032.0395100000314,5.277,2769.900184144675,2796.131062367429,2775.8021894599688
27534458,55,tess2022217014003-s0055-0000000027534458-0242-s_lc.fits,8.05333618,2454967.96049,-2032.0395100000314,5.277,2797.101900032092,2824.265711010537,2799.9621979999692
27534458,74,tess2024003055635-s0074-0000000027534458-0269-s_lc.fits,8.05333618,2454967.96049,-2032.0395100000314,5.277,3312.862113126115,3339.567245883,3315.3757135199685
27534458,75,tess2024030031500-s0075-0000000027534458-0270-s_lc.fits,8.05333618,2454967.96049,-2032.0395100000314,5.277,3339.782521563498,3367.481129866207,3347.589058239969
27534458,81,tess2024196212429-s0081-0000000027534458-0276-s_lc.fits,8.05333618,2454967.96049,-2032.0395100000314,5.277,3506.553676819466,3533.178914998074,3508.6557818399688
27534458,82,tess2024223182411-s0082-0000000027534458-0278-s_lc.fits,8.05333618,2454967.96049,-2032.0395100000314,5.277,3533.394193610425,3559.248210000047,3540.869126559969
27534458,83,tess2024249191853-s0083-0000000027534458-0280-s_lc.fits,8.05333618,2454967.96049,-2032.0395100000314,5.277,3559.428763363562,3584.376891849171,3565.0291350999687
27626711,34,tess2021014023720-s0034-0000000027626711-0204-s_lc.fits,11.02066,2457150.2894,150.28940000012517,4.32,2228.772494146955,2254.070914545176,2233.194140000125
27626711,44,tess2021284114741-s0044-0000000027626711-0215-s_lc.fits,11.02066,2457150.2894,150.28940000012517,4.32,2500.202998887155,2524.441495095342,2508.710640000125
27626711,45,tess2021310001228-s0045-0000000027626711-0216-s_lc.fits,11.02066,2457150.2894,150.28940000012517,4.32,2525.726340406828,2550.628561045374,2530.751960000125
27626711,46,tess2021336043614-s0046-0000000027626711-0217-s_lc.fits,11.02066,2457150.2894,150.28940000012517,4.32,2551.998087596692,2578.706626402124,2552.793280000125
27626711,71,tess2023289093419-s0071-0000000027626711-0266-s_lc.fits,11.02066,2457150.2894,150.28940000012517,4.32,3234.037682047485,3259.955495427913,3236.074200000125
27626711,72,tess2023315124025-s0072-0000000027626711-0267-s_lc.fits,11.02066,2457150.2894,150.28940000012517,4.32,3260.184688061159,3285.586865559254,3269.136180000125
27635334,44,tess2021284114741-s0044-0000000027635334-0215-s_lc.fits,4.733999,2457145.09609,145.09609000012279,3.5496,2500.203029806133,2524.441535501703,2502.6275920001226
27635334,45,tess2021310001228-s0045-0000000027635334-0216-s_lc.fits,4.733999,2457145.09609,145.09609000012279,3.5496,2525.726381037987,2550.628603624976,2526.297587000123
27635334,46,tess2021336043614-s0046-0000000027635334-0217-s_lc.fits,4.733999,2457145.09609,145.09609000012279,3.5496,2551.998129934383,2578.706661513917,2554.7015810001226
27635334,71,tess2023289093419-s0071-0000000027635334-0266-s_lc.fits,4.733999,2457145.09609,145.09609000012279,3.5496,3234.037714483297,3259.955536695515,3236.397437000123
27635334,72,tess2023315124025-s0072-0000000027635334-0267-s_lc.fits,4.733999,2457145.09609,145.09609000012279,3.5496,3260.184729327131,3285.586907458292,3264.8014310001226
27639443,74,tess2024003055635-s0074-0000000027639443-0269-s_lc.fits,0.646716,2454833.206,-2166.7940000002272,1.7,3312.862088870051,3339.567214981484,3313.4773839997724
27639443,75,tess2024030031500-s0075-0000000027639443-0270-s_lc.fits,0.646716,2454833.206,-2166.7940000002272,1.7,3339.782490641958,3367.481099165042,3339.9927399997723
27639443,76,tess2024058030222-s0076-0000000027639443-0271-s_lc.fits,0.646716,2454833.206,-2166.7940000002272,1.7,3367.696379074935,3394.775970175149,3367.8015279997726
27639443,81,tess2024196212429-s0081-0000000027639443-0276-s_lc.fits,0.646716,2454833.206,-2166.7940000002272,1.7,3506.553705047038,3533.178947263745,3506.845467999772
27639443,82,tess2024223182411-s0082-0000000027639443-0278-s_lc.fits,0.646716,2454833.206,-2166.7940000002272,1.7,3533.394225890065,3559.248239997015,3534.0075399997722
27639443,83,tess2024249191853-s0083-0000000027639443-0280-s_lc.fits,0.646716,2454833.206,-2166.7940000002272,1.7,3559.428793329564,3584.376914126524,3559.876179999773
27642556,76,tess2024058030222-s0076-0000000027642556-0271-s_lc.fits,3.53232449,2454967.74478,-2032.2552200001664,2.8072,3367.69627995113,3394.775936796781,3368.668925209834
27642556,81,tess2024196212429-s0081-0000000027642556-0276-s_lc.fits,3.53232449,2454967.74478,-2032.2552200001664,2.8072,3506.553865693431,3533.179085084585,3509.961904809834
27642556,82,tess2024223182411-s0082-0000000027642556-0278-s_lc.fits,3.53232449,2454967.74478,-2032.2552200001664,2.8072,3533.394363447806,3559.24832897604,3534.6881762398334
27642556,83,tess2024249191853-s0083-0000000027642556-0280-s_lc.fits,3.53232449,2454967.74478,-2032.2552200001664,2.8072,3559.428881934663,3584.37693956234,3562.946772159834
27644083,74,tess2024003055635-s0074-0000000027644083-0269-s_lc.fits,3.709213846,2454966.98373,-2033.016270000022,2.5575,3312.861862730262,3339.567002856469,3315.670095931978
27644083,75,tess2024030031500-s0075-0000000027644083-0270-s_lc.fits,3.709213846,2454966.98373,-2033.016270000022,2.5575,3339.782278888076,3367.480950836206,3341.6345928539777
27644083,81,tess2024196212429-s0081-0000000027644083-0276-s_lc.fits,3.709213846,2454966.98373,-2033.016270000022,2.5575,3506.553939664192,3533.179150277631,3508.5492159239784
27644083,82,tess2024223182411-s0082-0000000027644083-0278-s_lc.fits,3.709213846,2454966.98373,-2033.016270000022,2.5575,3533.394428532819,3559.248373038308,3534.5137128459783
27649489,75,tess2024030031500-s0075-0000000027649489-0270-s_lc.fits,40.0306015,2454981.8491,-2018.150899999775,4.979,3339.782402962129,3367.481034252906,3345.949701000225
27649489,76,tess2024058030222-s0076-0000000027649489-0271-s_lc.fits,40.0306015,2454981.8491,-2018.150899999775,4.979,3367.696314431253,3394.775942235239,3385.9803025002257
27649489,82,tess2024223182411-s0082-0000000027649489-0278-s_lc.fits,40.0306015,2454981.8491,-2018.150899999775,4.979,3533.394310837394,3559.248299171273,3546.102708500225
27769737,74,tess2024003055635-s0074-0000000027769737-0269-s_lc.fits,1.22621732,2454965.68683,-2034.3131699999794,2.1486,3312.861910776378,3339.567035742633,3313.2205625200204
27769737,75,tess2024030031500-s0075-0000000027769737-0270-s_lc.fits,1.22621732,2454965.68683,-2034.3131699999794,2.1486,3339.782311605904,3367.480960237907,3340.1973435600203
27769737,76,tess2024058030222-s0076-0000000027769737-0271-s_lc.fits,1.22621732,2454965.68683,-2034.3131699999794,2.1486,3367.69624064955,3394.775901855886,3368.4003419200208
27769737,81,tess2024196212429-s0081-0000000027769737-0276-s_lc.fits,1.22621732,2454965.68683,-2034.3131699999794,2.1486,3506.553894393533,3533.17912282713,3506.96289908002
27769737,82,tess2024223182411-s0082-0000000027769737-0278-s_lc.fits,1.22621732,2454965.68683,-2034.3131699999794,2.1486,3533.394401240411,3559.248368282509,3533.93968012002
27769737,83,tess2024249191853-s0083-0000000027769737-0280-s_lc.fits,1.22621732,2454965.68683,-2034.3131699999794,2.1486,3559.42892123112,3584.376973132561,3559.6902438400202
27776660,74,tess2024003055635-s0074-0000000027776660-0269-s_lc.fits,2.757982666,2454964.87883,-2035.1211700001732,2.2906,3312.862034926684,3339.567150959576,3315.3652020398276
27776660,75,tess2024030031500-s0075-0000000027776660-0270-s_lc.fits,2.757982666,2454964.87883,-2035.1211700001732,2.2906,3339.782426609806,3367.481039420117,3340.187046033827
27776660,76,tess2024058030222-s0076-0000000027776660-0271-s_lc.fits,2.757982666,2454964.87883,-2035.1211700001732,2.2906,3367.696319436646,3394.77592798158,3367.7668726938273
27776660,81,tess2024196212429-s0081-0000000027776660-0276-s_lc.fits,2.757982666,2454964.87883,-2035.1211700001732,2.2906,3506.553766054954,3533.179012968552,3508.423988659827
27776660,82,tess2024223182411-s0082-0000000027776660-0278-s_lc.fits,2.757982666,2454964.87883,-2035.1211700001732,2.2906,3533.394291593942,3559.248297635638,3536.0038153198275
27776660,83,tess2024249191853-s0083-0000000027776660-0280-s_lc.fits,2.757982666,2454964.87883,-2035.1211700001732,2.2906,3559.428850883786,3584.376953354529,3560.8256593138276
27845000,74,tess2024003055635-s0074-0000000027845000-0269-s_lc.fits,17.2923453,2454968.74985,-2031.2501500002109,6.724,3312.862069010761,3339.567179570504,3329.3768929997896
27845000,75,tess2024030031500-s0075-0000000027845000-0270-s_lc.fits,17.2923453,2454968.74985,-2031.2501500002109,6.724,3339.782455140407,3367.481055676352,3346.66923829979
27845000,76,tess2024058030222-s0076-0000000027845000-0271-s_lc.fits,17.2923453,2454968.74985,-2031.2501500002109,6.724,3367.696335569947,3394.775928481001,3381.2539288997896
27845000,81,tess2024196212429-s0081-0000000027845000-0276-s_lc.fits,17.2923453,2454968.74985,-2031.2501500002109,6.724,3506.553731954694,3533.178986695011,3519.5926912997893
27845000,82,tess2024223182411-s0082-0000000027845000-0278-s_lc.fits,17.2923453,2454968.74985,-2031.2501500002109,6.724,3533.394265398166,3559.248284068131,3536.8850365997896
27845000,83,tess2024249191853-s0083-0000000027845000-0280-s_lc.fits,17.2923453,2454968.74985,-2031.2501500002109,6.724,3559.428837408829,3584.376954551744,3571.4697271997893
27846759,74,tess2024003055635-s0074-0000000027846759-0269-s_lc.fits,5.1762429,2454966.7437,-2033.2563000000082,5.15,3312.861987706883,3339.567097296769,3313.802615699992
27846759,75,tess2024030031500-s0075-0000000027846759-0270-s_lc.fits,5.1762429,2454966.7437,-2033.2563000000082,5.15,3339.782372955847,3367.480991441405,3344.8600730999915
27846759,76,tess2024058030222-s0076-0000000027846759-0271-s_lc.fits,5.1762429,2454966.7437,-2033.2563000000082,5.15,3367.696271562009,3394.775896304039,3370.7412875999917
27846759,81,tess2024196212429-s0081-0000000027846759-0276-s_lc.fits,5.1762429,2454966.7437,-2033.2563000000082,5.15,3506.553818564317,3533.179067420189,3510.4998458999917
27846759,82,tess2024223182411-s0082-0000000027846759-0278-s_lc.fits,5.1762429,2454966.7437,-2033.2563000000082,5.15,3533.394346029048,3559.248343496989,3536.381060399992
27846759,83,tess2024249191853-s0083-0000000027846759-0280-s_lc.fits,5.1762429,2454966.7437,-2033.2563000000082,5.15,3559.428896663762,3584.376982471049,3562.262274899992
27847148,74,tess2024003055635-s0074-0000000027847148-0269-s_lc.fits,7.378689766,2454968.8196,-2031.1803999999538,3.207,3312.861969111514,3339.567082122498,3318.369680350046
27847148,75,tess2024030031500-s0075-0000000027847148-0270-s_lc.fits,7.378689766,2454968.8196,-2031.1803999999538,3.207,3339.78235782884,3367.480983362181,3340.505749648046
27847148,76,tess2024058030222-s0076-0000000027847148-0271-s_lc.fits,7.378689766,2454968.8196,-2031.1803999999538,3.207,3367.696263551703,3394.775896992636,3370.0205087120457
27847148,81,tess2024196212429-s0081-0000000027847148-0276-s_lc.fits,7.378689766,2454968.8196,-2031.1803999999538,3.207,3506.553837004504,3533.179081193519,3510.215614266046
27847148,82,tess2024223182411-s0082-0000000027847148-0278-s_lc.fits,7.378689766,2454968.8196,-2031.1803999999538,3.207,3533.394359756975,3559.248350058855,3539.730373330046
27847148,83,tess2024249191853-s0083-0000000027847148-0280-s_lc.fits,7.378689766,2454968.8196,-2031.1803999999538,3.207,3559.428903173707,3584.376980862771,3561.8664426280466
27847814,74,tess2024003055635-s0074-0000000027847814-0269-s_lc.fits,77.2548396,2454992.32241,-2007.6775899999775,10.294,3312.86193665434,3339.567049533192,3322.9063424000224
27847814,82,tess2024223182411-s0082-0000000027847814-0278-s_lc.fits,77.2548396,2454992.32241,-2007.6775899999775,10.294,3533.394391614726,3559.248373290463,3554.670861200022
27912377,76,tess2024058030222-s0076-0000000027912377-0271-s_lc.fits,34.45859909,2454980.82941,-2019.170590000227,7.434,3367.696290138169,3394.775893018333,3390.8294671297726
27912377,81,tess2024196212429-s0081-0000000027912377-0276-s_lc.fits,34.45859909,2454980.82941,-2019.170590000227,7.434,3506.553773077359,3533.179034162893,3528.6638634897727
27912377,83,tess2024249191853-s0083-0000000027912377-0280-s_lc.fits,34.45859909,2454980.82941,-2019.170590000227,7.434,3559.428881889959,3584.37698802697,3563.122462579773
27913639,74,tess2024003055635-s0074-0000000027913639-0269-s_lc.fits,2.787868386,2454966.90434,-2033.0956600001082,2.0252,3312.861972436801,3339.567076362733,3314.035904347892
27913639,75,tess2024030031500-s0075-0000000027913639-0270-s_lc.fits,2.787868386,2454966.90434,-2033.0956600001082,2.0252,3339.782351998761,3367.480969427034,3341.914588207892
27913639,76,tess2024058030222-s0076-0000000027913639-0271-s_lc.fits,2.787868386,2454966.90434,-2033.0956600001082,2.0252,3367.696249564868,3394.77587815035,3369.793272067892
27913639,81,tess2024196212429-s0081-0000000027913639-0276-s_lc.fits,2.787868386,2454966.90434,-2033.0956600001082,2.0252,3506.553836889253,3533.179089636424,3509.1866913678914
27913639,82,tess2024223182411-s0082-0000000027913639-0278-s_lc.fits,2.787868386,2454966.90434,-2033.0956600001082,2.0252,3533.394368263908,3559.248365236619,3534.2775068418914
27913639,83,tess2024249191853-s0083-0000000027913639-0280-s_lc.fits,2.787868386,2454966.90434,-2033.0956600001082,2.0252,3559.428918388491,3584.37699974231,3562.1561907018913
27990610,41,tess2021204101404-s0041-0000000027990610-0212-s_lc.fits,2.816504852,2455003.96769,-1996.0323100001551,2.50522,2419.991066582674,2446.58145349761,2420.2472979358445
27990610,54,tess2022190063128-s0054-0000000027990610-0227-s_lc.fits,2.816504852,2455003.96769,-1996.0323100001551,2.50522,2769.900362140326,2796.131268788326,2772.310404435845
27990610,55,tess2022217014003-s0055-0000000027990610-0242-s_lc.fits,2.816504852,2455003.96769,-1996.0323100001551,2.50522,2797.102106996648,2824.265903744019,2797.6589481038445
27990610,56,tess2022244194134-s0056-0000000027990610-0243-s_lc.fits,2.816504852,2455003.96769,-1996.0323100001551,2.50522,2825.258946167491,2853.140325618675,2825.8239966238452
27990610,74,tess2024003055635-s0074-0000000027990610-0269-s_lc.fits,2.816504852,2455003.96769,-1996.0323100001551,2.50522,3312.861947952913,3339.567044172034,3313.079336019845
27990610,75,tess2024030031500-s0075-0000000027990610-0270-s_lc.fits,2.816504852,2455003.96769,-1996.0323100001551,2.50522,3339.782319780587,3367.480936623991,3341.2443845398448
27990610,76,tess2024058030222-s0076-0000000027990610-0271-s_lc.fits,2.816504852,2455003.96769,-1996.0323100001551,2.50522,3367.696216795585,3394.775852078673,3369.4094330598446
27990610,81,tess2024196212429-s0081-0000000027990610-0276-s_lc.fits,2.816504852,2455003.96769,-1996.0323100001551,2.50522,3506.553865754898,3533.179123489534,3507.418170807845
27990610,82,tess2024223182411-s0082-0000000027990610-0278-s_lc.fits,2.816504852,2455003.96769,-1996.0323100001551,2.50522,3533.394402136809,3559.248397441288,3535.5832193278447
27990610,83,tess2024249191853-s0083-0000000027990610-0280-s_lc.fits,2.816504852,2455003.96769,-1996.0323100001551,2.50522,3559.428950565686,3584.377024419797,3560.931762995845
27991150,76,tess2024058030222-s0076-0000000027991150-0271-s_lc.fits,2.440829992,2454966.84132,-2033.1586799998768,0.54,3367.696231355882,3394.775856332373,3368.3980922961227
27991150,81,tess2024196212429-s0081-0000000027991150-0276-s_lc.fits,2.440829992,2454966.84132,-2033.1586799998768,0.54,3506.553841111171,3533.179102739667,3507.525401840123
27991150,82,tess2024223182411-s0082-0000000027991150-0278-s_lc.fits,2.440829992,2454966.84132,-2033.1586799998768,0.54,3533.394381430248,3559.248384492179,3534.3745317521225
27991150,83,tess2024249191853-s0083-0000000027991150-0280-s_lc.fits,2.440829992,2454966.84132,-2033.1586799998768,0.54,3559.428937675716,3584.377021386712,3561.223661664123
27992970,41,tess2021204101404-s0041-0000000027992970-0212-s_lc.fits,3.568096926,2455002.74358,-1997.2564199999906,3.2455,2419.990954331761,2446.581361326012,2420.0475743880097
27992970,54,tess2022190063128-s0054-0000000027992970-0227-s_lc.fits,3.568096926,2455002.74358,-1997.2564199999906,3.2455,2769.900248096035,2796.131161943973,2773.2891700620094
27992970,55,tess2022217014003-s0055-0000000027992970-0242-s_lc.fits,3.568096926,2455002.74358,-1997.2564199999906,3.2455,2797.102000739262,2824.265827310841,2798.2658485440097
27992970,74,tess2024003055635-s0074-0000000027992970-0269-s_lc.fits,3.568096926,2455002.74358,-1997.2564199999906,3.2455,3312.862057601943,3339.567150100431,3315.6399028140095
27992970,76,tess2024058030222-s0076-0000000027992970-0271-s_lc.fits,3.568096926,2455002.74358,-1997.2564199999906,3.2455,3367.696293968,3394.775884364833,3369.1613567040094
27992970,81,tess2024196212429-s0081-0000000027992970-0276-s_lc.fits,3.568096926,2455002.74358,-1997.2564199999906,3.2455,3506.553750840053,3533.17902109504,3508.317136818009
27992970,82,tess2024223182411-s0082-0000000027992970-0278-s_lc.fits,3.568096926,2455002.74358,-1997.2564199999906,3.2455,3533.39429990227,3559.248326998842,3536.8619122260097
27992970,83,tess2024249191853-s0083-0000000027992970-0280-s_lc.fits,3.568096926,2455002.74358,-1997.2564199999906,3.2455,3559.428880374232,3584.376997801899,3561.838590708009
28084836,83,tess2024249191853-s0083-0000000028084836-0280-s_lc.fits,82.5342519,2455042.12641,-1957.8735899999738,4.8336,3559.428930412797,3584.377019972964,3571.921287300026
28089606,74,tess2024003055635-s0074-0000000028089606-0269-s_lc.fits,44.9309804,2454973.20427,-2026.7957299998961,6.498,3312.861892008133,3339.566978926834,3319.990937600104
28089606,75,tess2024030031500-s0075-0000000028089606-0270-s_lc.fits,44.9309804,2454973.20427,-2026.7957299998961,6.498,3339.782254533525,3367.480876754385,3364.9219180001046
28159518,41,tess2021204101404-s0041-0000000028159518-0212-s_lc.fits,37.815724,2454974.09798,-2025.9020199999213,4.631,2419.990996825682,2446.58140393565,2436.3534120000786
28159518,54,tess2022190063128-s0054-0000000028159518-0227-s_lc.fits,37.815724,2454974.09798,-2025.9020199999213,4.631,2769.900286628343,2796.131205582722,2776.694928000079
28159518,55,tess2022217014003-s0055-0000000028159518-0242-s_lc.fits,37.815724,2454974.09798,-2025.9020199999213,4.631,2797.10204445694,2824.26586709438,2814.510652000079
28159518,56,tess2022244194134-s0056-0000000028159518-0243-s_lc.fits,37.815724,2454974.09798,-2025.9020199999213,4.631,2825.258910615648,2853.140324710752,2852.326376000079
28159518,76,tess2024058030222-s0076-0000000028159518-0271-s_lc.fits,37.815724,2454974.09798,-2025.9020199999213,4.631,3367.696254113913,3394.775856092557,3381.746512000079
28159518,81,tess2024196212429-s0081-0000000028159518-0276-s_lc.fits,37.815724,2454974.09798,-2025.9020199999213,4.631,3506.553791486579,3533.17906494357,3533.009408000079
28159518,83,tess2024249191853-s0083-0000000028159518-0280-s_lc.fits,37.815724,2454974.09798,-2025.9020199999213,4.631,3559.428918849495,3584.377024098025,3570.825132000079
28229515,74,tess2024003055635-s0074-0000000028229515-0269-s_lc.fits,16.1779561,2454965.33629,-2034.6637099999934,5.269,3312.861880220965,3339.566964892269,3320.2397591000063
28229515,75,tess2024030031500-s0075-0000000028229515-0270-s_lc.fits,16.1779561,2454965.33629,-2034.6637099999934,5.269,3339.782240496165,3367.480863617148,3352.595671300006
28229515,76,tess2024058030222-s0076-0000000028229515-0271-s_lc.fits,16.1779561,2454965.33629,-2034.6637099999934,5.269,3367.69614392751,3394.775801544761,3368.7736274000063
28229515,83,tess2024249191853-s0083-0000000028229515-0280-s_lc.fits,16.1779561,2454965.33629,-2034.6637099999934,5.269,3559.429020687756,3584.377071242272,3562.9091006000062
28230581,41,tess2021204101404-s0041-0000000028230581-0212-s_lc.fits,13.15141081,2454977.16108,-2022.8389200000092,5.6035,2419.991197815803,2446.58158358987,2422.3379337799906
28230581,54,tess2022190063128-s0054-0000000028230581-0227-s_lc.fits,13.15141081,2454977.16108,-2022.8389200000092,5.6035,2769.900482038212,2796.131402934399,2777.426025649991
28230581,55,tess2022217014003-s0055-0000000028230581-0242-s_lc.fits,13.15141081,2454977.16108,-2022.8389200000092,5.6035,2797.102241331082,2824.266024499071,2803.728847269991
28230581,74,tess2024003055635-s0074-0000000028230581-0269-s_lc.fits,13.15141081,2454977.16108,-2022.8389200000092,5.6035,3312.861835952293,3339.566912787099,3316.633868859991
28230581,75,tess2024030031500-s0075-0000000028230581-0270-s_lc.fits,13.15141081,2454977.16108,-2022.8389200000092,5.6035,3339.782188386339,3367.480815376967,3342.936690479991
28230581,76,tess2024058030222-s0076-0000000028230581-0271-s_lc.fits,13.15141081,2454977.16108,-2022.8389200000092,5.6035,3367.696095777201,3394.775767878847,3369.239512099991
28230581,82,tess2024223182411-s0082-0000000028230581-0278-s_lc.fits,13.15141081,2454977.16108,-2022.8389200000092,5.6035,3533.394535857823,3559.248513435974,3540.207852629991
28230919,14,tess2019198215352-s0014-0000000028230919-0150-s_lc.fits,4.888,2454957.81321,-2042.1867900001816,2.35562,1683.355307824008,1710.206908098106,1687.3572099998182
28230919,15,tess2019226182529-s0015-0000000028230919-0151-s_lc.fits,4.888,2454957.81321,-2042.1867900001816,2.35562,1711.366631364068,1737.41220234969,1711.7972099998183
28230919,41,tess2021204101404-s0041-0000000028230919-0212-s_lc.fits,4.888,2454957.81321,-2042.1867900001816,2.35562,2419.991178936032,2446.581565832808,2420.557209999818
28230919,54,tess2022190063128-s0054-0000000028230919-0227-s_lc.fits,4.888,2454957.81321,-2042.1867900001816,2.35562,2769.900464206296,2796.13138402762,2772.4932099998186
28230919,55,tess2022217014003-s0055-0000000028230919-0242-s_lc.fits,4.888,2454957.81321,-2042.1867900001816,2.35562,2797.102222434081,2824.266008472639,2801.821209999818
28230919,56,tess2022244194134-s0056-0000000028230919-0243-s_lc.fits,4.888,2454957.81321,-2042.1867900001816,2.35562,2825.259050180855,2853.140395046096,2826.2612099998187
28230919,74,tess2024003055635-s0074-0000000028230919-0269-s_lc.fits,4.888,2454957.81321,-2042.1867900001816,2.35562,3312.861852776752,3339.566931376996,3315.061209999818
28230919,75,tess2024030031500-s0075-0000000028230919-0270-s_lc.fits,4.888,2454957.81321,-2042.1867900001816,2.35562,3339.782206969717,3367.480831509803,3344.3892099998184
28230919,76,tess2024058030222-s0076-0000000028230919-0271-s_lc.fits,4.888,2454957.81321,-2042.1867900001816,2.35562,3367.69611186999,3394.775777994407,3368.829209999818
28230919,82,tess2024223182411-s0082-0000000028230919-0278-s_lc.fits,4.888,2454957.81321,-2042.1867900001816,2.35562,3533.394517147087,3559.248498118977,3535.021209999818
28230919,83,tess2024249191853-s0083-0000000028230919-0280-s_lc.fits,4.888,2454957.81321,-2042.1867900001816,2.35562,3559.429051788342,3584.377093268051,3559.4612099998185
28231454,74,tess2024003055635-s0074-0000000028231454-0269-s_lc.fits,16.54297375,2455002.64888,-1997.3511199997738,3.8725,3312.861872361418,3339.566951490071,3312.9434537502266
28231454,75,tess2024030031500-s0075-0000000028231454-0270-s_lc.fits,16.54297375,2455002.64888,-1997.3511199997738,3.8725,3339.782227062769,3367.480847517375,3346.0294012502263
28231454,76,tess2024058030222-s0076-0000000028231454-0271-s_lc.fits,16.54297375,2455002.64888,-1997.3511199997738,3.8725,3367.696127824477,3394.7757863968,3379.115348750227
28231454,82,tess2024223182411-s0082-0000000028231454-0278-s_lc.fits,16.54297375,2455002.64888,-1997.3511199997738,3.8725,3533.394497346936,3559.248483236908,3544.5450862502266
28231454,83,tess2024249191853-s0083-0000000028231454-0280-s_lc.fits,16.54297375,2455002.64888,-1997.3511199997738,3.8725,3559.429036947252,3584.377085896284,3561.0880600002265
28234022,74,tess2024003055635-s0074-0000000028234022-0269-s_lc.fits,10.67607169,2454973.59244,-2026.407560000196,4.549,3312.861990807372,3339.567067242291,3322.304356689804
28234022,76,tess2024058030222-s0076-0000000028234022-0271-s_lc.fits,10.67607169,2454973.59244,-2026.407560000196,4.549,3367.696213599984,3394.775824201628,3375.684715139804
28234022,81,tess2024196212429-s0081-0000000028234022-0276-s_lc.fits,10.67607169,2454973.59244,-2026.407560000196,4.549,3506.553827726436,3533.179107063797,3514.473647109804
28234022,82,tess2024223182411-s0082-0000000028234022-0278-s_lc.fits,10.67607169,2454973.59244,-2026.407560000196,4.549,3533.394385893612,3559.248405282558,3535.8257904898046
28234022,83,tess2024249191853-s0083-0000000028234022-0280-s_lc.fits,10.67607169,2454973.59244,-2026.407560000196,4.549,3559.428958565747,3584.377054237253,3567.854005559804
28361088,41,tess2021204101404-s0041-0000000028361088-0212-s_lc.fits,11.02347475,2455004.1148,-1995.8851999999024,1.421,2419.991151378663,2446.581554539125,2424.5281747500976
28361088,54,tess2022190063128-s0054-0000000028361088-0227-s_lc.fits,11.02347475,2455004.1148,-1995.8851999999024,1.421,2769.900429398231,2796.131362487991,2777.2793667500973
28361088,55,tess2022217014003-s0055-0000000028361088-0242-s_lc.fits,11.02347475,2455004.1148,-1995.8851999999024,1.421,2797.102201481186,2824.266005643048,2799.326316250098
28361088,74,tess2024003055635-s0074-0000000028361088-0269-s_lc.fits,11.02347475,2455004.1148,-1995.8851999999024,1.421,3312.861887901815,3339.56695354876,3317.4296295000977
28361088,75,tess2024030031500-s0075-0000000028361088-0270-s_lc.fits,11.02347475,2455004.1148,-1995.8851999999024,1.421,3339.782229004576,3367.480834987827,3350.5000537500973
28361088,76,tess2024058030222-s0076-0000000028361088-0271-s_lc.fits,11.02347475,2455004.1148,-1995.8851999999024,1.421,3367.696115187594,3394.775762352845,3372.547003250098
28361088,82,tess2024223182411-s0082-0000000028361088-0278-s_lc.fits,11.02347475,2455004.1148,-1995.8851999999024,1.421,3533.394499614939,3559.24849825169,3537.899124500098
28361088,83,tess2024249191853-s0083-0000000028361088-0280-s_lc.fits,11.02347475,2455004.1148,-1995.8851999999024,1.421,3559.429052040498,3584.377110549323,3559.9460740000977
28900646,19,tess2019331140908-s0019-0000000028900646-0164-s_lc.fits,0.66913923,2458816.2257,1816.2256999998353,0.904,1816.089020003728,1841.15405875373,1816.2256999998353
28900646,59,tess2022330142927-s0059-0000000028900646-0248-s_lc.fits,0.66913923,2458816.2257,1816.2256999998353,0.904,2910.282904834871,2936.69241914526,2910.937480279835
28900646,86,tess2024326142117-s0086-0000000028900646-0283-s_lc.fits,0.66913923,2458816.2257,1816.2256999998353,0.904,3636.265348211316,3662.831996790954,3636.2844055998353
29781292,1,tess2018206045859-s0001-0000000029781292-0120-s_lc.fits,22.891054,2458344.815,1344.8149999999441,2.69,1325.294422873574,1353.177923275497,1344.8149999999441
29781292,2,tess2018234235059-s0002-0000000029781292-0121-s_lc.fits,22.891054,2458344.815,1344.8149999999441,2.69,1354.108479811883,1381.515377916644,1367.706053999944
29781292,3,tess2018263035959-s0003-0000000029781292-0123-s_lc.fits,22.891054,2458344.815,1344.8149999999441,2.69,1382.034818407381,1409.384570085464,1390.5971079999442
29781292,4,tess2018292075959-s0004-0000000029781292-0124-s_lc.fits,22.891054,2458344.815,1344.8149999999441,2.69,1410.901215490951,1436.839724724721,1413.4881619999442
29781292,5,tess2018319095959-s0005-0000000029781292-0125-s_lc.fits,22.891054,2458344.815,1344.8149999999441,2.69,1437.989703226472,1464.276756398672,1459.270269999944
29781292,6,tess2018349182500-s0006-0000000029781292-0126-s_lc.fits,22.891054,2458344.815,1344.8149999999441,2.69,1468.269747618175,1490.044408054531,1482.1613239999442
29781292,7,tess2019006130736-s0007-0000000029781292-0131-s_lc.fits,22.891054,2458344.815,1344.8149999999441,2.69,1491.638827835913,1516.085779224881,1505.0523779999442
29781292,8,tess2019032160000-s0008-0000000029781292-0136-s_lc.fits,22.891054,2458344.815,1344.8149999999441,2.69,1517.362155225698,1541.999545888313,1527.943431999944
29781292,9,tess2019058134432-s0009-0000000029781292-0139-s_lc.fits,22.891054,2458344.815,1344.8149999999441,2.69,1543.327320664907,1568.474618833925,1550.834485999944
29781292,10,tess2019085135100-s0010-0000000029781292-0140-s_lc.fits,22.891054,2458344.815,1344.8149999999441,2.69,1569.435734876296,1595.680435236418,1573.7255399999442
29781292,11,tess2019112060037-s0011-0000000029781292-0143-s_lc.fits,22.891054,2458344.815,1344.8149999999441,2.69,1596.776280822215,1623.89195004607,1619.507647999944
29781292,12,tess2019140104343-s0012-0000000029781292-0144-s_lc.fits,22.891054,2458344.815,1344.8149999999441,2.69,1624.968353220291,1652.892405115014,1642.398701999944
29781292,13,tess2019169103026-s0013-0000000029781292-0146-s_lc.fits,22.891054,2458344.815,1344.8149999999441,2.69,1653.920196555624,1682.358075247965,1665.2897559999442
29781292,27,tess2020186164531-s0027-0000000029781292-0189-s_lc.fits,22.891054,2458344.815,1344.8149999999441,2.69,2036.278612079798,2060.642759750215,2054.4376739999443
29781292,28,tess2020212050318-s0028-0000000029781292-0190-s_lc.fits,22.891054,2458344.815,1344.8149999999441,2.69,2061.851104701671,2087.098443467002,2077.328727999944
29781292,29,tess2020238165205-s0029-0000000029781292-0193-s_lc.fits,22.891054,2458344.815,1344.8149999999441,2.69,2088.240113798392,2114.434487270299,2100.219781999944
29781292,30,tess2020266004630-s0030-0000000029781292-0195-s_lc.fits,22.891054,2458344.815,1344.8149999999441,2.69,2115.885868928908,2143.223093886614,2123.1108359999444
29781292,31,tess2020294194027-s0031-0000000029781292-0198-s_lc.fits,22.891054,2458344.815,1344.8149999999441,2.69,2144.514746708209,2169.944915647236,2146.001889999944
29781292,33,tess2020351194500-s0033-0000000029781292-0203-s_lc.fits,22.891054,2458344.815,1344.8149999999441,2.69,2201.731876069822,2227.571765430073,2214.675051999944
29781292,34,tess2021014023720-s0034-0000000029781292-0204-s_lc.fits,22.891054,2458344.815,1344.8149999999441,2.69,2228.766197365729,2254.064564290259,2237.5661059999443
29781292,35,tess2021039152502-s0035-0000000029781292-0205-s_lc.fits,22.891054,2458344.815,1344.8149999999441,2.69,2254.988171576569,2279.978385946879,2260.457159999944
29781292,36,tess2021065132309-s0036-0000000029781292-0207-s_lc.fits,22.891054,2458344.815,1344.8149999999441,2.69,2280.902000301186,2305.988231624378,2283.348213999944
29781292,37,tess2021091135823-s0037-0000000029781292-0208-s_lc.fits,22.891054,2458344.815,1344.8149999999441,2.69,2307.256301271748,2332.578801162129,2329.130321999944
29781292,38,tess2021118034608-s0038-0000000029781292-0209-s_lc.fits,22.891054,2458344.815,1344.8149999999441,2.69,2333.853821862589,2360.551440186548,2352.021375999944
29781292,39,tess2021146024351-s0039-0000000029781292-0210-s_lc.fits,22.891054,2458344.815,1344.8149999999441,2.69,2361.770906751865,2389.718558175311,2374.912429999944
29781292,61,tess2023018032328-s0061-0000000029781292-0250-s_lc.fits,22.891054,2458344.815,1344.8149999999441,2.69,2962.797765915321,2988.216989477249,2970.079833999944
29781292,62,tess2023043185947-s0062-0000000029781292-0254-s_lc.fits,22.891054,2458344.815,1344.8149999999441,2.69,2988.439211654898,3014.151670965353,2992.9708879999444
29781292,63,tess2023069172124-s0063-0000000029781292-0255-s_lc.fits,22.891054,2458344.815,1344.8149999999441,2.69,3014.36695023787,3040.899048043907,3015.861941999944
29781292,64,tess2023096110322-s0064-0000000029781292-0257-s_lc.fits,22.891054,2458344.815,1344.8149999999441,2.69,3041.1129398307,3068.031313118328,3061.6440499999444
29781292,65,tess2023124020739-s0065-0000000029781292-0259-s_lc.fits,22.891054,2458344.815,1344.8149999999441,2.69,3068.738268862434,3096.628972226224,3084.535103999944
29781292,66,tess2023153011303-s0066-0000000029781292-0260-s_lc.fits,22.891054,2458344.815,1344.8149999999441,2.69,3097.673435243326,3126.42803615603,3107.426157999944
29781292,67,tess2023181235917-s0067-0000000029781292-0261-s_lc.fits,22.891054,2458344.815,1344.8149999999441,2.69,3126.641929092127,3154.396410858275,3130.3172119999444
29781292,68,tess2023209231226-s0068-0000000029781292-0262-s_lc.fits,22.891054,2458344.815,1344.8149999999441,2.69,3154.618635917414,3182.12850136066,3176.099319999944
29781292,69,tess2023237165326-s0069-0000000029781292-0264-s_lc.fits,22.891054,2458344.815,1344.8149999999441,2.69,3182.363225265087,3208.139557700337,3198.9903739999445
29781292,87,tess2024353092137-s0087-0000000029781292-0284-s_lc.fits,22.891054,2458344.815,1344.8149999999441,2.69,3663.040468482499,3689.937293119622,3679.7025079999444
29781292,88,tess2025014115807-s0088-0000000029781292-0285-s_lc.fits,22.891054,2458344.815,1344.8149999999441,2.69,3690.151179381065,3717.923148268084,3702.593561999944
29781292,89,tess2025042113628-s0089-0000000029781292-0286-s_lc.fits,22.891054,2458344.815,1344.8149999999441,2.69,3718.137035752412,3746.94394163766,3725.4846159999443
29781292,90,tess2025071122000-s0090-0000000029781292-0287-s_lc.fits,22.891054,2458344.815,1344.8149999999441,2.69,3747.157831469821,3775.076070818637,3748.375669999944
29781292,93,tess2025154050500-s0093-0000000029781292-0290-s_lc.fits,22.891054,2458344.815,1344.8149999999441,2.69,3829.871282316665,3856.049456945192,3839.939885999944
29781292,94,tess2025180145000-s0094-0000000029781292-0291-s_lc.fits,22.891054,2458344.815,1344.8149999999441,2.69,3856.264737319474,3882.119208390358,3862.8309399999443
29781292,95,tess2025206162959-s0095-0000000029781292-0292-s_lc.fits,22.891054,2458344.815,1344.8149999999441,2.69,3882.349765904537,3907.542978120803,3885.721993999944
29781292,96,tess2025232030459-s0096-0000000029781292-0293-s_lc.fits,22.891054,2458344.815,1344.8149999999441,2.69,3907.774922921124,3933.434628063035,3908.6130479999442
29781292,97,tess2025258001959-s0097-0000000029781292-0294-s_lc.fits,22.891054,2458344.815,1344.8149999999441,2.69,3933.661015371239,3988.285422137407,3954.395155999944
29781292,98,tess2025312202959-s0098-0000000029781292-0298-s_lc.fits,22.891054,2458344.815,1344.8149999999441,2.69,3988.500696182386,4045.898362701928,4000.177263999944
29857954,28,tess2020212050318-s0028-0000000029857954-0190-s_lc.fits,9.47725,2458345.8734,1345.873399999924,4.7136,2061.855989109258,2087.10278250408,2066.1443999999237
29857954,68,tess2023209231226-s0068-0000000029857954-0262-s_lc.fits,9.47725,2458345.8734,1345.873399999924,4.7136,3154.624942026474,3182.132899792486,3156.0281499999237
29857954,92,tess2025127075000-s0092-0000000029857954-0289-s_lc.fits,9.47725,2458345.8734,1345.873399999924,4.7136,3802.974579932883,3829.635337613641,3809.958399999924
29857954,95,tess2025206162959-s0095-0000000029857954-0292-s_lc.fits,9.47725,2458345.8734,1345.873399999924,4.7136,3882.422758168372,3907.54757105993,3885.776399999924
31244979,92,tess2025127075000-s0092-0000000031244979-0289-s_lc.fits,1.865962,2457302.0928,302.0928000002168,1.9632,3802.974621649893,3829.647187703853,3804.5034740002166
33595516,97,tess2025258001959-s0097-0000000033595516-0294-s_lc.fits,0.765548,2458871.6812,1871.6811999999918,1.57,3933.6643049949,3988.288835393966,3934.067511999992
33692729,6,tess2018349182500-s0006-0000000033692729-0126-s_lc.fits,3.5379559,2458471.36,1471.3599999998696,2.429,1468.274432394783,1490.04938458582,1471.3599999998696
33692729,33,tess2020351194500-s0033-0000000033692729-0203-s_lc.fits,3.5379559,2458471.36,1471.3599999998696,2.429,2201.73663440852,2227.576688428406,2203.7168712998696
33692729,87,tess2024353092137-s0087-0000000033692729-0284-s_lc.fits,3.5379559,2458471.36,1471.3599999998696,2.429,3663.047960025713,3689.942144912232,3664.8926579998697
35021200,46,tess2021336043614-s0046-0000000035021200-0217-s_lc.fits,5.90279,2457583.8828,583.8827999997884,5.0,2551.563310670444,2578.702092041224,2555.4146599997885
35021200,91,tess2025099153000-s0091-0000000035021200-0288-s_lc.fits,5.90279,2457583.8828,583.8827999997884,5.0,3775.296218596373,3802.747639208382,3777.2921899997887
36352297,6,tess2018349182500-s0006-0000000036352297-0126-s_lc.fits,1.5089557,2454159.4532,-2840.5468000001274,2.373,1468.274817683489,1490.05009689541,1469.0306791998728
36352297,33,tess2020351194500-s0033-0000000036352297-0203-s_lc.fits,1.5089557,2454159.4532,-2840.5468000001274,2.373,2201.737071900603,2227.577490856446,2202.3831493998723
36352297,87,tess2024353092137-s0087-0000000036352297-0284-s_lc.fits,1.5089557,2454159.4532,-2840.5468000001274,2.373,3663.058120541901,3689.445744293851,3664.561222699873
36440357,6,tess2018349182500-s0006-0000000036440357-0126-s_lc.fits,9.20205,2454141.36416,-2858.635840000119,4.4317333,1468.274917182733,1490.05019790619,1475.5297099998807
36440357,33,tess2020351194500-s0033-0000000036440357-0203-s_lc.fits,9.20205,2454141.36416,-2858.635840000119,4.4317333,2201.7371723172,2227.577589374076,2202.4916599998805
36440357,87,tess2024353092137-s0087-0000000036440357-0284-s_lc.fits,9.20205,2454141.36416,-2858.635840000119,4.4317333,3663.058220110063,3689.445841432192,3665.617609999881
36724087,9,tess2019058134432-s0009-0000000036724087-0139-s_lc.fits,0.76837931,2459606.58098,2606.580980000086,0.7883,1543.628079100349,1568.480435708862,1543.912394270086
36724087,35,tess2021039152502-s0035-0000000036724087-0205-s_lc.fits,0.76837931,2459606.58098,2606.580980000086,0.7883,2255.414954691358,2279.984726968859,2255.431635330086
36724087,62,tess2023043185947-s0062-0000000036724087-0254-s_lc.fits,0.76837931,2459606.58098,2606.580980000086,0.7883,2988.445258519691,3014.157965636573,2988.4654970700863
36724087,89,tess2025042113628-s0089-0000000036724087-0286-s_lc.fits,0.76837931,2459606.58098,2606.580980000086,0.7883,3718.143029247357,3746.950169181303,3718.425841570086
36724087,100,tess2026033082000-s0100-0000000036724087-0302-s_lc.fits,0.76837931,2459606.58098,2606.580980000086,0.7883,4074.003606157167,4100.470897551483,4074.185462100086
37168957,6,tess2018349182500-s0006-0000000037168957-0126-s_lc.fits,1.9000693,2455321.72412,-1678.2758800000884,2.387,1468.275052359549,1490.050179015709,1470.1389500999117
37168957,33,tess2020351194500-s0033-0000000037168957-0203-s_lc.fits,1.9000693,2455321.72412,-1678.2758800000884,2.387,2201.737284720802,2227.577517854508,2203.5656998999116
37168957,87,tess2024353092137-s0087-0000000037168957-0284-s_lc.fits,1.9000693,2455321.72412,-1678.2758800000884,2.387,3663.058329135292,3689.408264812601,3664.7189915999115
37718056,70,tess2023263165758-s0070-0000000037718056-0265-s_lc.fits,3.656333,2457619.9195,619.9194999998435,3.576,3208.372039094111,3233.824319278439,3208.6032639998434
37749396,3,tess2018263035959-s0003-0000000037749396-0123-s_lc.fits,13.475853,2458392.2942,1392.2941999998875,2.37,1382.042352994038,1409.389041727521,1392.2941999998875
37749396,42,tess2021232031932-s0042-0000000037749396-0213-s_lc.fits,13.475853,2458392.2942,1392.2941999998875,2.37,2447.695193260904,2472.261239202671,2456.8865869998876
37749396,70,tess2023263165758-s0070-0000000037749396-0265-s_lc.fits,13.475853,2458392.2942,1392.2941999998875,2.37,3208.372047774037,3233.824368636673,3211.534354999888
38064757,45,tess2021310001228-s0045-0000000038064757-0216-s_lc.fits,5.73594,2456808.86,-191.14000000013039,2.654,2525.503683269638,2550.624026983439,2527.6955599998696
38064757,46,tess2021336043614-s0046-0000000038064757-0217-s_lc.fits,5.73594,2456808.86,-191.14000000013039,2.654,2551.564385218107,2578.703178780191,2556.3752599998697
38064757,72,tess2023315124025-s0072-0000000038064757-0267-s_lc.fits,5.73594,2456808.86,-191.14000000013039,2.654,3260.180079682477,3285.565788670622,3261.89587999987
38114658,45,tess2021310001228-s0045-0000000038114658-0216-s_lc.fits,5.06416,2456813.0707,-186.92929999995977,2.08,2525.503688799832,2550.624041534773,2527.4604600000403
38114658,46,tess2021336043614-s0046-0000000038114658-0217-s_lc.fits,5.06416,2456813.0707,-186.92929999995977,2.08,2551.564400010944,2578.703200022727,2552.78126000004
38114658,72,tess2023315124025-s0072-0000000038114658-0267-s_lc.fits,5.06416,2456813.0707,-186.92929999995977,2.08,3260.180086714894,3285.565804475049,3261.7636600000405
38354061,42,tess2021232031932-s0042-0000000038354061-0213-s_lc.fits,7.49556,2456987.6726,-12.327399999834597,3.5904,2447.696136386221,2473.165230299737,2453.7118400001655
38354061,92,tess2025127075000-s0092-0000000038354061-0289-s_lc.fits,7.49556,2456987.6726,-12.327399999834597,3.5904,3802.982049086847,3829.630456730783,3810.4082000001654
39200363,25,tess2020133194932-s0025-0000000039200363-0182-s_lc.fits,3.8266472,2458985.8831,1985.88310000021,2.113,1983.643568462913,2009.309118963904,1985.88310000021
39200363,26,tess2020160202036-s0026-0000000039200363-0188-s_lc.fits,3.8266472,2458985.8831,1985.88310000021,2.113,2010.270224241895,2035.13794681499,2012.66963040021
39200363,52,tess2022138205153-s0052-0000000039200363-0224-s_lc.fits,3.8266472,2458985.8831,1985.88310000021,2.113,2718.637798200427,2743.079634855737,2720.5993624002103
39200363,53,tess2022164095748-s0053-0000000039200363-0226-s_lc.fits,3.8266472,2458985.8831,1985.88310000021,2.113,2743.999076134438,2768.981997850094,2747.38589280021
39200363,79,tess2024142205832-s0079-0000000039200363-0274-s_lc.fits,3.8266472,2458985.8831,1985.88310000021,2.113,3452.54125065863,3479.677429725924,3455.31562480021
39414571,87,tess2024353092137-s0087-0000000039414571-0284-s_lc.fits,4.0197517,2459058.21396,2058.213959999848,2.7751,3663.058210437299,3689.188316489698,3666.114639999848
39926974,42,tess2021232031932-s0042-0000000039926974-0213-s_lc.fits,2.260455,2456977.99012,-22.009879999794066,0.9816,2447.69612404899,2473.165258919746,2448.667435000206
39926974,92,tess2025127075000-s0092-0000000039926974-0289-s_lc.fits,2.260455,2456977.99012,-22.009879999794066,0.9816,3802.969461085119,3829.635921173751,3804.9404350002055
39928614,42,tess2021232031932-s0042-0000000039928614-0213-s_lc.fits,7.06599,2456982.7825,-17.21749999979511,1.62,2447.69613627125,2473.165236756644,2448.813010000205
39928614,92,tess2025127075000-s0092-0000000039928614-0289-s_lc.fits,7.06599,2456982.7825,-17.21749999979511,1.62,3802.975087961402,3829.634607753494,3805.483090000205
39936432,42,tess2021232031932-s0042-0000000039936432-0213-s_lc.fits,4.655411,2456979.948,-20.05200000014156,1.89,2447.696134709422,2473.165233659997,2451.9712409998583
39936432,92,tess2025127075000-s0092-0000000039936432-0289-s_lc.fits,4.655411,2456979.948,-20.05200000014156,1.89,3802.975092050141,3829.634611132623,3806.695841999858
40292751,74,tess2024003055635-s0074-0000000040292751-0269-s_lc.fits,12.779107,2460140.6139,3140.6139000002295,4.6,3312.860297008471,3339.565619401375,3319.5213980002295
40292751,81,tess2024196212429-s0081-0000000040292751-0276-s_lc.fits,12.779107,2460140.6139,3140.6139000002295,4.6,3506.555543620075,3533.180457641267,3511.2080030002294
42883782,14,tess2019198215352-s0014-0000000042883782-0150-s_lc.fits,6.340758,2459611.7425,2611.7425000001676,3.341,1683.356659629688,1710.207676462323,1685.9918320001675
42883782,80,tess2024170053053-s0080-0000000042883782-0275-s_lc.fits,6.340758,2459611.7425,2611.7425000001676,3.341,3479.891141851199,3506.340147288057,3480.4263460001675
42883782,81,tess2024196212429-s0081-0000000042883782-0276-s_lc.fits,6.340758,2459611.7425,2611.7425000001676,3.341,3506.555426835484,3533.180140509632,3512.1301360001676
44792534,31,tess2020294194027-s0031-0000000044792534-0198-s_lc.fits,3.6849729,2458411.90651,1411.9065100001171,5.09,2144.517843865875,2169.94871542882,2145.216117100117
46296576,44,tess2021284114741-s0044-0000000046296576-0215-s_lc.fits,9.398977,2458100.92019,1100.9201899999753,3.92,2500.200729734014,2524.440591655739,2501.3677629999756
46296576,45,tess2021310001228-s0045-0000000046296576-0216-s_lc.fits,9.398977,2458100.92019,1100.9201899999753,3.92,2526.008789254062,2550.627798762954,2529.564693999975
46296576,46,tess2021336043614-s0046-0000000046296576-0217-s_lc.fits,9.398977,2458100.92019,1100.9201899999753,3.92,2551.997348458817,2578.706212071612,2557.7616249999755
46432937,98,tess2025312202959-s0098-0000000046432937-0298-s_lc.fits,1.44044527,2459952.28894,2952.288939999882,1.195,3988.503962170993,4045.903043191207,3989.4095343998824
47976987,75,tess2024030031500-s0075-0000000047976987-0270-s_lc.fits,51.3285623,2455010.67237,-1989.327630000189,9.439,3339.782603929916,3367.481656067902,3348.842849199811
47976987,80,tess2024170053053-s0080-0000000047976987-0275-s_lc.fits,51.3285623,2455010.67237,-1989.327630000189,9.439,3479.889819650477,3506.338614546035,3502.8285360998116
47976987,82,tess2024223182411-s0082-0000000047976987-0278-s_lc.fits,51.3285623,2455010.67237,-1989.327630000189,9.439,3533.393969614773,3559.24760505877,3554.157098399811
48304302,14,tess2019198215352-s0014-0000000048304302-0150-s_lc.fits,38.871826,2455004.28713,-1995.7128699999303,6.125,1683.355126379389,1710.20633382081,1697.1106000000696
48304302,15,tess2019226182529-s0015-0000000048304302-0151-s_lc.fits,38.871826,2455004.28713,-1995.7128699999303,6.125,1711.366040780827,1737.411347469443,1735.9824260000696
48304302,74,tess2024003055635-s0074-0000000048304302-0269-s_lc.fits,38.871826,2455004.28713,-1995.7128699999303,6.125,3312.861814839327,3339.567328802839,3329.7272920000696
48304302,75,tess2024030031500-s0075-0000000048304302-0270-s_lc.fits,74.920137,2454958.0377,-2041.962299999781,4.794,3339.782602079494,3367.481587054571,3352.2875640002185
48304302,80,tess2024170053053-s0080-0000000048304302-0275-s_lc.fits,38.871826,2455004.28713,-1995.7128699999303,6.125,3479.889720099079,3506.338570958509,3485.21459600007
48304302,81,tess2024196212429-s0081-0000000048304302-0276-s_lc.fits,38.871826,2455004.28713,-1995.7128699999303,6.125,3506.55385018882,3533.178716021985,3524.0864220000694
48304653,80,tess2024170053053-s0080-0000000048304653-0275-s_lc.fits,3.4876812,2455088.77995,-1911.22005000012,3.875,3479.889759321613,3506.338611709925,3480.73508519988
48304653,81,tess2024196212429-s0081-0000000048304653-0276-s_lc.fits,3.4876812,2455088.77995,-1911.22005000012,3.875,3506.553890928595,3533.178750303969,3508.63653479988
48304653,82,tess2024223182411-s0082-0000000048304653-0278-s_lc.fits,3.4876812,2455088.77995,-1911.22005000012,3.875,3533.39402575548,3559.247706779917,3536.53798439988
48352404,74,tess2024003055635-s0074-0000000048352404-0269-s_lc.fits,2.343231895,2454966.20662,-2033.7933800001629,2.0391,3312.861878065769,3339.567375600169,3313.461804389837
48352404,75,tess2024030031500-s0075-0000000048352404-0270-s_lc.fits,2.343231895,2454966.20662,-2033.7933800001629,2.0391,3339.78264868113,3367.481605816996,3341.580587129837
48352404,80,tess2024170053053-s0080-0000000048352404-0275-s_lc.fits,2.343231895,2454966.20662,-2033.7933800001629,2.0391,3479.889650824046,3506.338509965029,3482.1745008298376
48352404,81,tess2024196212429-s0081-0000000048352404-0276-s_lc.fits,2.343231895,2454966.20662,-2033.7933800001629,2.0391,3506.553789298484,3533.178675372316,3507.9500516748376
48352404,82,tess2024223182411-s0082-0000000048352404-0278-s_lc.fits,2.343231895,2454966.20662,-2033.7933800001629,2.0391,3533.393951080522,3559.24767236196,3533.7256025198376
48353203,74,tess2024003055635-s0074-0000000048353203-0269-s_lc.fits,34.18890521,2455026.38876,-1973.6112399999984,5.3184,3312.861793609596,3339.567301238485,3325.669067550002
48353203,80,tess2024170053053-s0080-0000000048353203-0275-s_lc.fits,34.18890521,2455026.38876,-1973.6112399999984,5.3184,3479.889736072193,3506.338595803983,3496.613593600002
48353203,81,tess2024196212429-s0081-0000000048353203-0276-s_lc.fits,34.18890521,2455026.38876,-1973.6112399999984,5.3184,3506.553875091222,3533.178744931635,3530.8024988100015
48353636,82,tess2024223182411-s0082-0000000048353636-0278-s_lc.fits,83.5781,2455035.45538,-1964.544619999826,7.2487,3533.394056662467,3559.247734535192,3551.609980000175
48448415,40,tess2021175071901-s0040-0000000048448415-0211-s_lc.fits,0.938466832,2454968.6012,-2031.3988000000827,1.271,2390.654562168859,2418.856151363266,2390.656912383917
48448415,41,tess2021204101404-s0041-0000000048448415-0212-s_lc.fits,0.938466832,2454968.6012,-2031.3988000000827,1.271,2419.990870475428,2446.580943418358,2420.6878510079177
48448415,54,tess2022190063128-s0054-0000000048448415-0227-s_lc.fits,0.938466832,2454968.6012,-2031.3988000000827,1.271,2769.900372929582,2796.130937979287,2770.7359793439173
48448415,55,tess2022217014003-s0055-0000000048448415-0242-s_lc.fits,0.938466832,2454968.6012,-2031.3988000000827,1.271,2797.101763613126,2824.265279747416,2797.951517471917
48448415,74,tess2024003055635-s0074-0000000048448415-0269-s_lc.fits,0.938466832,2454968.6012,-2031.3988000000827,1.271,3312.861886299009,3339.567346814152,3313.169808239917
48448415,75,tess2024030031500-s0075-0000000048448415-0270-s_lc.fits,0.938466832,2454968.6012,-2031.3988000000827,1.271,3339.782619613155,3367.481544946451,3340.385346367917
48448415,80,tess2024170053053-s0080-0000000048448415-0275-s_lc.fits,0.938466832,2454968.6012,-2031.3988000000827,1.271,3479.889620353034,3506.338514870072,3480.216904335917
48448415,81,tess2024196212429-s0081-0000000048448415-0276-s_lc.fits,0.938466832,2454968.6012,-2031.3988000000827,1.271,3506.553794486533,3533.178714993921,3507.432442463917
48448415,82,tess2024223182411-s0082-0000000048448415-0278-s_lc.fits,0.938466832,2454968.6012,-2031.3988000000827,1.271,3533.393990953701,3559.247737992029,3533.709513759917
48450369,14,tess2019198215352-s0014-0000000048450369-0150-s_lc.fits,2.46502,2454965.67928,-2034.3207200001925,1.231,1683.355182966898,1710.206425511613,1685.3944599998076
48450369,15,tess2019226182529-s0015-0000000048450369-0151-s_lc.fits,2.46502,2454965.67928,-2034.3207200001925,1.231,1711.366133750918,1737.411455871549,1712.5096799998073
48450369,40,tess2021175071901-s0040-0000000048450369-0211-s_lc.fits,2.46502,2454965.67928,-2034.3207200001925,1.231,2390.654667838814,2418.856254011312,2392.855199999807
48450369,41,tess2021204101404-s0041-0000000048450369-0212-s_lc.fits,2.46502,2454965.67928,-2034.3207200001925,1.231,2419.990972520443,2446.581020881696,2422.4354399998074
48450369,53,tess2022164095748-s0053-0000000048450369-0226-s_lc.fits,2.46502,2454965.67928,-2034.3207200001925,1.231,2743.997357851578,2768.981040276752,2745.3530599998076
48450369,55,tess2022217014003-s0055-0000000048450369-0242-s_lc.fits,2.46502,2454965.67928,-2034.3207200001925,1.231,2797.101857344689,2824.265340334839,2797.1184799998073
48450369,74,tess2024003055635-s0074-0000000048450369-0269-s_lc.fits,2.46502,2454965.67928,-2034.3207200001925,1.231,3312.861782034071,3339.567252653482,3314.772679999807
48450369,75,tess2024030031500-s0075-0000000048450369-0270-s_lc.fits,2.46502,2454965.67928,-2034.3207200001925,1.231,3339.782531205946,3367.481488725284,3341.887899999808
48450369,80,tess2024170053053-s0080-0000000048450369-0275-s_lc.fits,2.46502,2454965.67928,-2034.3207200001925,1.231,3479.889724146141,3506.338621710467,3479.9290199998077
48450369,81,tess2024196212429-s0081-0000000048450369-0276-s_lc.fits,2.46502,2454965.67928,-2034.3207200001925,1.231,3506.553901288627,3533.178803903679,3507.0442399998074
48450369,82,tess2024223182411-s0082-0000000048450369-0278-s_lc.fits,2.46502,2454965.67928,-2034.3207200001925,1.231,3533.394079668929,3559.247792299544,3534.159459999807
48451562,75,tess2024030031500-s0075-0000000048451562-0270-s_lc.fits,3.9466141,2454965.24559,-2034.7544100000523,2.836,3339.782635931789,3367.48155056966,3340.533994199948
48451562,80,tess2024170053053-s0080-0000000048451562-0275-s_lc.fits,3.9466141,2454965.24559,-2034.7544100000523,2.836,3479.889594675074,3506.338492872815,3482.6121017999476
48451562,82,tess2024223182411-s0082-0000000048451562-0278-s_lc.fits,3.9466141,2454965.24559,-2034.7544100000523,2.836,3533.393977065121,3559.247734529721,3533.9180850999483
48503953,40,tess2021175071901-s0040-0000000048503953-0211-s_lc.fits,28.86235584,2455011.48474,-1988.5152599997818,5.2042,2390.654506288107,2418.856107152452,2398.562827680218
48503953,41,tess2021204101404-s0041-0000000048503953-0212-s_lc.fits,28.86235584,2455011.48474,-1988.5152599997818,5.2042,2419.990826986622,2446.580920250429,2427.4251835202176
48503953,53,tess2022164095748-s0053-0000000048503953-0226-s_lc.fits,28.86235584,2455011.48474,-1988.5152599997818,5.2042,2743.997199768276,2768.980880067124,2744.9110977602177
48503953,54,tess2022190063128-s0054-0000000048503953-0227-s_lc.fits,28.86235584,2455011.48474,-1988.5152599997818,5.2042,2769.90032120835,2796.130901773424,2773.773453600218
48503953,55,tess2022217014003-s0055-0000000048503953-0242-s_lc.fits,28.86235584,2455011.48474,-1988.5152599997818,5.2042,2797.101728122401,2824.265267764321,2802.6358094402176
48503953,74,tess2024003055635-s0074-0000000048503953-0269-s_lc.fits,28.86235584,2455011.48474,-1988.5152599997818,5.2042,3312.86193787088,3339.567383622814,3322.158214560218
48503953,75,tess2024030031500-s0075-0000000048503953-0270-s_lc.fits,28.86235584,2455011.48474,-1988.5152599997818,5.2042,3339.782656252316,3367.481557777515,3351.0205704002183
48503953,80,tess2024170053053-s0080-0000000048503953-0275-s_lc.fits,28.86235584,2455011.48474,-1988.5152599997818,5.2042,3479.889563008011,3506.338465619639,3495.3323496002176
48503953,82,tess2024223182411-s0082-0000000048503953-0278-s_lc.fits,28.86235584,2455011.48474,-1988.5152599997818,5.2042,3533.393959709342,3559.247729977765,3553.0570612802185
48506742,80,tess2024170053053-s0080-0000000048506742-0275-s_lc.fits,48.4308991,2454974.46029,-2025.5397100001574,3.755,3479.889679230782,3506.338589355738,3495.5827873998423
48506742,82,tess2024223182411-s0082-0000000048506742-0278-s_lc.fits,48.4308991,2454974.46029,-2025.5397100001574,3.755,3533.394066502123,3559.24780001299,3544.013686499842
48528770,40,tess2021175071901-s0040-0000000048528770-0211-s_lc.fits,2.243381847,2455003.67889,-1996.3211099999025,1.0205,2390.654497502709,2418.856102733792,2391.733782732098
48528770,41,tess2021204101404-s0041-0000000048528770-0212-s_lc.fits,2.243381847,2455003.67889,-1996.3211099999025,1.0205,2419.990822783331,2446.580921082333,2420.8977467430977
48528770,53,tess2022164095748-s0053-0000000048528770-0226-s_lc.fits,2.243381847,2455003.67889,-1996.3211099999025,1.0205,2743.997189632343,2768.980873080458,2746.1881145580983
48528770,54,tess2022190063128-s0054-0000000048528770-0227-s_lc.fits,2.243381847,2455003.67889,-1996.3211099999025,1.0205,2769.900314364177,2796.130899545235,2770.865314875098
48528770,55,tess2022217014003-s0055-0000000048528770-0242-s_lc.fits,2.243381847,2455003.67889,-1996.3211099999025,1.0205,2797.101726082921,2824.265270924415,2797.785897039098
48528770,75,tess2024030031500-s0075-0000000048528770-0270-s_lc.fits,2.243381847,2455003.67889,-1996.3211099999025,1.0205,3339.782658728703,3367.481554804268,3340.684304013098
48528770,80,tess2024170053053-s0080-0000000048528770-0275-s_lc.fits,2.243381847,2455003.67889,-1996.3211099999025,1.0205,3479.889553376855,3506.338459702132,3482.0173603740977
48528770,82,tess2024223182411-s0082-0000000048528770-0278-s_lc.fits,2.243381847,2455003.67889,-1996.3211099999025,1.0205,3533.39395874065,3559.247733926806,3533.6151428550984
49709169,42,tess2021232031932-s0042-0000000049709169-0213-s_lc.fits,2.50387,2457740.0093,740.0093000000343,2.6,2447.695742820381,2473.165533509867,2450.1525100000345
49709169,92,tess2025127075000-s0092-0000000049709169-0289-s_lc.fits,2.50387,2457740.0093,740.0093000000343,2.6,3802.968064576559,3829.639921860145,3804.746180000034
49984349,42,tess2021232031932-s0042-0000000049984349-0213-s_lc.fits,5.761612,2456979.8716,-20.128399999812245,2.232,2447.696162953594,2473.165021371953,2451.603148000188
49984349,92,tess2025127075000-s0092-0000000049984349-0289-s_lc.fits,5.761612,2456979.8716,-20.128399999812245,2.232,3802.982598135266,3829.631013259701,3805.581968000188
51641442,46,tess2021336043614-s0046-0000000051641442-0217-s_lc.fits,0.728113,2457585.45061,585.4506100001745,0.7992,2551.562527467274,2578.70123750832,2552.0838230001746
51641442,91,tess2025099153000-s0091-0000000051641442-0288-s_lc.fits,0.728113,2457585.45061,585.4506100001745,0.7992,3775.296445072603,3802.7482241679,3775.3136630001745
52368076,1,tess2018206045859-s0001-0000000052368076-0120-s_lc.fits,4.65382,2458355.35529,1355.3552899998613,2.9616,1325.295862843006,1353.179431259241,1327.4323699998613
52368076,2,tess2018234235059-s0002-0000000052368076-0121-s_lc.fits,4.65382,2458355.35529,1355.3552899998613,2.9616,1354.109984856839,1381.516615460203,1355.3552899998613
52368076,28,tess2020212050318-s0028-0000000052368076-0190-s_lc.fits,4.65382,2458355.35529,1355.3552899998613,2.9616,2061.85258078494,2087.09992877211,2062.735929999861
52368076,68,tess2023209231226-s0068-0000000052368076-0262-s_lc.fits,4.65382,2458355.35529,1355.3552899998613,2.9616,3154.621484937174,3182.132774068989,3156.383629999861
52368076,69,tess2023237165326-s0069-0000000052368076-0264-s_lc.fits,4.65382,2458355.35529,1355.3552899998613,2.9616,3182.35638602158,3208.140788706187,3184.306549999861
52368076,95,tess2025206162959-s0095-0000000052368076-0292-s_lc.fits,4.65382,2458355.35529,1355.3552899998613,2.9616,3882.537326862481,3907.544499038988,3887.033369999861
52368076,96,tess2025232030459-s0096-0000000052368076-0293-s_lc.fits,4.65382,2458355.35529,1355.3552899998613,2.9616,3907.776443202866,3933.437330223303,3910.302469999861
52640302,6,tess2018349182500-s0006-0000000052640302-0126-s_lc.fits,1.5732918,2455582.60169,-1417.398310000077,2.39976,1468.27295053468,1490.048191189846,1469.592142999923
52640302,7,tess2019006130736-s0007-0000000052640302-0131-s_lc.fits,1.5732918,2455582.60169,-1417.398310000077,2.39976,1491.634299937975,1516.089542564808,1493.191519999923
52640302,33,tess2020351194500-s0033-0000000052640302-0203-s_lc.fits,1.5732918,2455582.60169,-1417.398310000077,2.39976,2201.735186721622,2227.575630217116,2202.746121799923
52640302,34,tess2021014023720-s0034-0000000052640302-0204-s_lc.fits,1.5732918,2455582.60169,-1417.398310000077,2.39976,2228.768676191226,2254.068181580646,2229.492082399923
52640302,87,tess2024353092137-s0087-0000000052640302-0284-s_lc.fits,1.5732918,2455582.60169,-1417.398310000077,2.39976,3663.043752692188,3689.941126811609,3664.3342039999234
53498154,22,tess2020049080258-s0022-0000000053498154-0174-s_lc.fits,3.3903473,2459649.1284,2649.1283999998122,2.392,1899.325277294613,1926.497249650235,1899.8616466998124
53498154,75,tess2024030031500-s0075-0000000053498154-0270-s_lc.fits,3.3903473,2459649.1284,2649.1283999998122,2.392,3339.788083827304,3367.487122523046,3340.759249199812
53498154,76,tess2024058030222-s0076-0000000053498154-0271-s_lc.fits,3.3903473,2459649.1284,2649.1283999998122,2.392,3367.702399030304,3394.781073087098,3367.8820275998123
55092869,9,tess2019058134432-s0009-0000000055092869-0139-s_lc.fits,4.73620865,2455498.95898,-1501.0410199998878,7.1,1543.611522053615,1568.480771828444,1544.3411419501122
55092869,62,tess2023043185947-s0062-0000000055092869-0254-s_lc.fits,4.73620865,2455498.95898,-1501.0410199998878,7.1,2988.445213704031,3014.15817329315,2988.884780200112
55092869,89,tess2025042113628-s0089-0000000055092869-0286-s_lc.fits,4.73620865,2455498.95898,-1501.0410199998878,7.1,3718.142977260513,3746.950398811038,3718.260912300112
55092869,100,tess2026033082000-s0100-0000000055092869-0302-s_lc.fits,4.73620865,2455498.95898,-1501.0410199998878,7.1,4073.997904818787,4100.471013702727,4078.2127697001124
55652896,1,tess2018206045859-s0001-0000000055652896-0120-s_lc.fits,17.16073,2458324.5911,1324.591099999845,2.062,1325.29383149298,1353.177467868769,1341.751829999845
55652896,2,tess2018234235059-s0002-0000000055652896-0121-s_lc.fits,17.16073,2458324.5911,1324.591099999845,2.062,1354.108030891304,1381.515163082074,1358.9125599998451
55652896,3,tess2018263035959-s0003-0000000055652896-0123-s_lc.fits,17.16073,2458324.5911,1324.591099999845,2.062,1382.034608588681,1409.384641259591,1393.234019999845
55652896,4,tess2018292075959-s0004-0000000055652896-0124-s_lc.fits,17.16073,2458324.5911,1324.591099999845,2.062,1410.901302729043,1436.840062931051,1427.555479999845
55652896,5,tess2018319095959-s0005-0000000055652896-0125-s_lc.fits,17.16073,2458324.5911,1324.591099999845,2.062,1437.990051248097,1464.277285475677,1444.716209999845
55652896,6,tess2018349182500-s0006-0000000055652896-0126-s_lc.fits,17.16073,2458324.5911,1324.591099999845,2.062,1468.270296496739,1490.045007720149,1479.037669999845
55652896,7,tess2019006130736-s0007-0000000055652896-0131-s_lc.fits,17.16073,2458324.5911,1324.591099999845,2.062,1491.639428225194,1516.086327610721,1496.1983999998452
55652896,8,tess2019032160000-s0008-0000000055652896-0136-s_lc.fits,17.16073,2458324.5911,1324.591099999845,2.062,1517.36269785806,1541.999931666454,1530.519859999845
55652896,9,tess2019058134432-s0009-0000000055652896-0139-s_lc.fits,17.16073,2458324.5911,1324.591099999845,2.062,1543.274917945904,1568.474759178602,1547.680589999845
55652896,11,tess2019112060037-s0011-0000000055652896-0143-s_lc.fits,17.16073,2458324.5911,1324.591099999845,2.062,1596.776129649702,1623.891552050155,1599.162779999845
55652896,12,tess2019140104343-s0012-0000000055652896-0144-s_lc.fits,17.16073,2458324.5911,1324.591099999845,2.062,1624.966558340218,1652.89183647145,1633.4842399998452
55652896,13,tess2019169103026-s0013-0000000055652896-0146-s_lc.fits,17.16073,2458324.5911,1324.591099999845,2.062,1653.919623830102,1682.357469140029,1667.805699999845
55652896,27,tess2020186164531-s0027-0000000055652896-0189-s_lc.fits,17.16073,2458324.5911,1324.591099999845,2.062,2036.278002472319,2060.642184549211,2045.3417599998452
55652896,28,tess2020212050318-s0028-0000000055652896-0190-s_lc.fits,17.16073,2458324.5911,1324.591099999845,2.062,2061.850533529103,2087.098013708433,2062.5024899998452
55652896,29,tess2020238165205-s0029-0000000055652896-0193-s_lc.fits,17.16073,2458324.5911,1324.591099999845,2.062,2088.239692001768,2114.43429721438,2096.8239499998454
55652896,30,tess2020266004630-s0030-0000000055652896-0195-s_lc.fits,17.16073,2458324.5911,1324.591099999845,2.062,2115.885692976415,2143.223200176375,2131.145409999845
55652896,31,tess2020294194027-s0031-0000000055652896-0198-s_lc.fits,17.16073,2458324.5911,1324.591099999845,2.062,2144.514866381239,2169.945277617396,2148.306139999845
55652896,32,tess2020324010417-s0032-0000000055652896-0200-s_lc.fits,17.16073,2458324.5911,1324.591099999845,2.062,2174.228575792698,2200.225507052302,2182.627599999845
55652896,33,tess2020351194500-s0033-0000000055652896-0203-s_lc.fits,17.16073,2458324.5911,1324.591099999845,2.062,2201.73243594898,2227.572363771267,2216.9490599998453
55652896,34,tess2021014023720-s0034-0000000055652896-0204-s_lc.fits,17.16073,2458324.5911,1324.591099999845,2.062,2228.766794263405,2254.065076340957,2234.109789999845
55652896,35,tess2021039152502-s0035-0000000055652896-0205-s_lc.fits,17.16073,2458324.5911,1324.591099999845,2.062,2254.988677973236,2279.978708796019,2268.431249999845
55652896,36,tess2021065132309-s0036-0000000055652896-0207-s_lc.fits,17.16073,2458324.5911,1324.591099999845,2.062,2280.902314251258,2305.988300193188,2285.591979999845
55652896,37,tess2021091135823-s0037-0000000055652896-0208-s_lc.fits,17.16073,2458324.5911,1324.591099999845,2.062,2307.256356674731,2332.578597473732,2319.913439999845
55652896,38,tess2021118034608-s0038-0000000055652896-0209-s_lc.fits,17.16073,2458324.5911,1324.591099999845,2.062,2333.853605448077,2360.55099585847,2337.0741699998453
55652896,39,tess2021146024351-s0039-0000000055652896-0210-s_lc.fits,17.16073,2458324.5911,1324.591099999845,2.062,2361.770454226952,2389.717968492471,2371.3956299998454
55652896,61,tess2023018032328-s0061-0000000055652896-0250-s_lc.fits,17.16073,2458324.5911,1324.591099999845,2.062,2962.798354670852,2988.217476947084,2972.021179999845
55652896,62,tess2023043185947-s0062-0000000055652896-0254-s_lc.fits,17.16073,2458324.5911,1324.591099999845,2.062,2988.439697650508,3014.15195734169,2989.181909999845
55652896,63,tess2023069172124-s0063-0000000055652896-0255-s_lc.fits,17.16073,2458324.5911,1324.591099999845,2.062,3014.367234279333,3040.899067526371,3023.503369999845
55652896,64,tess2023096110322-s0064-0000000055652896-0257-s_lc.fits,17.16073,2458324.5911,1324.591099999845,2.062,3041.11295718287,3068.031058827742,3057.824829999845
55652896,65,tess2023124020739-s0065-0000000055652896-0259-s_lc.fits,17.16073,2458324.5911,1324.591099999845,2.062,3068.738007427032,3096.628487269064,3074.985559999845
55652896,66,tess2023153011303-s0066-0000000055652896-0260-s_lc.fits,17.16073,2458324.5911,1324.591099999845,2.062,3097.672943748297,3126.427429239256,3109.307019999845
55652896,67,tess2023181235917-s0067-0000000055652896-0261-s_lc.fits,17.16073,2458324.5911,1324.591099999845,2.062,3126.641321015349,3154.395824449589,3143.6284799998452
55652896,68,tess2023209231226-s0068-0000000055652896-0262-s_lc.fits,17.16073,2458324.5911,1324.591099999845,2.062,3154.618050067566,3182.128061354341,3160.7892099998453
55652896,69,tess2023237165326-s0069-0000000055652896-0264-s_lc.fits,17.16073,2458324.5911,1324.591099999845,2.062,3182.354453178091,3208.139342548244,3195.1106699998454
55652896,87,tess2024353092137-s0087-0000000055652896-0284-s_lc.fits,17.16073,2458324.5911,1324.591099999845,2.062,3663.041023074626,3689.937883723562,3675.611109999845
55652896,88,tess2025014115807-s0088-0000000055652896-0285-s_lc.fits,17.16073,2458324.5911,1324.591099999845,2.062,3690.151769856683,3717.923637898704,3692.7718399998453
55652896,89,tess2025042113628-s0089-0000000055652896-0286-s_lc.fits,17.16073,2458324.5911,1324.591099999845,2.062,3718.137524025687,3746.944204114805,3727.093299999845
55652896,90,tess2025071122000-s0090-0000000055652896-0287-s_lc.fits,17.16073,2458324.5911,1324.591099999845,2.062,3747.158091605049,3775.076049502711,3761.414759999845
55652896,93,tess2025154050500-s0093-0000000055652896-0290-s_lc.fits,17.16073,2458324.5911,1324.591099999845,2.062,3829.872167126705,3856.048849269913,3830.0576799998453
55652896,94,tess2025180145000-s0094-0000000055652896-0291-s_lc.fits,17.16073,2458324.5911,1324.591099999845,2.062,3856.264128489314,3882.11861130761,3864.3791399998454
55652896,95,tess2025206162959-s0095-0000000055652896-0292-s_lc.fits,17.16073,2458324.5911,1324.591099999845,2.062,3882.349169336446,3907.542500691527,3898.700599999845
55652896,96,tess2025232030459-s0096-0000000055652896-0293-s_lc.fits,17.16073,2458324.5911,1324.591099999845,2.062,3907.774446731245,3933.432971919383,3915.861329999845
55652896,98,tess2025312202959-s0098-0000000055652896-0298-s_lc.fits,17.16073,2458324.5911,1324.591099999845,2.062,3988.500982182799,4045.898955269035,4001.664979999845
56814628,46,tess2021336043614-s0046-0000000056814628-0217-s_lc.fits,21.06884,2457588.4749,588.4748999997973,3.9,2551.563075660039,2578.701849157419,2568.9458599997974
56814628,91,tess2025099153000-s0091-0000000056814628-0288-s_lc.fits,21.06884,2457588.4749,588.4748999997973,3.9,3775.296309994043,3802.747827497592,3790.9385799997976
57984377,57,tess2022273165103-s0057-0000000057984377-0245-s_lc.fits,2.5199454,2453912.5151,-3087.4849000000395,3.7121363,2853.359085081294,2882.12000030564,2854.5463531999612
57984377,84,tess2024274222008-s0084-0000000057984377-0281-s_lc.fits,2.5199454,2453912.5151,-3087.4849000000395,3.7121363,3584.594419127315,3610.345664234196,3585.3305191999607
58824746,42,tess2021232031932-s0042-0000000058824746-0213-s_lc.fits,10.283918787,2459449.3508,2449.350800000131,3.7225,2447.694171061064,2472.894188713111,2449.350800000131
58824746,43,tess2021258175143-s0043-0000000058824746-0214-s_lc.fits,10.283918787,2459449.3508,2449.350800000131,3.7225,2474.172016088015,2498.783528655637,2480.202556361131
58824746,70,tess2023263165758-s0070-0000000058824746-0265-s_lc.fits,10.283918787,2459449.3508,2449.350800000131,3.7225,3208.371809663635,3233.824835526284,3210.360790238131
59040029,42,tess2021232031932-s0042-0000000059040029-0213-s_lc.fits,6.102325,2457070.44,70.43999999994412,2.15,2447.690336938129,2473.146901793689,2450.346749999944
59040029,43,tess2021258175143-s0043-0000000059040029-0214-s_lc.fits,6.102325,2457070.44,70.43999999994412,2.15,2474.169210925592,2498.882208644593,2474.7560499999445
59040029,44,tess2021284114741-s0044-0000000059040029-0215-s_lc.fits,6.102325,2457070.44,70.43999999994412,2.15,2500.193397690542,2524.445830951297,2505.267674999944
59040029,70,tess2023263165758-s0070-0000000059040029-0265-s_lc.fits,6.102325,2457070.44,70.43999999994412,2.15,3208.549739216961,3233.80711320172,3213.1373749999443
59040029,71,tess2023289093419-s0071-0000000059040029-0266-s_lc.fits,6.102325,2457070.44,70.43999999994412,2.15,3234.550216618555,3259.867804144459,3237.5466749999446
59128183,5,tess2018319095959-s0005-0000000059128183-0125-s_lc.fits,4.44143463188,2459494.6124,2494.6123999999836,1.462524,1437.98772923039,1464.014482935023,1441.9923922444236
59128183,32,tess2020324010417-s0032-0000000059128183-0200-s_lc.fits,4.44143463188,2459494.6124,2494.6123999999836,1.462524,2174.233417958249,2200.227965955313,2174.8291065046237
59128183,71,tess2023289093419-s0071-0000000059128183-0266-s_lc.fits,4.44143463188,2459494.6124,2494.6123999999836,1.462524,3234.547665031178,3259.865859188011,3236.3319835239436
59128183,98,tess2025312202959-s0098-0000000059128183-0298-s_lc.fits,4.44143463188,2459494.6124,2494.6123999999836,1.462524,3988.50523947753,4045.903733261375,3991.3758709435433
61538902,10,tess2019085135100-s0010-0000000061538902-0140-s_lc.fits,5.748145,2457027.4373,27.437299999874085,2.6856,1569.440976007854,1595.685383495315,1573.6883049998742
61538902,37,tess2021091135823-s0037-0000000061538902-0208-s_lc.fits,5.748145,2457027.4373,27.437299999874085,2.6856,2307.261595609648,2332.58355491547,2309.4508649998743
61538902,63,tess2023069172124-s0063-0000000061538902-0255-s_lc.fits,5.748145,2457027.4373,27.437299999874085,2.6856,3014.371899537763,3040.904349292697,3016.4726999998743
61538902,64,tess2023096110322-s0064-0000000061538902-0257-s_lc.fits,5.748145,2457027.4373,27.437299999874085,2.6856,3041.11823880647,3068.03586626857,3045.213424999874
61538902,90,tess2025071122000-s0090-0000000061538902-0287-s_lc.fits,5.748145,2457027.4373,27.437299999874085,2.6856,3747.16284078222,3775.081318101882,3752.235259999874
61538902,99,tess2026005125623-s0099-0000000061538902-0300-s_lc.fits,5.748145,2457027.4373,27.437299999874085,2.6856,4046.114063419017,4073.780029747792,4051.138799999874
61538902,100,tess2026033082000-s0100-0000000061538902-0302-s_lc.fits,5.748145,2457027.4373,27.437299999874085,2.6856,4073.995335176449,4100.469122135169,4074.1313799998743
61538902,101,tess2026060005000-s0101-0000000061538902-0303-s_lc.fits,5.748145,2457027.4373,27.437299999874085,2.6856,4100.684393140739,4126.810205274896,4102.872104999874
62483237,1,tess2018206045859-s0001-0000000062483237-0120-s_lc.fits,11.07085,2458334.8906,1334.8906000000425,2.1937617,1325.298602806377,1353.18228830802,1334.8906000000425
62483237,28,tess2020212050318-s0028-0000000062483237-0190-s_lc.fits,11.07085,2458334.8906,1334.8906000000425,2.1937617,2061.855386221219,2087.102741998903,2065.5667000000426
62483237,68,tess2023209231226-s0068-0000000062483237-0262-s_lc.fits,11.07085,2458334.8906,1334.8906000000425,2.1937617,3154.615929370206,3182.142551250074,3161.5808500000426
62483237,95,tess2025206162959-s0095-0000000062483237-0292-s_lc.fits,11.07085,2458334.8906,1334.8906000000425,2.1937617,3882.403967520528,3907.54738284513,3892.2569500000427
63009789,74,tess2024003055635-s0074-0000000063009789-0269-s_lc.fits,6.42200058,2454967.58093,-2032.419069999829,2.6602,3312.861418470185,3339.566702334274,3317.107413140171
63009789,75,tess2024030031500-s0075-0000000063009789-0270-s_lc.fits,6.42200058,2454967.58093,-2032.419069999829,2.6602,3339.781979948198,3367.4808703711,3342.795415460171
63009789,81,tess2024196212429-s0081-0000000063009789-0276-s_lc.fits,6.42200058,2454967.58093,-2032.419069999829,2.6602,3506.554356646597,3533.179399239431,3509.7674305401706
63009789,82,tess2024223182411-s0082-0000000063009789-0278-s_lc.fits,6.42200058,2454967.58093,-2032.419069999829,2.6602,3533.394675544568,3559.248409400257,3535.4554328601707
63068329,54,tess2022190063128-s0054-0000000063068329-0227-s_lc.fits,28.59915399,2455022.92579,-1977.0742100002244,3.6632,2769.900667100623,2796.131402280145,2770.3853523397756
63068329,55,tess2022217014003-s0055-0000000063068329-0242-s_lc.fits,28.59915399,2455022.92579,-1977.0742100002244,3.6632,2797.102233327762,2824.265826294768,2798.984506329776
63068329,74,tess2024003055635-s0074-0000000063068329-0269-s_lc.fits,28.59915399,2455022.92579,-1977.0742100002244,3.6632,3312.861631855512,3339.566900521813,3313.7692781497763
63068329,75,tess2024030031500-s0075-0000000063068329-0270-s_lc.fits,28.59915399,2455022.92579,-1977.0742100002244,3.6632,3339.782177770193,3367.481006750252,3342.368432139776
63068329,81,tess2024196212429-s0081-0000000063068329-0276-s_lc.fits,28.59915399,2455022.92579,-1977.0742100002244,3.6632,3506.554136034905,3533.17921024847,3513.9633560797756
63068329,82,tess2024223182411-s0082-0000000063068329-0278-s_lc.fits,28.59915399,2455022.92579,-1977.0742100002244,3.6632,3533.394487609869,3559.24828839622,3542.562510069776
63072565,74,tess2024003055635-s0074-0000000063072565-0269-s_lc.fits,1.569066502,2454966.04048,-2033.959520000033,2.7835,3312.861624285722,3339.5668878528,3313.4191188159675
63072565,75,tess2024030031500-s0075-0000000063072565-0270-s_lc.fits,1.569066502,2454966.04048,-2033.959520000033,2.7835,3339.782165072541,3367.480991677262,3340.0932493499677
63072565,81,tess2024196212429-s0081-0000000063072565-0276-s_lc.fits,1.569066502,2454966.04048,-2033.959520000033,2.7835,3506.554145979102,3533.179224211556,3507.9833650639675
63072565,82,tess2024223182411-s0082-0000000063072565-0278-s_lc.fits,1.569066502,2454966.04048,-2033.959520000033,2.7835,3533.394501596938,3559.248303595288,3534.6574955979668
63122956,74,tess2024003055635-s0074-0000000063122956-0269-s_lc.fits,5.91,2455005.18429,-1994.8157100002281,2.3254,3312.861272097476,3339.566558162745,3318.274289999772
63122956,75,tess2024030031500-s0075-0000000063122956-0270-s_lc.fits,5.91,2455005.18429,-1994.8157100002281,2.3254,3339.781835967823,3367.480761893906,3341.9142899997723
63122956,81,tess2024196212429-s0081-0000000063122956-0276-s_lc.fits,5.91,2455005.18429,-1994.8157100002281,2.3254,3506.55451105662,3533.1795394554,3507.394289999772
63122956,82,tess2024223182411-s0082-0000000063122956-0278-s_lc.fits,5.91,2455005.18429,-1994.8157100002281,2.3254,3533.394815566589,3559.248508742108,3536.944289999772
63126862,14,tess2019198215352-s0014-0000000063126862-0150-s_lc.fits,0.45328509,2454966.86952,-2033.130479999818,0.4445,1683.355614695494,1710.207003092542,1683.8072580001822
63126862,15,tess2019226182529-s0015-0000000063126862-0151-s_lc.fits,0.45328509,2454966.86952,-2033.130479999818,0.4445,1711.366715766573,1737.41206221009,1711.4576484901822
63126862,40,tess2021175071901-s0040-0000000063126862-0211-s_lc.fits,0.45328509,2454966.86952,-2033.130479999818,0.4445,2390.654898525553,2418.856717287017,2390.9319984001822
63126862,41,tess2021204101404-s0041-0000000063126862-0212-s_lc.fits,0.45328509,2454966.86952,-2033.130479999818,0.4445,2419.991444079098,2446.581612630323,2420.3955292501823
63126862,54,tess2022190063128-s0054-0000000063126862-0227-s_lc.fits,0.45328509,2454966.86952,-2033.130479999818,0.4445,2769.900836317463,2796.131565717663,2770.3316187301825
63126862,74,tess2024003055635-s0074-0000000063126862-0269-s_lc.fits,0.45328509,2454966.86952,-2033.130479999818,0.4445,3312.861469651017,3339.566738586005,3312.9138714601822
63126862,75,tess2024030031500-s0075-0000000063126862-0270-s_lc.fits,0.45328509,2454966.86952,-2033.130479999818,0.4445,3339.782016029031,3367.480882598899,3340.110976860182
63126862,81,tess2024196212429-s0081-0000000063126862-0276-s_lc.fits,0.45328509,2454966.86952,-2033.130479999818,0.4445,3506.554307978939,3533.179368442224,3506.9198899801822
63126862,82,tess2024223182411-s0082-0000000063126862-0278-s_lc.fits,0.45328509,2454966.86952,-2033.130479999818,0.4445,3533.394644908712,3559.248401993914,3533.6637102901823
63204017,81,tess2024196212429-s0081-0000000063204017-0276-s_lc.fits,3.940997,2454969.09337,-2030.9066300000995,2.596,3506.553998724478,3533.179107422822,3510.1351519999007
63204017,82,tess2024223182411-s0082-0000000063204017-0278-s_lc.fits,3.940997,2454969.09337,-2030.9066300000995,2.596,3533.394384888016,3559.248238875819,3533.7811339999007
63206513,74,tess2024003055635-s0074-0000000063206513-0269-s_lc.fits,8.313783059,2455008.99158,-1991.0084199998528,2.9927,3312.86161111263,3339.566869220993,3313.185171642148
63206513,75,tess2024030031500-s0075-0000000063206513-0270-s_lc.fits,8.313783059,2455008.99158,-1991.0084199998528,2.9927,3339.78214641652,3367.480971646842,3346.4403038781475
63206513,81,tess2024196212429-s0081-0000000063206513-0276-s_lc.fits,8.313783059,2455008.99158,-1991.0084199998528,2.9927,3506.554162002041,3533.17924411392,3512.715965058147
63211674,40,tess2021175071901-s0040-0000000063211674-0211-s_lc.fits,8.6001536,2455010.64241,-1989.3575900001451,9.003,2390.655025651317,2418.856846291491,2396.7207459998554
63211674,41,tess2021204101404-s0041-0000000063211674-0212-s_lc.fits,8.6001536,2455010.64241,-1989.3575900001451,9.003,2419.991572586479,2446.581715567544,2422.5212067998555
63211674,54,tess2022190063128-s0054-0000000063211674-0227-s_lc.fits,8.6001536,2455010.64241,-1989.3575900001451,9.003,2769.900968407176,2796.131686948155,2775.127504399855
63211674,55,tess2022217014003-s0055-0000000063211674-0242-s_lc.fits,8.6001536,2455010.64241,-1989.3575900001451,9.003,2797.102516085766,2824.266032141127,2800.927965199855
63211674,74,tess2024003055635-s0074-0000000063211674-0269-s_lc.fits,8.6001536,2455010.64241,-1989.3575900001451,9.003,3312.86134227496,3339.566618200921,3316.9371811998553
63211674,75,tess2024030031500-s0075-0000000063211674-0270-s_lc.fits,8.6001536,2455010.64241,-1989.3575900001451,9.003,3339.781895847907,3367.480797414083,3342.7376419998554
63211674,81,tess2024196212429-s0081-0000000063211674-0276-s_lc.fits,8.6001536,2455010.64241,-1989.3575900001451,9.003,3506.554440439551,3533.17948392436,3514.740713999855
63211674,82,tess2024223182411-s0082-0000000063211674-0278-s_lc.fits,8.6001536,2455010.64241,-1989.3575900001451,9.003,3533.394760188286,3559.248478645255,3540.541174799855
63282889,74,tess2024003055635-s0074-0000000063282889-0269-s_lc.fits,1.025869966,2454964.65551,-2035.3444900000468,0.8069,3312.861295718377,3339.566567558859,3313.541512723953
63282889,75,tess2024030031500-s0075-0000000063282889-0270-s_lc.fits,1.025869966,2454964.65551,-2035.3444900000468,0.8069,3339.781845231223,3367.480754223533,3340.2141318399526
63282889,81,tess2024196212429-s0081-0000000063282889-0276-s_lc.fits,1.025869966,2454964.65551,-2035.3444900000468,0.8069,3506.554491349834,3533.179534682605,3507.430936297953
63282889,82,tess2024223182411-s0082-0000000063282889-0278-s_lc.fits,1.025869966,2454964.65551,-2035.3444900000468,0.8069,3533.394810916262,3559.248519478394,3534.1035554139526
63284044,40,tess2021175071901-s0040-0000000063284044-0211-s_lc.fits,2.279526656,2454966.35773,-2033.6422700001858,1.592,2390.655021176778,2418.856847048191,2390.9189692958134
63284044,41,tess2021204101404-s0041-0000000063284044-0212-s_lc.fits,2.279526656,2454966.35773,-2033.6422700001858,1.592,2419.991573573914,2446.58172130519,2420.552815823814
63284044,74,tess2024003055635-s0074-0000000063284044-0269-s_lc.fits,2.279526656,2454966.35773,-2033.6422700001858,1.592,3312.861344880801,3339.566615606023,3314.127264975814
63284044,75,tess2024030031500-s0075-0000000063284044-0270-s_lc.fits,2.279526656,2454966.35773,-2033.6422700001858,1.592,3339.781893211565,3367.48078997561,3341.481584847814
63284044,81,tess2024196212429-s0081-0000000063284044-0276-s_lc.fits,2.279526656,2454966.35773,-2033.6422700001858,1.592,3506.554439629766,3533.179488072937,3507.887030735814
63284044,82,tess2024223182411-s0082-0000000063284044-0278-s_lc.fits,2.279526656,2454966.35773,-2033.6422700001858,1.592,3533.394764373649,3559.248486838332,3535.2413506078137
63286249,81,tess2024196212429-s0081-0000000063286249-0276-s_lc.fits,24.31575992,2455016.40799,-1983.5920099997893,4.1383,3506.554330422416,3533.179394102955,3511.7697319202107
63286249,82,tess2024223182411-s0082-0000000063286249-0278-s_lc.fits,24.31575992,2455016.40799,-1983.5920099997893,4.1383,3533.394670579454,3559.248425854399,3536.085491840211
63288941,75,tess2024030031500-s0075-0000000063288941-0270-s_lc.fits,44.6169557,2454997.44482,-2002.5551800001413,7.632,3339.78212914491,3367.480951697214,3351.479503999859
63288941,81,tess2024196212429-s0081-0000000063288941-0276-s_lc.fits,44.6169557,2454997.44482,-2002.5551800001413,7.632,3506.554175898305,3533.179262946892,3529.9473267998583
63293562,74,tess2024003055635-s0074-0000000063293562-0269-s_lc.fits,1.644224613,2454964.75113,-2035.2488699997775,2.7822,3312.861666776849,3339.566907843406,3313.413796089222
63293562,75,tess2024030031500-s0075-0000000063293562-0270-s_lc.fits,1.644224613,2454964.75113,-2035.2488699997775,2.7822,3339.782184847546,3367.480983485814,3341.3656145102223
63293562,81,tess2024196212429-s0081-0000000063293562-0276-s_lc.fits,1.644224613,2454964.75113,-2035.2488699997775,2.7822,3506.554109363689,3533.179211645454,3507.432300423223
63293562,82,tess2024223182411-s0082-0000000063293562-0278-s_lc.fits,1.644224613,2454964.75113,-2035.2488699997775,2.7822,3533.394489230371,3559.248316943818,3533.739894231223
63366291,74,tess2024003055635-s0074-0000000063366291-0269-s_lc.fits,18.3027248,2454975.89236,-2024.1076400000602,8.164,3312.861426217392,3339.566682289884,3320.28800159994
63366291,75,tess2024030031500-s0075-0000000063366291-0270-s_lc.fits,18.3027248,2454975.89236,-2024.1076400000602,8.164,3339.781959690768,3367.480825877629,3356.8934511999396
63366291,81,tess2024196212429-s0081-0000000063366291-0276-s_lc.fits,18.3027248,2454975.89236,-2024.1076400000602,8.164,3506.554358871061,3533.179427443837,3521.61797439994
63366291,82,tess2024223182411-s0082-0000000063366291-0278-s_lc.fits,18.3027248,2454975.89236,-2024.1076400000602,8.164,3533.394703940593,3559.248457552894,3539.92069919994
63372898,40,tess2021175071901-s0040-0000000063372898-0211-s_lc.fits,2.382961,2454968.08186,-2031.918140000198,2.026,2390.655033293052,2418.856873942459,2390.857475999802
63372898,41,tess2021204101404-s0041-0000000063372898-0212-s_lc.fits,2.382961,2454968.08186,-2031.918140000198,2.026,2419.991601007184,2446.581756912213,2421.8359689998015
63372898,54,tess2022190063128-s0054-0000000063372898-0227-s_lc.fits,2.382961,2454968.08186,-2031.918140000198,2.026,2769.900986454112,2796.131721446672,2772.131235999802
63372898,55,tess2022217014003-s0055-0000000063372898-0242-s_lc.fits,2.382961,2454968.08186,-2031.918140000198,2.026,2797.102551138652,2824.266076807591,2798.343806999802
63372898,74,tess2024003055635-s0074-0000000063372898-0269-s_lc.fits,2.382961,2454968.08186,-2031.918140000198,2.026,3312.861327566583,3339.566585300554,3313.0633829998014
63372898,75,tess2024030031500-s0075-0000000063372898-0270-s_lc.fits,2.382961,2454968.08186,-2031.918140000198,2.026,3339.781862831357,3367.480753090579,3341.6589149998017
63372898,81,tess2024196212429-s0081-0000000063372898-0276-s_lc.fits,2.382961,2454968.08186,-2031.918140000198,2.026,3506.554462872318,3533.179521716499,3508.466184999802
63372898,82,tess2024223182411-s0082-0000000063372898-0278-s_lc.fits,2.382961,2454968.08186,-2031.918140000198,2.026,3533.394798081007,3559.248524163413,3534.678755999802
63898957,3,tess2018263035959-s0003-0000000063898957-0123-s_lc.fits,3.3639254,2458383.91562,1383.9156200001016,3.3430495,1382.038966163475,1409.388617788876,1383.9156200001016
63898957,30,tess2020266004630-s0030-0000000063898957-0195-s_lc.fits,3.3639254,2458383.91562,1383.9156200001016,3.3430495,2115.89003215526,2142.513178952665,2117.2513572001017
66561343,33,tess2020351194500-s0033-0000000066561343-0203-s_lc.fits,10.62656,2458475.689,1475.6889999997802,5.415,2201.736869013799,2227.576632511799,2208.9216399997804
66561343,98,tess2025312202959-s0098-0000000066561343-0298-s_lc.fits,10.62656,2458475.689,1475.6889999997802,5.415,3988.503934271363,4045.903322537223,3994.18371999978
67512645,72,tess2023315124025-s0072-0000000067512645-0267-s_lc.fits,3.37077196,2460313.41167,3313.4116699998267,1.422,3260.180255421698,3285.570141479928,3262.8500905998267
68007716,88,tess2025014115807-s0088-0000000068007716-0285-s_lc.fits,5.45664,2458950.09242,1950.0924200001173,4.162,3690.157091598917,3717.234440425869,3690.7605800001174
68577662,43,tess2021258175143-s0043-0000000068577662-0214-s_lc.fits,11.168454,2457825.34978,825.3497799998149,5.03016,2474.167678295344,2498.881025160892,2478.280971999815
68577662,44,tess2021284114741-s0044-0000000068577662-0215-s_lc.fits,11.168454,2457825.34978,825.3497799998149,5.03016,2500.196421590911,2524.445248584119,2500.617879999815
68577662,71,tess2023289093419-s0071-0000000068577662-0266-s_lc.fits,11.168454,2457825.34978,825.3497799998149,5.03016,3234.547739145829,3259.865938262885,3237.735843999815
69356857,74,tess2024003055635-s0074-0000000069356857-0269-s_lc.fits,4.0966692,2459857.92806,2857.928059999831,4.783,3312.860681367626,3339.56593455488,3316.755010399831
69356857,75,tess2024030031500-s0075-0000000069356857-0270-s_lc.fits,4.0966692,2459857.92806,2857.928059999831,4.783,3339.781212367313,3367.480248005756,3341.335025599831
69356857,81,tess2024196212429-s0081-0000000069356857-0276-s_lc.fits,4.0966692,2459857.92806,2857.928059999831,4.783,3506.555150549732,3533.18015966897,3509.298462799831
69679391,14,tess2019198215352-s0014-0000000069679391-0150-s_lc.fits,3.4741085,2457503.12005,503.1200500000268,3.57552,1683.356771634499,1710.208040493733,1684.3169400000268
69679391,40,tess2021175071901-s0040-0000000069679391-0211-s_lc.fits,3.4741085,2457503.12005,503.1200500000268,3.57552,2390.655968302728,2418.857869924893,2393.0350740000267
69679391,41,tess2021204101404-s0041-0000000069679391-0212-s_lc.fits,3.4741085,2457503.12005,503.1200500000268,3.57552,2419.992595712871,2446.582593931483,2420.8279420000267
69679391,54,tess2022190063128-s0054-0000000069679391-0227-s_lc.fits,3.4741085,2457503.12005,503.1200500000268,3.57552,2769.902011968572,2796.132705853717,2771.7129005000265
69679391,74,tess2024003055635-s0074-0000000069679391-0269-s_lc.fits,3.4741085,2457503.12005,503.1200500000268,3.57552,3312.860356378888,3339.565622566009,3313.6738265000267
69679391,75,tess2024030031500-s0075-0000000069679391-0270-s_lc.fits,3.4741085,2457503.12005,503.1200500000268,3.57552,3339.780900868084,3367.48002189088,3341.4666945000267
69679391,81,tess2024196212429-s0081-0000000069679391-0276-s_lc.fits,3.4741085,2457503.12005,503.1200500000268,3.57552,3506.555501552652,3533.180471755413,3508.2239025000267
70298662,91,tess2025099153000-s0091-0000000070298662-0288-s_lc.fits,3.1443189,2457990.862,990.8620000001974,0.821,3775.295684547307,3802.759032251252,3776.7285454001976
70899085,5,tess2018319095959-s0005-0000000070899085-0125-s_lc.fits,4.052037,2458774.70336,1774.7033600001596,1.5605128,1437.995624285401,1464.196729846052,1438.3842890001597
70899085,32,tess2020324010417-s0032-0000000070899085-0200-s_lc.fits,4.052037,2458774.70336,1774.7033600001596,1.5605128,2174.227265772352,2200.229541853466,2175.8550230001597
73717937,10,tess2019085135100-s0010-0000000073717937-0140-s_lc.fits,16.254611,2457139.1672,139.16720000002533,4.8264,1569.440612995962,1595.685580868133,1569.5729680000254
73717937,11,tess2019112060037-s0011-0000000073717937-0143-s_lc.fits,16.254611,2457139.1672,139.16720000002533,4.8264,1596.78140939855,1623.896248407134,1602.0821900000253
73717937,37,tess2021091135823-s0037-0000000073717937-0208-s_lc.fits,16.254611,2457139.1672,139.16720000002533,4.8264,2307.25583035155,2332.583886372661,2317.2850740000254
73717937,64,tess2023096110322-s0064-0000000073717937-0257-s_lc.fits,16.254611,2457139.1672,139.16720000002533,4.8264,3041.118107197039,3068.036305127743,3048.7425690000255
73717937,99,tess2026005125623-s0099-0000000073717937-0300-s_lc.fits,16.254611,2457139.1672,139.16720000002533,4.8264,4046.112840676068,4073.778876839856,4056.5284510000256
73717937,100,tess2026033082000-s0100-0000000073717937-0302-s_lc.fits,16.254611,2457139.1672,139.16720000002533,4.8264,4073.99417145473,4100.468279316068,4089.0376730000253
73717937,101,tess2026060005000-s0101-0000000073717937-0303-s_lc.fits,16.254611,2457139.1672,139.16720000002533,4.8264,4100.696084429964,4126.80988563894,4105.292284000026
77044471,2,tess2018234235059-s0002-0000000077044471-0121-s_lc.fits,2.686502,2456824.79069,-175.20930999983102,2.6208,1354.112527630768,1381.5195202625,1356.096830000169
77044471,29,tess2020238165205-s0029-0000000077044471-0193-s_lc.fits,2.686502,2456824.79069,-175.20930999983102,2.6208,2088.244201718582,2114.423291543368,2089.5118760001687
77044471,69,tess2023237165326-s0069-0000000077044471-0264-s_lc.fits,2.686502,2456824.79069,-175.20930999983102,2.6208,3182.358947186335,3208.143671538584,3182.918190000169
77044471,96,tess2025232030459-s0096-0000000077044471-0293-s_lc.fits,2.686502,2456824.79069,-175.20930999983102,2.6208,3907.778892212868,3933.440206055646,3908.273730000169
77156657,31,tess2020294194027-s0031-0000000077156657-0198-s_lc.fits,3.840401,2457668.0849,668.0849000001326,5.5872,2144.516726732927,2169.947548423781,2146.6392850001325
77156657,32,tess2020324010417-s0032-0000000077156657-0200-s_lc.fits,3.840401,2457668.0849,668.0849000001326,5.5872,2174.230874760288,2200.224909136445,2177.3624930001324
77156657,98,tess2025312202959-s0098-0000000077156657-0298-s_lc.fits,3.840401,2457668.0849,668.0849000001326,5.5872,3988.503151258306,4045.900733047314,3990.0317650001325
77156829,4,tess2018292075959-s0004-0000000077156829-0124-s_lc.fits,0.8602325,2458998.15553,1998.1555300001055,0.801,1410.903043434186,1436.840859040887,1411.4769650001056
77156829,5,tess2018319095959-s0005-0000000077156829-0125-s_lc.fits,0.8602325,2458998.15553,1998.1555300001055,0.801,1437.993637630535,1464.275298455314,1438.1441725001055
77156829,31,tess2020294194027-s0031-0000000077156829-0198-s_lc.fits,0.8602325,2458998.15553,1998.1555300001055,0.801,2144.516673408656,2169.947479370869,2145.2552875001056
77156829,32,tess2020324010417-s0032-0000000077156829-0200-s_lc.fits,0.8602325,2458998.15553,1998.1555300001055,0.801,2174.230804306201,2200.224838994351,2174.5031925001053
77156829,98,tess2025312202959-s0098-0000000077156829-0298-s_lc.fits,0.8602325,2458998.15553,1998.1555300001055,0.801,3988.503086263632,4045.900673112282,3988.7335350001053
79748331,13,tess2019169103026-s0013-0000000079748331-0146-s_lc.fits,6.443868,2459036.8534,2036.8533999999054,1.98,1653.941426092288,1682.362593840796,1656.6651879999054
79748331,27,tess2020186164531-s0027-0000000079748331-0189-s_lc.fits,6.443868,2459036.8534,2036.8533999999054,1.98,2036.283272452474,2060.646906019326,2036.8533999999054
79748331,67,tess2023181235917-s0067-0000000079748331-0261-s_lc.fits,6.443868,2459036.8534,2036.8533999999054,1.98,3126.646641515025,3154.400668181665,3132.310959999905
79748331,94,tess2025180145000-s0094-0000000079748331-0291-s_lc.fits,6.443868,2459036.8534,2036.8533999999054,1.98,3856.351409215667,3881.595805564438,3860.4680439999056
82050863,46,tess2021336043614-s0046-0000000082050863-0217-s_lc.fits,18.4498,2456822.6712,-177.32879999978468,2.8397,2551.563831493053,2578.702644388927,2553.2416000002154
82050863,72,tess2023315124025-s0072-0000000082050863-0267-s_lc.fits,18.4498,2456822.6712,-177.32879999978468,2.8397,3260.179604856976,3285.56523380493,3272.7838000002153
85266608,48,tess2022027120115-s0048-0000000085266608-0219-s_lc.fits,5.167228,2456885.10428,-114.89571999991313,5.9764524,2607.938363086712,2635.991571522765,2608.233436000087
85293053,21,tess2020020091053-s0021-0000000085293053-0167-s_lc.fits,8.054246874,2459628.8507,2628.8506999998353,3.4202,1870.449599439368,1897.786184203052,1871.7514938438353
85293053,48,tess2022027120115-s0048-0000000085293053-0219-s_lc.fits,8.054246874,2459628.8507,2628.8506999998353,3.4202,2607.938401609939,2635.991338270698,2612.7422062518353
86380416,47,tess2021364111932-s0047-0000000086380416-0218-s_lc.fits,6.0408643461,2458701.56161,1701.561610000208,3.1347908,2579.818907415644,2606.944125369095,2583.5278045308078
88529975,60,tess2022357055054-s0060-0000000088529975-0249-s_lc.fits,2.6085846,2459794.01216,2794.0121599999256,1.985,2936.906791266834,2962.587168865775,2937.484312999926
88529975,74,tess2024003055635-s0074-0000000088529975-0269-s_lc.fits,2.6085846,2459794.01216,2794.0121599999256,1.985,3312.867732059154,3339.572728821639,3313.120495399926
89020549,1,tess2018206045859-s0001-0000000089020549-0120-s_lc.fits,2.1097019,2458333.23095,1333.2309500002302,2.1344043,1325.298329253562,1353.181892778491,1326.9018443002303
89020549,28,tess2020212050318-s0028-0000000089020549-0190-s_lc.fits,2.1097019,2458333.23095,1333.2309500002302,2.1344043,2061.855082412062,2087.102340094005,2063.18780740023
89020549,68,tess2023209231226-s0068-0000000089020549-0262-s_lc.fits,2.1097019,2458333.23095,1333.2309500002302,2.1344043,3154.622587123237,3182.136595824345,3156.0133916002305
89020549,95,tess2025206162959-s0095-0000000089020549-0292-s_lc.fits,2.1097019,2458333.23095,1333.2309500002302,2.1344043,3882.552309133539,3907.546995517294,3883.86054710023
91987762,21,tess2020020091053-s0021-0000000091987762-0167-s_lc.fits,45.52234,2458894.2511,1894.251099999994,4.2704237,1870.440452729904,1897.786498913391,1894.251099999994
91987762,45,tess2021310001228-s0045-0000000091987762-0216-s_lc.fits,45.52234,2458894.2511,1894.251099999994,4.2704237,2526.003870129397,2550.627097669791,2531.563859999994
91987762,46,tess2021336043614-s0046-0000000091987762-0217-s_lc.fits,45.52234,2458894.2511,1894.251099999994,4.2704237,2551.567467072369,2578.705742285453,2577.0861999999943
91987762,48,tess2022027120115-s0048-0000000091987762-0219-s_lc.fits,45.52234,2458894.2511,1894.251099999994,4.2704237,2607.93891660441,2635.991559608916,2622.608539999994
97568467,33,tess2020351194500-s0033-0000000097568467-0203-s_lc.fits,10.655669,2459109.19818,2109.198179999832,7.838,2201.737739761895,2227.577580367817,2205.099200999832
97568467,72,tess2023315124025-s0072-0000000097568467-0267-s_lc.fits,10.655669,2459109.19818,2109.198179999832,7.838,3261.026183284205,3285.58839547689,3270.666100999832
97568467,87,tess2024353092137-s0087-0000000097568467-0284-s_lc.fits,10.655669,2459109.19818,2109.198179999832,7.838,3663.058775720908,3689.577749115371,3664.925853999832
97766057,39,tess2021146024351-s0039-0000000097766057-0210-s_lc.fits,3.25352,2459734.269,2734.2689999998547,5.1923833,2361.776646051918,2389.709773968308,2363.3677199998547
97766057,66,tess2023153011303-s0066-0000000097766057-0260-s_lc.fits,3.25352,2459734.269,2734.2689999998547,5.1923833,3097.679189909125,3126.432875269792,3098.663239999855
97766057,91,tess2025099153000-s0091-0000000097766057-0288-s_lc.fits,3.25352,2459734.269,2734.2689999998547,5.1923833,3775.294018856192,3802.758288874029,3775.395399999855
97766057,93,tess2025154050500-s0093-0000000097766057-0290-s_lc.fits,3.25352,2459734.269,2734.2689999998547,5.1923833,3829.878413245449,3855.294649254921,3830.7052399998547
98545929,33,tess2020351194500-s0033-0000000098545929-0203-s_lc.fits,1.8882378,2456911.87486,-88.1251400001347,3.624,2201.735117740887,2227.575865809131,2202.3073113998653
98545929,34,tess2021014023720-s0034-0000000098545929-0204-s_lc.fits,1.8882378,2456911.87486,-88.1251400001347,3.624,2228.770324304074,2254.068690185931,2230.630878399865
98545929,61,tess2023018032328-s0061-0000000098545929-0250-s_lc.fits,1.8882378,2456911.87486,-88.1251400001347,3.624,2962.801928102596,2988.22241741976,2963.267144799865
98545929,87,tess2024353092137-s0087-0000000098545929-0284-s_lc.fits,1.8882378,2456911.87486,-88.1251400001347,3.624,3663.047866741906,3689.94138857809,3663.8033685998653
98545929,88,tess2025014115807-s0088-0000000098545929-0285-s_lc.fits,1.8882378,2456911.87486,-88.1251400001347,3.624,3690.15527747926,3717.927183240653,3690.2386977998653
98669309,46,tess2021336043614-s0046-0000000098669309-0217-s_lc.fits,4.00167,2457583.9993,583.9992999997921,2.1,2551.562772061686,2578.701510446138,2552.8209399997922
98669309,91,tess2025099153000-s0091-0000000098669309-0288-s_lc.fits,4.00167,2457583.9993,583.9992999997921,2.1,3775.296384724763,3802.748047040591,3777.331959999792
98720809,46,tess2021336043614-s0046-0000000098720809-0217-s_lc.fits,0.584216,2457646.56655,646.566550000105,1.5,2551.562696586606,2578.70142541756,2551.6949260001047
98720809,91,tess2025099153000-s0091-0000000098720809-0288-s_lc.fits,0.584216,2457646.56655,646.566550000105,1.5,3775.296401903008,3802.748100875227,3775.627446000105
98751904,46,tess2021336043614-s0046-0000000098751904-0217-s_lc.fits,2.69828,2457583.1943,583.1943000000902,1.5,2551.562658702266,2578.701382690064,2552.93870000009
98751904,91,tess2025099153000-s0091-0000000098751904-0288-s_lc.fits,2.69828,2457583.1943,583.1943000000902,1.5,3775.296410449289,3802.748127864955,3777.95782000009
100389539,87,tess2024353092137-s0087-0000000100389539-0284-s_lc.fits,4.28088,2459237.59508,2237.5950799998827,3.334,3663.044506214731,3689.942210334336,3663.128119999883
100389539,88,tess2025014115807-s0088-0000000100389539-0285-s_lc.fits,4.28088,2459237.59508,2237.5950799998827,3.334,3690.156098922212,3717.927828807295,3693.094279999883
100566492,27,tess2020186164531-s0027-0000000100566492-0189-s_lc.fits,4.954,2458248.26526,1248.2652599997818,6.048,2036.282978463322,2060.646963955554,2040.9052599997817
100566492,67,tess2023181235917-s0067-0000000100566492-0261-s_lc.fits,4.954,2458248.26526,1248.2652599997818,6.048,3126.646265684504,3154.400689943927,3130.785259999782
100566492,94,tess2025180145000-s0094-0000000100566492-0291-s_lc.fits,4.954,2458248.26526,1248.2652599997818,6.048,3856.352413137097,3881.584669968894,3859.0232599997817
100990000,3,tess2018263035959-s0003-0000000100990000-0123-s_lc.fits,4.040295,2458385.7321,1385.7321000001393,3.074,1382.036277327666,1409.386775276856,1385.7321000001393
100990000,4,tess2018292075959-s0004-0000000100990000-0124-s_lc.fits,4.040295,2458385.7321,1385.7321000001393,3.074,1410.903453462501,1436.839416988521,1414.0141650001394
100990000,30,tess2020266004630-s0030-0000000100990000-0195-s_lc.fits,4.040295,2458385.7321,1385.7321000001393,3.074,2115.887431443288,2143.21701620663,2117.0254950001395
100990000,31,tess2020294194027-s0031-0000000100990000-0198-s_lc.fits,4.040295,2458385.7321,1385.7321000001393,3.074,2144.51702688008,2169.947373252297,2145.3075600001393
100990000,97,tess2025258001959-s0097-0000000100990000-0294-s_lc.fits,4.040295,2458385.7321,1385.7321000001393,3.074,3933.662263154933,3988.287858222176,3935.1582450001397
102264230,42,tess2021232031932-s0042-0000000102264230-0213-s_lc.fits,0.78961,2457012.13666,12.136659999843687,1.899,2447.69616397344,2473.165062847055,2448.083509999844
102264230,92,tess2025127075000-s0092-0000000102264230-0289-s_lc.fits,0.78961,2457012.13666,12.136659999843687,1.899,3802.97555585181,3829.635084290825,3803.0542699998437
102713734,59,tess2022330142927-s0059-0000000102713734-0248-s_lc.fits,3.39775,2458839.4534,1839.4533999999985,8.38,2910.278841504781,2936.691236849274,2913.1423999999984
102713734,73,tess2023341045131-s0073-0000000102713734-0268-s_lc.fits,3.39775,2458839.4534,1839.4533999999985,8.38,3285.802337491879,3312.653273944485,3286.8948999999984
102713734,86,tess2024326142117-s0086-0000000102713734-0283-s_lc.fits,3.39775,2458839.4534,1839.4533999999985,8.38,3636.264077815939,3662.830783112191,3636.8631499999983
103751498,40,tess2021175071901-s0040-0000000103751498-0211-s_lc.fits,3.71495,2458210.8398,1210.8398000001907,4.0272,2390.649937526861,2418.850906999204,2392.1939000001908
103751498,41,tess2021204101404-s0041-0000000103751498-0212-s_lc.fits,3.71495,2458210.8398,1210.8398000001907,4.0272,2419.985623911583,2446.576223804625,2421.9135000001907
103751498,47,tess2021364111932-s0047-0000000103751498-0218-s_lc.fits,3.71495,2458210.8398,1210.8398000001907,4.0272,2579.815608420671,2606.94362203207,2581.6563500001907
103751498,60,tess2022357055054-s0060-0000000103751498-0249-s_lc.fits,3.71495,2458210.8398,1210.8398000001907,4.0272,2936.905507371034,2962.586505704853,2938.291550000191
103751498,74,tess2024003055635-s0074-0000000103751498-0269-s_lc.fits,3.71495,2458210.8398,1210.8398000001907,4.0272,3312.866696290287,3339.572416904383,3313.501500000191
104866616,80,tess2024170053053-s0080-0000000104866616-0275-s_lc.fits,4.463129,2455701.33646,-1298.663540000096,3.0984,3479.893567314324,3506.34177173414,3481.3476189999046
106352250,80,tess2024170053053-s0080-0000000106352250-0275-s_lc.fits,5.20851,2455755.8466,-1244.1534000001848,5.7,3479.89309342848,3506.341690267116,3479.9651699998158
112115898,7,tess2019006130736-s0007-0000000112115898-0131-s_lc.fits,4.7185898,2459632.34484,2632.344839999918,1.237,1491.634529120691,1516.090115738502,1495.164698199918
112115898,34,tess2021014023720-s0034-0000000112115898-0204-s_lc.fits,4.7185898,2459632.34484,2632.344839999918,1.237,2228.770399120476,2254.068846812735,2231.264706999918
112115898,61,tess2023018032328-s0061-0000000112115898-0250-s_lc.fits,4.7185898,2459632.34484,2632.344839999918,1.237,2962.802016299776,2988.222584024521,2967.364715799918
112115898,87,tess2024353092137-s0087-0000000112115898-0284-s_lc.fits,4.7185898,2459632.34484,2632.344839999918,1.237,3663.047840531694,3689.941464141412,3665.716006199918
112115898,88,tess2025014115807-s0088-0000000112115898-0285-s_lc.fits,4.7185898,2459632.34484,2632.344839999918,1.237,3690.155353840028,3717.927347081016,3694.027544999918
114749636,29,tess2020238165205-s0029-0000000114749636-0193-s_lc.fits,4.60273,2456562.595,-437.4049999997951,4.3944,2088.244371050769,2114.438914350919,2089.493770000205
114749636,69,tess2023237165326-s0069-0000000114749636-0264-s_lc.fits,4.60273,2456562.595,-437.4049999997951,4.3944,3182.35909956561,3208.144001406055,3184.943510000205
114749636,96,tess2025232030459-s0096-0000000114749636-0293-s_lc.fits,4.60273,2456562.595,-437.4049999997951,4.3944,3907.779005764839,3933.440505165724,3912.174850000205
116264089,25,tess2020133194932-s0025-0000000116264089-0182-s_lc.fits,1.30618581,2454185.9104,-2814.089600000065,1.4177746,1983.634612114896,2009.308658633744,1984.8370659399352
116264089,26,tess2020160202036-s0026-0000000116264089-0188-s_lc.fits,1.30618581,2454185.9104,-2814.089600000065,1.4177746,2010.269772341972,2035.137738736713,2010.960782139935
116264089,40,tess2021175071901-s0040-0000000116264089-0211-s_lc.fits,1.30618581,2454185.9104,-2814.089600000065,1.4177746,2390.655733160498,2418.856652795675,2391.060852849935
116264089,52,tess2022138205153-s0052-0000000116264089-0224-s_lc.fits,1.30618581,2454185.9104,-2814.089600000065,1.4177746,2718.637191304541,2743.079198359519,2718.913491159935
116264089,53,tess2022164095748-s0053-0000000116264089-0226-s_lc.fits,1.30618581,2454185.9104,-2814.089600000065,1.4177746,2743.998647433061,2768.98182267102,2745.0372073599347
116264089,79,tess2024142205832-s0079-0000000116264089-0274-s_lc.fits,1.30618581,2454185.9104,-2814.089600000065,1.4177746,3452.540660169853,3479.677047865977,3452.9899163799346
116264089,80,tess2024170053053-s0080-0000000116264089-0275-s_lc.fits,1.30618581,2454185.9104,-2814.089600000065,1.4177746,3479.89092517568,3506.339240535106,3480.4198183899343
117642575,29,tess2020238165205-s0029-0000000117642575-0193-s_lc.fits,4.94459060181,2458378.78884,1378.788840000052,3.5188411,2088.243556039116,2114.438128797931,2090.809886660692
119262291,92,tess2025127075000-s0092-0000000119262291-0289-s_lc.fits,4.175186,2457314.4631,314.46309999981895,3.3792,3802.983650577062,3829.646755907739,3804.918595999819
119605900,92,tess2025127075000-s0092-0000000119605900-0289-s_lc.fits,19.89526,2457307.58114,307.58113999990746,8.267,3802.983628776663,3829.646741576082,3809.1468999999074
120044687,40,tess2021175071901-s0040-0000000120044687-0211-s_lc.fits,8.295611,2454968.79207,-2031.2079300000332,1.328,2390.655472150875,2418.856986483479,2398.6483439999665
120044687,41,tess2021204101404-s0041-0000000120044687-0212-s_lc.fits,8.295611,2454968.79207,-2031.2079300000332,1.328,2419.99169849384,2446.58152421568,2423.535176999966
120044687,53,tess2022164095748-s0053-0000000120044687-0226-s_lc.fits,8.295611,2454968.79207,-2031.2079300000332,1.328,2743.998140834839,2768.981835042524,2747.064005999966
120044687,54,tess2022190063128-s0054-0000000120044687-0227-s_lc.fits,8.295611,2454968.79207,-2031.2079300000332,1.328,2769.901273202464,2796.13168460164,2771.9508389999664
120044687,74,tess2024003055635-s0074-0000000120044687-0269-s_lc.fits,8.295611,2454968.79207,-2031.2079300000332,1.328,3312.861005870118,3339.566599034816,3319.461164999966
120044687,80,tess2024170053053-s0080-0000000120044687-0275-s_lc.fits,8.295611,2454968.79207,-2031.2079300000332,1.328,3479.89052579108,3506.339399514013,3485.373384999966
120044687,81,tess2024196212429-s0081-0000000120044687-0276-s_lc.fits,8.295611,2454968.79207,-2031.2079300000332,1.328,3506.554677974258,3533.179404230574,3510.260217999966
120103325,40,tess2021175071901-s0040-0000000120103325-0211-s_lc.fits,0.645088,2454833.052,-2166.9479999998584,1.2,2390.655480472242,2418.857000209776,2391.243808000141
120103325,41,tess2021204101404-s0041-0000000120103325-0212-s_lc.fits,0.645088,2454833.052,-2166.9479999998584,1.2,2419.991712399884,2446.58154028728,2420.2727680001417
120103325,53,tess2022164095748-s0053-0000000120103325-0226-s_lc.fits,0.645088,2454833.052,-2166.9479999998584,1.2,2743.998146216254,2768.981846172062,2744.106944000141
120103325,54,tess2022190063128-s0054-0000000120103325-0227-s_lc.fits,0.645088,2454833.052,-2166.9479999998584,1.2,2769.901284532236,2796.131699761942,2769.9104640001415
120103325,74,tess2024003055635-s0074-0000000120103325-0269-s_lc.fits,0.645088,2454833.052,-2166.9479999998584,1.2,3312.860995660494,3339.566584341339,3313.074560000142
120103325,80,tess2024170053053-s0080-0000000120103325-0275-s_lc.fits,0.645088,2454833.052,-2166.9479999998584,1.2,3479.890532585544,3506.339411988846,3480.152352000142
120103325,81,tess2024196212429-s0081-0000000120103325-0276-s_lc.fits,0.645088,2454833.052,-2166.9479999998584,1.2,3506.554690487508,3533.179419981334,3506.6009600001416
120106432,74,tess2024003055635-s0074-0000000120106432-0269-s_lc.fits,49.7701438,2454992.98572,-2007.0142799997702,10.085,3312.861151047708,3339.566712198425,3318.39110660023
120106432,81,tess2024196212429-s0081-0000000120106432-0276-s_lc.fits,49.7701438,2454992.98572,-2007.0142799997702,10.085,3506.554536051873,3533.179303581147,3517.47168180023
120251654,74,tess2024003055635-s0074-0000000120251654-0269-s_lc.fits,4.644909859,2454969.02655,-2030.9734499999322,3.366,3312.861065237974,3339.566635046964,3315.317797709068
120251654,80,tess2024170053053-s0080-0000000120251654-0275-s_lc.fits,4.644909859,2454969.02655,-2030.9734499999322,3.366,3479.890455881351,3506.339345180421,3482.5345526330684
120251654,81,tess2024196212429-s0081-0000000120251654-0276-s_lc.fits,4.644909859,2454969.02655,-2030.9734499999322,3.366,3506.554623798758,3533.179376289966,3510.404011787068
120418600,40,tess2021175071901-s0040-0000000120418600-0211-s_lc.fits,0.1768913,2454964.5523,-2035.4476999999024,0.65,2390.655427371954,2418.856984709775,2390.726408600098
120418600,41,tess2021204101404-s0041-0000000120418600-0212-s_lc.fits,0.1768913,2454964.5523,-2035.4476999999024,0.65,2419.991698642619,2446.58156511471,2420.0903644000973
120418600,53,tess2022164095748-s0053-0000000120418600-0226-s_lc.fits,0.1768913,2454964.5523,-2035.4476999999024,0.65,2743.99808000015,2768.981809242794,2744.155226000098
120418600,54,tess2022190063128-s0054-0000000120418600-0227-s_lc.fits,0.1768913,2454964.5523,-2035.4476999999024,0.65,2769.901248852803,2796.131701617369,2769.981355800098
120418600,74,tess2024003055635-s0074-0000000120418600-0269-s_lc.fits,0.1768913,2454964.5523,-2035.4476999999024,0.65,3312.861035284544,3339.56658514414,3313.0376468000977
120418600,80,tess2024170053053-s0080-0000000120418600-0275-s_lc.fits,0.1768913,2454964.5523,-2035.4476999999024,0.65,3479.89047163863,3506.339384281534,3480.023034000098
120418600,81,tess2024196212429-s0081-0000000120418600-0276-s_lc.fits,0.1768913,2454964.5523,-2035.4476999999024,0.65,3506.554663065646,3533.179431248708,3506.556729000097
120421638,40,tess2021175071901-s0040-0000000120421638-0211-s_lc.fits,2.164570968,2454964.83228,-2035.167719999794,1.3848,2390.655305774754,2418.856871058618,2391.379909560206
120421638,41,tess2021204101404-s0041-0000000120421638-0212-s_lc.fits,2.164570968,2454964.83228,-2035.167719999794,1.3848,2419.991585852238,2446.581483867526,2421.6839031122063
120421638,53,tess2022164095748-s0053-0000000120421638-0226-s_lc.fits,2.164570968,2454964.83228,-2035.167719999794,1.3848,2743.997962921028,2768.981687714511,2744.204977344206
120421638,54,tess2022190063128-s0054-0000000120421638-0227-s_lc.fits,2.164570968,2454964.83228,-2035.167719999794,1.3848,2769.901127447688,2796.131598974679,2770.1798289602066
120421638,80,tess2024170053053-s0080-0000000120421638-0275-s_lc.fits,2.164570968,2454964.83228,-2035.167719999794,1.3848,3479.890351130844,3506.339264565605,3480.159106464206
120421638,81,tess2024196212429-s0081-0000000120421638-0276-s_lc.fits,2.164570968,2454964.83228,-2035.167719999794,1.3848,3506.554543427249,3533.179335868936,3508.2985290482065
120495446,40,tess2021175071901-s0040-0000000120495446-0211-s_lc.fits,14.400974,2455007.98593,-1992.0140700000338,3.906,2390.655282880051,2418.856859035942,2400.282999999966
120495446,41,tess2021204101404-s0041-0000000120495446-0212-s_lc.fits,14.400974,2455007.98593,-1992.0140700000338,3.906,2419.991574367401,2446.581485137152,2429.084947999966
120495446,53,tess2022164095748-s0053-0000000120495446-0226-s_lc.fits,14.400974,2455007.98593,-1992.0140700000338,3.906,2743.997936731539,2768.981669266408,2745.9063759999663
120495446,54,tess2022190063128-s0054-0000000120495446-0227-s_lc.fits,14.400974,2455007.98593,-1992.0140700000338,3.906,2769.901109351624,2796.131592472184,2774.7083239999665
120495446,80,tess2024170053053-s0080-0000000120495446-0275-s_lc.fits,14.400974,2455007.98593,-1992.0140700000338,3.906,3479.89032615417,3506.339248775263,3480.3560499999658
120495446,81,tess2024196212429-s0081-0000000120495446-0276-s_lc.fits,14.400974,2455007.98593,-1992.0140700000338,3.906,3506.554527720727,3533.179332448887,3509.157997999966
120498491,80,tess2024170053053-s0080-0000000120498491-0275-s_lc.fits,11.189562,2454973.63108,-2026.3689199998043,5.12,3479.890507942283,3506.33943478576,3490.085146000196
120498491,81,tess2024196212429-s0081-0000000120498491-0276-s_lc.fits,11.189562,2454973.63108,-2026.3689199998043,5.12,3506.554713654855,3533.179486145983,3512.464270000196
120571308,80,tess2024170053053-s0080-0000000120571308-0275-s_lc.fits,2.20921951,2454964.90843,-2035.0915700001642,2.73,3479.890648584099,3506.339579834129,3481.329546469836
120571308,81,tess2024196212429-s0081-0000000120571308-0276-s_lc.fits,2.20921951,2454964.90843,-2035.0915700001642,2.73,3506.554858652234,3533.179607118499,3507.8401805898357
120576846,40,tess2021175071901-s0040-0000000120576846-0211-s_lc.fits,15.86621821,2454974.08805,-2025.911950000096,4.1503,2390.655292775819,2418.856872930111,2400.7629305899036
120576846,41,tess2021204101404-s0041-0000000120576846-0212-s_lc.fits,15.86621821,2454974.08805,-2025.911950000096,4.1503,2419.991588377519,2446.581499956822,2432.495367009904
120576846,53,tess2022164095748-s0053-0000000120576846-0226-s_lc.fits,15.86621821,2454974.08805,-2025.911950000096,4.1503,2743.997944206334,2768.981681353578,2749.8197312099037
120576846,54,tess2022190063128-s0054-0000000120576846-0227-s_lc.fits,15.86621821,2454974.08805,-2025.911950000096,4.1503,2769.901121591764,2796.131607178234,2781.552167629904
120576846,75,tess2024030031500-s0075-0000000120576846-0270-s_lc.fits,15.86621821,2454974.08805,-2025.911950000096,4.1503,3339.781960068885,3367.481099936992,3352.736023189904
120576846,80,tess2024170053053-s0080-0000000120576846-0275-s_lc.fits,15.86621821,2454974.08805,-2025.911950000096,4.1503,3479.890334829905,3506.339261862674,3495.531987079904
120576846,81,tess2024196212429-s0081-0000000120576846-0276-s_lc.fits,15.86621821,2454974.08805,-2025.911950000096,4.1503,3506.554540836077,3533.179347412912,3511.3982052899037
120578688,40,tess2021175071901-s0040-0000000120578688-0211-s_lc.fits,2.790659904,2454966.15339,-2033.8466099998914,0.662,2390.655347543174,2418.856932551985,2392.1399977441088
120578688,41,tess2021204101404-s0041-0000000120578688-0212-s_lc.fits,2.790659904,2454966.15339,-2033.8466099998914,0.662,2419.991647949335,2446.581551451743,2420.0465967841083
120578688,53,tess2022164095748-s0053-0000000120578688-0226-s_lc.fits,2.790659904,2454966.15339,-2033.8466099998914,0.662,2743.997993210432,2768.981740077657,2746.5538055521083
120578688,54,tess2022190063128-s0054-0000000120578688-0227-s_lc.fits,2.790659904,2454966.15339,-2033.8466099998914,0.662,2769.901180555659,2796.131664941421,2771.669744688109
120578688,75,tess2024030031500-s0075-0000000120578688-0270-s_lc.fits,2.790659904,2454966.15339,-2033.8466099998914,0.662,3339.781903038415,3367.481055257257,3340.9643651041088
120578688,80,tess2024170053053-s0080-0000000120578688-0275-s_lc.fits,2.790659904,2454966.15339,-2033.8466099998914,0.662,3479.89038704823,3506.339321852653,3480.497360304109
120578688,81,tess2024196212429-s0081-0000000120578688-0276-s_lc.fits,2.790659904,2454966.15339,-2033.8466099998914,0.662,3506.554600853298,3533.179403446633,3508.4039593441084
120627712,80,tess2024170053053-s0080-0000000120627712-0275-s_lc.fits,1.29123275,2454964.98938,-2035.0106199998409,1.876,3479.890540382576,3506.339478998902,3481.1356880001595
120627712,81,tess2024196212429-s0081-0000000120627712-0276-s_lc.fits,1.29123275,2454964.98938,-2035.0106199998409,1.876,3506.554757936683,3533.179533540057,3506.960343000159
120762000,80,tess2024170053053-s0080-0000000120762000-0275-s_lc.fits,19.9400874,2454975.34994,-2024.650059999898,4.263,3479.890690957879,3506.339645079561,3498.754149800102
120762000,81,tess2024196212429-s0081-0000000120762000-0276-s_lc.fits,19.9400874,2454975.34994,-2024.650059999898,4.263,3506.554924043652,3533.179682603823,3518.694237200102
120819731,80,tess2024170053053-s0080-0000000120819731-0275-s_lc.fits,3.8482,2454964.9203,-2035.0797000001185,2.013,3479.890371283733,3506.339324944644,3483.2390999998815
120819731,81,tess2024196212429-s0081-0000000120819731-0276-s_lc.fits,3.8482,2454964.9203,-2035.0797000001185,2.013,3506.55460409593,3533.179424949708,3510.1764999998813
120825566,80,tess2024170053053-s0080-0000000120825566-0275-s_lc.fits,39.83110046,2454988.6409,-2011.3591000000015,2.442,3479.890689641454,3506.339648564338,3485.332763479999
120825566,81,tess2024196212429-s0081-0000000120825566-0276-s_lc.fits,39.83110046,2454988.6409,-2011.3591000000015,2.442,3506.554927565215,3533.179690246023,3525.163863939999
120964116,80,tess2024170053053-s0080-0000000120964116-0275-s_lc.fits,13.32351601,2454967.03469,-2032.9653099998832,3.927,3479.890667994724,3506.339638712575,3482.9703181401173
120964116,81,tess2024196212429-s0081-0000000120964116-0276-s_lc.fits,13.32351601,2454967.03469,-2032.9653099998832,3.927,3506.554917814734,3533.17969422766,3509.617350160117
121021644,80,tess2024170053053-s0080-0000000121021644-0275-s_lc.fits,18.87064068,2454976.95521,-2023.044790000189,3.2476,3479.890593461676,3506.339572503689,3487.1822885598112
121021644,81,tess2024196212429-s0081-0000000121021644-0276-s_lc.fits,18.87064068,2454976.95521,-2023.044790000189,3.2476,3506.554851712251,3533.179649432907,3524.9235699198116
121121775,40,tess2021175071901-s0040-0000000121121775-0211-s_lc.fits,104.3518976,2455023.10231,-1976.8976900000125,3.586,2390.655471658205,2418.857106200805,2405.882009199988
121124617,40,tess2021175071901-s0040-0000000121124617-0211-s_lc.fits,4.765620232,2454966.5038,-2033.496199999936,2.165,2390.655528143381,2418.857158424248,2393.764995528064
121124617,41,tess2021204101404-s0041-0000000121124617-0212-s_lc.fits,4.765620232,2454966.5038,-2033.496199999936,2.165,2419.991892810105,2446.581787120126,2422.3587169200637
121124617,53,tess2022164095748-s0053-0000000121124617-0226-s_lc.fits,4.765620232,2454966.5038,-2033.496199999936,2.165,2743.998158729969,2768.981966168785,2746.4208926960637
121124617,54,tess2022190063128-s0054-0000000121124617-0227-s_lc.fits,4.765620232,2454966.5038,-2033.496199999936,2.165,2769.901408490107,2796.131912301861,2770.248993856064
121124617,80,tess2024170053053-s0080-0000000121124617-0275-s_lc.fits,4.765620232,2454966.5038,-2033.496199999936,2.165,3479.890569718539,3506.339559379025,3480.3264084240636
121124617,81,tess2024196212429-s0081-0000000121124617-0276-s_lc.fits,4.765620232,2454966.5038,-2033.496199999936,2.165,3506.554838681651,3533.179649599614,3508.920129816064
121215333,80,tess2024170053053-s0080-0000000121215333-0275-s_lc.fits,23.3404007,2454969.20836,-2030.7916399999522,2.1355,3479.89049025018,3506.339481477617,3500.8833259000476
121215333,81,tess2024196212429-s0081-0000000121215333-0276-s_lc.fits,23.3404007,2454969.20836,-2030.7916399999522,2.1355,3506.554760839149,3533.179588595191,3524.2237266000475
121215710,40,tess2021175071901-s0040-0000000121215710-0211-s_lc.fits,6.28385491,2454966.19997,-2033.8000300000422,4.124,2390.655445284547,2418.857085506118,2396.3176815499573
121215710,41,tess2021204101404-s0041-0000000121215710-0212-s_lc.fits,6.28385491,2454966.19997,-2033.8000300000422,4.124,2419.991802682992,2446.581725605572,2421.453101189957
121215710,53,tess2022164095748-s0053-0000000121215710-0226-s_lc.fits,6.28385491,2454966.19997,-2033.8000300000422,4.124,2743.998060086145,2768.981866895153,2748.213556509958
121215710,54,tess2022190063128-s0054-0000000121215710-0227-s_lc.fits,6.28385491,2454966.19997,-2033.8000300000422,4.124,2769.901309434638,2796.131831695193,2773.3489761499577
121215710,74,tess2024003055635-s0074-0000000121215710-0269-s_lc.fits,6.28385491,2454966.19997,-2033.8000300000422,4.124,3312.860987832913,3339.56646139507,3313.760498409957
121215710,75,tess2024030031500-s0075-0000000121215710-0270-s_lc.fits,6.28385491,2454966.19997,-2033.8000300000422,4.124,3339.781740916343,3367.480883802867,3345.1797729599575
121215710,80,tess2024170053053-s0080-0000000121215710-0275-s_lc.fits,6.28385491,2454966.19997,-2033.8000300000422,4.124,3479.890468892393,3506.339462435097,3483.4245809799577
121215710,81,tess2024196212429-s0081-0000000121215710-0276-s_lc.fits,6.28385491,2454966.19997,-2033.8000300000422,4.124,3506.554741826665,3533.179575631647,3508.5600006199575
121329580,74,tess2024003055635-s0074-0000000121329580-0269-s_lc.fits,25.88599968,2454990.0383,-2009.9616999998689,4.35,3312.861084593603,3339.566536455479,3322.554234080131
121329580,75,tess2024030031500-s0075-0000000121329580-0270-s_lc.fits,25.88599968,2454990.0383,-2009.9616999998689,4.35,3339.781815701545,3367.480918763552,3348.4402337601314
121329580,80,tess2024170053053-s0080-0000000121329580-0275-s_lc.fits,25.88599968,2454990.0383,-2009.9616999998689,4.35,3479.890365013138,3506.339367849045,3503.7562318401315
121329580,81,tess2024196212429-s0081-0000000121329580-0276-s_lc.fits,25.88599968,2454990.0383,-2009.9616999998689,4.35,3506.554647372162,3533.179509016471,3529.6422315201316
121460918,74,tess2024003055635-s0074-0000000121460918-0269-s_lc.fits,2.090876,2454967.1647,-2032.8352999999188,3.193,3312.861081335604,3339.56652703096,3313.5346320000817
121460918,75,tess2024030031500-s0075-0000000121460918-0270-s_lc.fits,2.090876,2454967.1647,-2032.8352999999188,3.193,3339.781806235816,3367.480905067522,3340.7160200000817
121460918,80,tess2024170053053-s0080-0000000121460918-0275-s_lc.fits,2.090876,2454967.1647,-2032.8352999999188,3.193,3479.890364268546,3506.339373573187,3480.804712000082
121460918,81,tess2024196212429-s0081-0000000121460918-0276-s_lc.fits,2.090876,2454967.1647,-2032.8352999999188,3.193,3506.554653144965,3533.179520139257,3507.986100000082
121465371,74,tess2024003055635-s0074-0000000121465371-0269-s_lc.fits,23.4774101,2454978.35073,-2021.6492699999362,7.271,3312.861058351029,3339.566499586746,3331.2002328000635
121465371,75,tess2024030031500-s0075-0000000121465371-0270-s_lc.fits,23.4774101,2454978.35073,-2021.6492699999362,7.271,3339.78177878648,3367.480879311331,3354.677642900064
121465371,80,tess2024170053053-s0080-0000000121465371-0275-s_lc.fits,23.4774101,2454978.35073,-2021.6492699999362,7.271,3479.890383030971,3506.339399581068,3495.5421035000636
121465371,81,tess2024196212429-s0081-0000000121465371-0276-s_lc.fits,23.4774101,2454978.35073,-2021.6492699999362,7.271,3506.554679196153,3533.1795483418,3519.019513600064
121467823,75,tess2024030031500-s0075-0000000121467823-0270-s_lc.fits,11.13125132,2454967.36532,-2032.6346800001338,4.1751,3339.78167016237,3367.480807087265,3343.759707559866
121467823,80,tess2024170053053-s0080-0000000121467823-0275-s_lc.fits,11.13125132,2454967.36532,-2032.6346800001338,4.1751,3479.890501777393,3506.339522512155,3488.4659747198666
121467823,81,tess2024196212429-s0081-0000000121467823-0276-s_lc.fits,11.13125132,2454967.36532,-2032.6346800001338,4.1751,3506.554802087892,3533.179651322095,3510.7284773598667
121598758,80,tess2024170053053-s0080-0000000121598758-0275-s_lc.fits,3.428054,2454965.36794,-2034.6320600002073,2.309,3479.8903657256,3506.339386579805,3481.106825999793
121598758,81,tess2024196212429-s0081-0000000121598758-0276-s_lc.fits,3.428054,2454965.36794,-2034.6320600002073,2.309,3506.554666237265,3533.179542237679,3508.5312579997926
121599740,74,tess2024003055635-s0074-0000000121599740-0269-s_lc.fits,23.955378,2454979.66357,-2020.3364300001413,3.185,3312.861124959918,3339.566554449795,3321.712863999858
121599740,75,tess2024030031500-s0075-0000000121599740-0270-s_lc.fits,23.955378,2454979.66357,-2020.3364300001413,3.185,3339.781833483287,3367.480909171861,3345.6682419998588
121599740,80,tess2024170053053-s0080-0000000121599740-0275-s_lc.fits,23.955378,2454979.66357,-2020.3364300001413,3.185,3479.89031348306,3506.339333291855,3489.4005099998585
121599740,81,tess2024196212429-s0081-0000000121599740-0276-s_lc.fits,23.955378,2454979.66357,-2020.3364300001413,3.185,3506.554612972831,3533.179498372851,3513.355887999859
121603794,40,tess2021175071901-s0040-0000000121603794-0211-s_lc.fits,8.457458,2454972.06666,-2027.9333399999887,3.248,2390.655368686758,2418.857049936115,2395.317194000012
121603794,41,tess2021204101404-s0041-0000000121603794-0212-s_lc.fits,8.457458,2454972.06666,-2027.9333399999887,3.248,2419.991769100199,2446.581738076447,2420.6895680000116
121603794,54,tess2022190063128-s0054-0000000121603794-0227-s_lc.fits,8.457458,2454972.06666,-2027.9333399999887,3.248,2769.901251487329,2796.131816535405,2775.902804000012
121603794,55,tess2022217014003-s0055-0000000121603794-0242-s_lc.fits,8.457458,2454972.06666,-2027.9333399999887,3.248,2797.102639260627,2824.265970763011,2801.2751780000117
121603794,74,tess2024003055635-s0074-0000000121603794-0269-s_lc.fits,8.457458,2454972.06666,-2027.9333399999887,3.248,3312.86104966435,3339.566479581239,3317.1801160000123
121603794,75,tess2024030031500-s0075-0000000121603794-0270-s_lc.fits,8.457458,2454972.06666,-2027.9333399999887,3.248,3339.781758708096,3367.4808520911,3342.552490000012
121603794,80,tess2024170053053-s0080-0000000121603794-0275-s_lc.fits,8.457458,2454972.06666,-2027.9333399999887,3.248,3479.890384196055,3506.339412956956,3486.329276000012
121603794,81,tess2024196212429-s0081-0000000121603794-0276-s_lc.fits,8.457458,2454972.06666,-2027.9333399999887,3.248,3506.554692662379,3533.179571402976,3511.701650000012
121656582,75,tess2024030031500-s0075-0000000121656582-0270-s_lc.fits,15.0217983,2454976.70194,-2023.2980599999428,4.557,3339.781623976453,3367.480760104835,3354.505731400057
121656582,80,tess2024170053053-s0080-0000000121656582-0275-s_lc.fits,15.0217983,2454976.70194,-2023.2980599999428,4.557,3479.890527880968,3506.339563813052,3489.701916100057
121656582,81,tess2024196212429-s0081-0000000121656582-0276-s_lc.fits,15.0217983,2454976.70194,-2023.2980599999428,4.557,3506.554843487043,3533.179699830962,3519.7455127000576
121731834,14,tess2019198215352-s0014-0000000121731834-0150-s_lc.fits,2.15491,2454966.499,-2033.501000000164,3.077,1683.355897543235,1710.207119536222,1683.7187499998363
121731834,40,tess2021175071901-s0040-0000000121731834-0211-s_lc.fits,2.15491,2454966.499,-2033.501000000164,3.077,2390.65528309961,2418.856975295268,2392.6841399998366
121731834,41,tess2021204101404-s0041-0000000121731834-0212-s_lc.fits,2.15491,2454966.499,-2033.501000000164,3.077,2419.991695279613,2446.581690349657,2420.6979699998365
121731834,54,tess2022190063128-s0054-0000000121731834-0227-s_lc.fits,2.15491,2454966.499,-2033.501000000164,3.077,2769.901168753754,2796.131751610347,2771.9482999998363
121731834,55,tess2022217014003-s0055-0000000121731834-0242-s_lc.fits,2.15491,2454966.499,-2033.501000000164,3.077,2797.102575214971,2824.265938613756,2797.807219999836
121731834,74,tess2024003055635-s0074-0000000121731834-0269-s_lc.fits,2.15491,2454966.499,-2033.501000000164,3.077,3312.861131116891,3339.566544908163,3314.9856199998367
121731834,75,tess2024030031500-s0075-0000000121731834-0270-s_lc.fits,2.15491,2454966.499,-2033.501000000164,3.077,3339.78182381872,3367.480885407303,3340.8445399998363
121731834,80,tess2024170053053-s0080-0000000121731834-0275-s_lc.fits,2.15491,2454966.499,-2033.501000000164,3.077,3479.890298065481,3506.339332544236,3480.9136899998366
121731834,81,tess2024196212429-s0081-0000000121731834-0276-s_lc.fits,2.15491,2454966.499,-2033.501000000164,3.077,3506.554612343956,3533.179512567604,3506.7726099998363
121731834,82,tess2024223182411-s0082-0000000121731834-0278-s_lc.fits,2.15491,2454966.499,-2033.501000000164,3.077,3533.394787903514,3559.248362001526,3534.786439999836
121733900,80,tess2024170053053-s0080-0000000121733900-0275-s_lc.fits,16.2950903,2454977.80456,-2022.195439999923,3.644,3479.890409300321,3506.339447164434,3485.545081400076
121733900,81,tess2024196212429-s0081-0000000121733900-0276-s_lc.fits,16.2950903,2454977.80456,-2022.195439999923,3.644,3506.554726923641,3533.179608066352,3518.135262000076
121785676,80,tess2024170053053-s0080-0000000121785676-0275-s_lc.fits,33.469743,2454973.15101,-2026.848989999853,4.513,3479.890437275155,3506.339480272951,3495.658605000147
121785676,81,tess2024196212429-s0081-0000000121785676-0276-s_lc.fits,33.469743,2454973.15101,-2026.848989999853,4.513,3506.554760054044,3533.179639843311,3529.1283480001475
121786630,74,tess2024003055635-s0074-0000000121786630-0269-s_lc.fits,4.362705,2454968.23073,-2031.769270000048,2.194,3312.861010135993,3339.566431492165,3316.9070599999523
121786630,75,tess2024030031500-s0075-0000000121786630-0270-s_lc.fits,4.362705,2454968.23073,-2031.769270000048,2.194,3339.781710603423,3367.48080617876,3343.0832899999523
121786630,80,tess2024170053053-s0080-0000000121786630-0275-s_lc.fits,4.362705,2454968.23073,-2031.769270000048,2.194,3479.890415912711,3506.339458011082,3482.6898499999525
121786630,81,tess2024196212429-s0081-0000000121786630-0276-s_lc.fits,4.362705,2454968.23073,-2031.769270000048,2.194,3506.554737797763,3533.179621051317,3508.8660799999525
121865123,40,tess2021175071901-s0040-0000000121865123-0211-s_lc.fits,6.98471973,2454968.99535,-2031.0046500000171,2.723,2390.655346130358,2418.857050103288,2397.307658819983
121865123,41,tess2021204101404-s0041-0000000121865123-0212-s_lc.fits,6.98471973,2454968.99535,-2031.0046500000171,2.723,2419.991770279486,2446.58176055252,2425.246537739983
121865123,74,tess2024003055635-s0074-0000000121865123-0269-s_lc.fits,6.98471973,2454968.99535,-2031.0046500000171,2.723,3312.861064104041,3339.566471213073,3319.2906631799833
121865123,75,tess2024030031500-s0075-0000000121865123-0270-s_lc.fits,6.98471973,2454968.99535,-2031.0046500000171,2.723,3339.781750155063,3367.480821786096,3340.244822369983
121865123,80,tess2024170053053-s0080-0000000121865123-0275-s_lc.fits,6.98471973,2454968.99535,-2031.0046500000171,2.723,3479.890356654518,3506.339406044679,3479.939216969983
121865123,81,tess2024196212429-s0081-0000000121865123-0276-s_lc.fits,6.98471973,2454968.99535,-2031.0046500000171,2.723,3506.554685921233,3533.17958665641,3507.8780958899833
121865656,40,tess2021175071901-s0040-0000000121865656-0211-s_lc.fits,15.9653287,2455677.65243,-1322.3475700002164,4.527,2390.655374721728,2418.857074726758,2397.5740170997838
121865656,41,tess2021204101404-s0041-0000000121865656-0212-s_lc.fits,15.9653287,2455677.65243,-1322.3475700002164,4.527,2419.991794616808,2446.581775946816,2429.504674499784
121865656,54,tess2022190063128-s0054-0000000121865656-0227-s_lc.fits,15.9653287,2455677.65243,-1322.3475700002164,4.527,2769.901267239719,2796.131847819462,2780.741905899784
121865656,55,tess2022217014003-s0055-0000000121865656-0242-s_lc.fits,15.9653287,2455677.65243,-1322.3475700002164,4.527,2797.102671071812,2824.266011920717,2812.672563299784
121865656,74,tess2024003055635-s0074-0000000121865656-0269-s_lc.fits,15.9653287,2455677.65243,-1322.3475700002164,4.527,3312.861037003951,3339.566449790325,3323.5630816997837
121865656,75,tess2024030031500-s0075-0000000121865656-0270-s_lc.fits,15.9653287,2455677.65243,-1322.3475700002164,4.527,3339.781728806821,3367.480811268438,3355.493739099784
121865656,80,tess2024170053053-s0080-0000000121865656-0275-s_lc.fits,15.9653287,2455677.65243,-1322.3475700002164,4.527,3479.890385503166,3506.339432683765,3483.2163686997837
121865656,81,tess2024196212429-s0081-0000000121865656-0276-s_lc.fits,15.9653287,2455677.65243,-1322.3475700002164,4.527,3506.554712526325,3533.179605829082,3515.147026099784
121943952,80,tess2024170053053-s0080-0000000121943952-0275-s_lc.fits,3.764191048,2454965.35098,-2034.6490199998952,2.0596,3479.890234671052,3506.339285151559,3479.8908653201042
121943952,82,tess2024223182411-s0082-0000000121943952-0278-s_lc.fits,3.764191048,2454965.35098,-2034.6490199998952,2.0596,3533.394766183675,3559.248369009496,3536.3537310401043
121944984,40,tess2021175071901-s0040-0000000121944984-0211-s_lc.fits,10.61340046,2454968.6898,-2031.3102000001818,0.9829,2390.655235957226,2418.856952965645,2394.477791819818
121944984,41,tess2021204101404-s0041-0000000121944984-0212-s_lc.fits,10.61340046,2454968.6898,-2031.3102000001818,0.9829,2419.991674156519,2446.581697251223,2426.3179931998184
121944984,74,tess2024003055635-s0074-0000000121944984-0269-s_lc.fits,10.61340046,2454968.6898,-2031.3102000001818,0.9829,3312.861169327427,3339.566556664713,3317.843631839818
121944984,75,tess2024030031500-s0075-0000000121944984-0270-s_lc.fits,10.61340046,2454968.6898,-2031.3102000001818,0.9829,3339.781835335921,3367.480866750583,3349.6838332198176
121944984,80,tess2024170053053-s0080-0000000121944984-0275-s_lc.fits,10.61340046,2454968.6898,-2031.3102000001818,0.9829,3479.890246039939,3506.339301772873,3487.6580391998177
121944984,82,tess2024223182411-s0082-0000000121944984-0278-s_lc.fits,10.61340046,2454968.6898,-2031.3102000001818,0.9829,3533.394784838997,3559.248386018473,3540.725041499818
122062591,75,tess2024030031500-s0075-0000000122062591-0270-s_lc.fits,3.215090036,2454966.77742,-2033.2225799998268,3.9026,3339.781653015557,3367.480743247431,3342.407960192173
122062591,80,tess2024170053053-s0080-0000000122062591-0275-s_lc.fits,3.215090036,2454966.77742,-2033.2225799998268,3.9026,3479.890441941547,3506.33950657676,3480.6568317401725
122062591,81,tess2024196212429-s0081-0000000122062591-0276-s_lc.fits,3.215090036,2454966.77742,-2033.2225799998268,3.9026,3506.554786516644,3533.179682798004,3509.5926420641727
122066167,74,tess2024003055635-s0074-0000000122066167-0269-s_lc.fits,3.856918547,2454967.47172,-2032.5282800002024,1.9839,3312.861150749404,3339.566537089244,3313.1608261417978
122066167,75,tess2024030031500-s0075-0000000122066167-0270-s_lc.fits,3.856918547,2454967.47172,-2032.5282800002024,1.9839,3339.781815775353,3367.48085066478,3340.159255970797
122066167,80,tess2024170053053-s0080-0000000122066167-0275-s_lc.fits,3.856918547,2454967.47172,-2032.5282800002024,1.9839,3479.890262808868,3506.339321834958,3482.8652422097975
122066167,82,tess2024223182411-s0082-0000000122066167-0278-s_lc.fits,3.856918547,2454967.47172,-2032.5282800002024,1.9839,3533.394804262195,3559.248401090531,3536.8621018677977
122068161,74,tess2024003055635-s0074-0000000122068161-0269-s_lc.fits,5.62012,2454965.95556,-2034.0444399998523,2.751,3312.861149698639,3339.566532479663,3316.3098000001473
122068161,75,tess2024030031500-s0075-0000000122068161-0270-s_lc.fits,5.62012,2454965.95556,-2034.0444399998523,2.751,3339.781811140626,3367.48084339767,3344.410400000148
122068161,80,tess2024170053053-s0080-0000000122068161-0275-s_lc.fits,5.62012,2454965.95556,-2034.0444399998523,2.751,3479.890261603038,3506.339324259191,3484.9134000001477
122068161,82,tess2024223182411-s0082-0000000122068161-0278-s_lc.fits,5.62012,2454965.95556,-2034.0444399998523,2.751,3533.394809892506,3559.248408702231,3535.4944800001476
122069243,74,tess2024003055635-s0074-0000000122069243-0269-s_lc.fits,16.736525,2454976.1326,-2023.8673999998719,2.2,3312.861098060062,3339.566483133071,3315.084075000128
122069243,75,tess2024030031500-s0075-0000000122069243-0270-s_lc.fits,16.736525,2454976.1326,-2023.8673999998719,2.2,3339.78176187273,3367.480807878889,3348.5571250001285
122069243,80,tess2024170053053-s0080-0000000122069243-0275-s_lc.fits,16.736525,2454976.1326,-2023.8673999998719,2.2,3479.890311328213,3506.339378158553,3482.449325000128
122069243,82,tess2024223182411-s0082-0000000122069243-0278-s_lc.fits,16.736525,2454976.1326,-2023.8673999998719,2.2,3533.394857326627,3559.248440821218,3549.395425000128
122070274,80,tess2024170053053-s0080-0000000122070274-0275-s_lc.fits,7.991459846,2454969.25676,-2030.7432400002144,3.2,3479.890361100419,3506.33942696591,3483.364053739785
122070274,81,tess2024196212429-s0081-0000000122070274-0276-s_lc.fits,7.991459846,2454969.25676,-2030.7432400002144,3.2,3506.554706962837,3533.179620080879,3507.338433277785
122136712,80,tess2024170053053-s0080-0000000122136712-0275-s_lc.fits,3.932461302,2454965.55465,-2034.4453500001691,2.1982,3479.890229811643,3506.339303795938,3482.797856705831
122136712,82,tess2024223182411-s0082-0000000122136712-0278-s_lc.fits,3.932461302,2454965.55465,-2034.4453500001691,2.1982,3533.394805003994,3559.24841964597,3533.919853631831
122137575,80,tess2024170053053-s0080-0000000122137575-0275-s_lc.fits,5.33905686,2454965.14224,-2034.8577600000426,1.6507,3479.890275328171,3506.339349284061,3480.3879763799578
122137575,82,tess2024223182411-s0082-0000000122137575-0278-s_lc.fits,5.33905686,2454965.14224,-2034.8577600000426,1.6507,3533.394841427088,3559.248440388619,3533.7785449799576
122142813,74,tess2024003055635-s0074-0000000122142813-0269-s_lc.fits,18.5084526,2454964.54555,-2035.4544500000775,6.596,3312.860890826729,3339.566287693774,3313.488351399922
122142813,80,tess2024170053053-s0080-0000000122142813-0275-s_lc.fits,18.5084526,2454964.54555,-2035.4544500000775,6.596,3479.890513120669,3506.339594234238,3480.0644247999217
122142813,81,tess2024196212429-s0081-0000000122142813-0276-s_lc.fits,18.5084526,2454964.54555,-2035.4544500000775,6.596,3506.554874254914,3533.179769839877,3517.0813299999218
122294985,80,tess2024170053053-s0080-0000000122294985-0275-s_lc.fits,33.8678531,2454970.51356,-2029.4864400001243,3.682,3479.890316759919,3506.339400304007,3490.9736152998757
122298677,74,tess2024003055635-s0074-0000000122298677-0269-s_lc.fits,2.024823,2454965.35611,-2034.6438899999484,2.762,3312.861157696605,3339.566516630415,3312.9136530000515
122298677,75,tess2024030031500-s0075-0000000122298677-0270-s_lc.fits,2.024823,2454965.35611,-2034.6438899999484,2.762,3339.781795106744,3367.480806256758,3341.2611750000515
122298677,80,tess2024170053053-s0080-0000000122298677-0275-s_lc.fits,2.024823,2454965.35611,-2034.6438899999484,2.762,3479.890239448969,3506.339324557447,3480.973962000052
122298677,82,tess2024223182411-s0082-0000000122298677-0278-s_lc.fits,2.024823,2454965.35611,-2034.6438899999484,2.762,3533.394832943205,3559.248449067847,3533.6193600000515
122374509,40,tess2021175071901-s0040-0000000122374509-0211-s_lc.fits,12.18420029,2454972.05896,-2027.941039999947,2.4468,2390.655535159034,2418.857279035411,2394.923665270053
122374509,41,tess2021204101404-s0041-0000000122374509-0212-s_lc.fits,12.18420029,2454972.05896,-2027.941039999947,2.4468,2419.992000360491,2446.581975750059,2431.4762661400528
122374509,74,tess2024003055635-s0074-0000000122374509-0269-s_lc.fits,12.18420029,2454972.05896,-2027.941039999947,2.4468,3312.860844191683,3339.56622820927,3320.922887310053
122374509,81,tess2024196212429-s0081-0000000122374509-0276-s_lc.fits,12.18420029,2454972.05896,-2027.941039999947,2.4468,3506.554928534024,3533.179831949314,3515.8700919500525
122376177,74,tess2024003055635-s0074-0000000122376177-0269-s_lc.fits,4.244384,2454970.06411,-2029.9358899998479,2.945,3312.860898309906,3339.566274380518,3313.743566000152
122376177,75,tess2024030031500-s0075-0000000122376177-0270-s_lc.fits,4.244384,2454970.06411,-2029.9358899998479,2.945,3339.781552600357,3367.480637519036,3343.454254000152
122376177,81,tess2024196212429-s0081-0000000122376177-0276-s_lc.fits,4.244384,2454970.06411,-2029.9358899998479,2.945,3506.554874134075,3533.179789300095,3508.985230000152
122376998,74,tess2024003055635-s0074-0000000122376998-0269-s_lc.fits,9.029299736,2455010.20422,-1989.7957799998112,3.1323,3312.860930913647,3339.566306823605,3319.4324647681888
122376998,81,tess2024196212429-s0081-0000000122376998-0276-s_lc.fits,9.029299736,2455010.20422,-1989.7957799998112,3.1323,3506.554839621123,3533.179757648865,3509.0477592241887
122441003,40,tess2021175071901-s0040-0000000122441003-0211-s_lc.fits,6.4816307,2454955.97791,-2044.0220900001004,3.649,2390.655326926021,2418.857078061359,2395.8949394999
122441003,41,tess2021204101404-s0041-0000000122441003-0212-s_lc.fits,6.4816307,2454955.97791,-2044.0220900001004,3.649,2419.991800217316,2446.581828839419,2421.8214622998994
122441003,54,tess2022190063128-s0054-0000000122441003-0227-s_lc.fits,6.4816307,2454955.97791,-2044.0220900001004,3.649,2769.901243904268,2796.131873129782,2771.8295200999
122441003,55,tess2022217014003-s0055-0000000122441003-0242-s_lc.fits,6.4816307,2454955.97791,-2044.0220900001004,3.649,2797.102698231274,2824.266083622311,2797.7560428998995
122441003,74,tess2024003055635-s0074-0000000122441003-0269-s_lc.fits,6.4816307,2454955.97791,-2044.0220900001004,3.649,3312.861066541545,3339.566428211116,3316.2864988999
122441003,75,tess2024030031500-s0075-0000000122441003-0270-s_lc.fits,6.4816307,2454955.97791,-2044.0220900001004,3.649,3339.781706816665,3367.480741179895,3342.2130216998994
122441003,80,tess2024170053053-s0080-0000000122441003-0275-s_lc.fits,6.4816307,2454955.97791,-2044.0220900001004,3.649,3479.890326420062,3506.339420184484,3484.8088970998997
122441003,82,tess2024223182411-s0082-0000000122441003-0278-s_lc.fits,6.4816307,2454955.97791,-2044.0220900001004,3.649,3533.394918369467,3559.248508291813,3536.6619426998996
122443195,80,tess2024170053053-s0080-0000000122443195-0275-s_lc.fits,1.078390352,2454966.24975,-2033.750250000041,1.2297,3479.890222122178,3506.339307983397,3480.0596197759587
122443195,81,tess2024196212429-s0081-0000000122443195-0276-s_lc.fits,1.078390352,2454966.24975,-2033.750250000041,1.2297,3506.554588444637,3533.179544891996,3507.0193785759593
122443195,82,tess2024223182411-s0082-0000000122443195-0278-s_lc.fits,1.078390352,2454966.24975,-2033.750250000041,1.2297,3533.39482042623,3559.248442840325,3533.979137375959
122445076,80,tess2024170053053-s0080-0000000122445076-0275-s_lc.fits,6.846262,2454965.17037,-2034.829630000051,3.59,3479.890239237093,3506.339333625967,3483.2575419999494
122445076,81,tess2024196212429-s0081-0000000122445076-0276-s_lc.fits,6.846262,2454965.17037,-2034.829630000051,3.59,3506.554614140991,3533.179574093615,3510.6425899999495
122446315,74,tess2024003055635-s0074-0000000122446315-0269-s_lc.fits,9.751962,2454971.7852,-2028.2148000001907,4.19,3312.861091521013,3339.56644863176,3315.8603759998095
122446315,75,tess2024030031500-s0075-0000000122446315-0270-s_lc.fits,9.751962,2454971.7852,-2028.2148000001907,4.19,3339.78172717398,3367.480752098721,3345.1162619998095
122446315,82,tess2024223182411-s0082-0000000122446315-0278-s_lc.fits,9.751962,2454971.7852,-2028.2148000001907,4.19,3533.394899888534,3559.248499414447,3540.1555019998095
122450762,74,tess2024003055635-s0074-0000000122450762-0269-s_lc.fits,1.970342457,2454964.94776,-2035.0522400001064,1.7381,3312.860912530271,3339.566282556599,3314.427530754894
122450762,81,tess2024196212429-s0081-0000000122450762-0276-s_lc.fits,1.970342457,2454964.94776,-2035.0522400001064,1.7381,3506.554861326061,3533.179783186661,3507.5210915408943
122451550,74,tess2024003055635-s0074-0000000122451550-0269-s_lc.fits,14.07971466,2454972.95846,-2027.041540000122,1.3354,3312.860881934927,3339.56625548538,3323.250030799878
122451550,75,tess2024030031500-s0075-0000000122451550-0270-s_lc.fits,14.07971466,2454972.95846,-2027.041540000122,1.3354,3339.781533706383,3367.480620362677,3351.4094601198785
122451550,81,tess2024196212429-s0081-0000000122451550-0276-s_lc.fits,14.07971466,2454972.95846,-2027.041540000122,1.3354,3506.554892444808,3533.179808544712,3520.366036039878
122612091,3,tess2018263035959-s0003-0000000122612091-0123-s_lc.fits,2.21673,2458789.06301,1789.063010000158,3.8789472,1382.037607203095,1409.388085358654,1383.4014200001582
122612091,4,tess2018292075959-s0004-0000000122612091-0124-s_lc.fits,2.21673,2458789.06301,1789.063010000158,3.8789472,1410.904756171388,1436.839032914609,1412.218910000158
122612091,30,tess2020266004630-s0030-0000000122612091-0195-s_lc.fits,2.21673,2458789.06301,1789.063010000158,3.8789472,2115.888767712945,2143.021074716672,2117.139050000158
122612091,31,tess2020294194027-s0031-0000000122612091-0198-s_lc.fits,2.21673,2458789.06301,1789.063010000158,3.8789472,2144.518298839489,2169.948327658416,2145.956540000158
122612091,97,tess2025258001959-s0097-0000000122612091-0294-s_lc.fits,2.21673,2458789.06301,1789.063010000158,3.8789472,3933.663555703652,3988.288938238892,3934.857650000158
122673489,40,tess2021175071901-s0040-0000000122673489-0211-s_lc.fits,13.060855,2454970.63086,-2029.3691400000826,3.278,2390.655567145308,2418.85732500852,2398.260704999918
122673489,41,tess2021204101404-s0041-0000000122673489-0212-s_lc.fits,13.060855,2454970.63086,-2029.3691400000826,3.278,2419.992046754791,2446.58202553088,2424.3824149999173
122673489,74,tess2024003055635-s0074-0000000122673489-0269-s_lc.fits,13.060855,2454970.63086,-2029.3691400000826,3.278,3312.860807342741,3339.566180473866,3325.581409999918
122673489,75,tess2024030031500-s0075-0000000122673489-0270-s_lc.fits,13.060855,2454970.63086,-2029.3691400000826,3.278,3339.781459013196,3367.480562517348,3351.7031199999174
122673489,81,tess2024196212429-s0081-0000000122673489-0276-s_lc.fits,13.060855,2454970.63086,-2029.3691400000826,3.278,3506.5549716971,3533.179881967856,3508.4333799999176
122680921,40,tess2021175071901-s0040-0000000122680921-0211-s_lc.fits,1.419759989,2454965.9252,-2034.0748000000603,1.5126,2390.65555992197,2418.85732498058,2391.317085712939
122680921,41,tess2021204101404-s0041-0000000122680921-0212-s_lc.fits,1.419759989,2454965.9252,-2034.0748000000603,1.5126,2419.992047047459,2446.582032584252,2421.1320454819397
122680921,74,tess2024003055635-s0074-0000000122680921-0269-s_lc.fits,1.419759989,2454965.9252,-2034.0748000000603,1.5126,3312.860811995628,3339.566177899224,3314.161078562939
122680921,75,tess2024030031500-s0075-0000000122680921-0270-s_lc.fits,1.419759989,2454965.9252,-2034.0748000000603,1.5126,3339.781456379881,3367.480552973387,3341.136518353939
122680921,81,tess2024196212429-s0081-0000000122680921-0276-s_lc.fits,1.419759989,2454965.9252,-2034.0748000000603,1.5126,3506.554969478689,3533.179886725284,3507.248437066939
122706051,74,tess2024003055635-s0074-0000000122706051-0269-s_lc.fits,2.628113746,2455002.71974,-1997.2802599999122,1.8548,3312.861038511995,3339.566384241514,3314.137620666088
122706051,75,tess2024030031500-s0075-0000000122706051-0270-s_lc.fits,2.628113746,2455002.71974,-1997.2802599999122,1.8548,3339.78166276371,3367.480690708265,3340.4187581260876
122706051,82,tess2024223182411-s0082-0000000122706051-0278-s_lc.fits,2.628113746,2455002.71974,-1997.2802599999122,1.8548,3533.394966349576,3559.248558889638,3534.899175330088
122706631,74,tess2024003055635-s0074-0000000122706631-0269-s_lc.fits,29.6091744,2454970.33591,-2029.664090000093,5.471,3312.861066704526,3339.566407816315,3329.5964763999073
122706631,75,tess2024030031500-s0075-0000000122706631-0270-s_lc.fits,29.6091744,2454970.33591,-2029.664090000093,5.471,3339.781686270758,3367.480703988925,3359.205650799907
122706631,81,tess2024196212429-s0081-0000000122706631-0276-s_lc.fits,29.6091744,2454970.33591,-2029.664090000093,5.471,3506.55470819386,3533.179669309474,3507.2515227999074
122706631,82,tess2024223182411-s0082-0000000122706631-0278-s_lc.fits,29.6091744,2454970.33591,-2029.664090000093,5.471,3533.394944809715,3559.248547852534,3536.860697199907
122713147,81,tess2024196212429-s0081-0000000122713147-0276-s_lc.fits,6.365841612,2455004.13543,-1995.864570000209,2.9697,3506.554691520858,3533.179660476112,3510.588424379791
122713147,82,tess2024223182411-s0082-0000000122713147-0278-s_lc.fits,6.365841612,2455004.13543,-1995.864570000209,2.9697,3533.394936043874,3559.248548380128,3536.0517908277907
122780849,74,tess2024003055635-s0074-0000000122780849-0269-s_lc.fits,11.0895723,2454974.76206,-2025.2379399999045,6.3412,3312.860892321968,3339.566247118843,3319.935908600096
122781795,74,tess2024003055635-s0074-0000000122781795-0269-s_lc.fits,9.229579926,2454971.43961,-2028.5603900002316,2.235,3312.860862977623,3339.56621657286,3315.3663871537683
122785299,40,tess2021175071901-s0040-0000000122785299-0211-s_lc.fits,8.8849116,2455640.4403,-1359.5597000000998,2.0778,2390.655616002025,2418.857387966392,2398.7579067999004
122785299,41,tess2021204101404-s0041-0000000122785299-0212-s_lc.fits,8.8849116,2455640.4403,-1359.5597000000998,2.0778,2419.99211006447,2446.582088734156,2425.4126415999003
122785299,54,tess2022190063128-s0054-0000000122785299-0227-s_lc.fits,8.8849116,2455640.4403,-1359.5597000000998,2.0778,2769.901571328182,2796.132188321472,2771.9241939999
122785299,74,tess2024003055635-s0074-0000000122785299-0269-s_lc.fits,8.8849116,2455640.4403,-1359.5597000000998,2.0778,3312.860753632204,3339.566116929261,3313.9038015999004
122785299,75,tess2024030031500-s0075-0000000122785299-0270-s_lc.fits,8.8849116,2455640.4403,-1359.5597000000998,2.0778,3339.78139546114,3367.480503396991,3340.5585363999007
122785299,81,tess2024196212429-s0081-0000000122785299-0276-s_lc.fits,8.8849116,2455640.4403,-1359.5597000000998,2.0778,3506.555032342963,3533.179947105022,3509.3718567999003
123130285,74,tess2024003055635-s0074-0000000123130285-0269-s_lc.fits,5.652450085,2454969.9767,-2030.0233000000007,2.062,3312.86168432348,3339.56729123671,3317.1944804099994
123130285,75,tess2024030031500-s0075-0000000123130285-0270-s_lc.fits,5.652450085,2454969.9767,-2030.0233000000007,2.062,3339.782565120423,3367.481655307478,3339.8042807499987
123130285,80,tess2024170053053-s0080-0000000123130285-0275-s_lc.fits,5.652450085,2454969.9767,-2030.0233000000007,2.062,3479.889899614299,3506.338675355578,3481.115532874999
123130285,81,tess2024196212429-s0081-0000000123130285-0276-s_lc.fits,5.652450085,2454969.9767,-2030.0233000000007,2.062,3506.553953916269,3533.178724128683,3509.3777832999995
123130285,82,tess2024223182411-s0082-0000000123130285-0278-s_lc.fits,5.652450085,2454969.9767,-2030.0233000000007,2.062,3533.393998884611,3559.247598538231,3537.640033724999
123206821,54,tess2022190063128-s0054-0000000123206821-0227-s_lc.fits,7.71792984,2454972.15405,-2027.845949999988,1.84,2769.900578830383,2796.131008089764,2772.706410480012
123206821,55,tess2022217014003-s0055-0000000123206821-0242-s_lc.fits,7.71792984,2454972.15405,-2027.845949999988,1.84,2797.10182794074,2824.265190213091,2803.5781298400116
123206821,74,tess2024003055635-s0074-0000000123206821-0269-s_lc.fits,7.71792984,2454972.15405,-2027.845949999988,1.84,3312.86167028938,3339.567268596841,3312.9614992800116
123206821,80,tess2024170053053-s0080-0000000123206821-0275-s_lc.fits,7.71792984,2454972.15405,-2027.845949999988,1.84,3479.889907456501,3506.338693407404,3482.7559557600116
123206821,81,tess2024196212429-s0081-0000000123206821-0276-s_lc.fits,7.71792984,2454972.15405,-2027.845949999988,1.84,3506.553972040272,3533.178748929453,3513.627675120012
123206821,82,tess2024223182411-s0082-0000000123206821-0278-s_lc.fits,7.71792984,2454972.15405,-2027.845949999988,1.84,3533.394023723916,3559.247625085465,3536.781464640012
123231917,74,tess2024003055635-s0074-0000000123231917-0269-s_lc.fits,4.421572182,2454965.18354,-2034.8164599998854,2.0749,3312.861237329389,3339.566893700389,3315.2858802201144
123231917,80,tess2024170053053-s0080-0000000123231917-0275-s_lc.fits,4.421572182,2454965.18354,-2034.8164599998854,2.0749,3479.890348083557,3506.33913084305,3483.305623136115
123231917,81,tess2024196212429-s0081-0000000123231917-0276-s_lc.fits,4.421572182,2454965.18354,-2034.8164599998854,2.0749,3506.554408727737,3533.179096636148,3509.835056228115
123312978,74,tess2024003055635-s0074-0000000123312978-0269-s_lc.fits,0.680741,2454832.96,-2167.0400000000373,1.7,3312.86141882367,3339.567043914338,3312.9250499999634
123314844,74,tess2024003055635-s0074-0000000123314844-0269-s_lc.fits,11.55530021,2454967.13083,-2032.8691699998453,2.799,3312.861257514409,3339.566904817819,3317.234827230155
123314844,80,tess2024170053053-s0080-0000000123314844-0275-s_lc.fits,11.55530021,2454967.13083,-2032.8691699998453,2.799,3479.890323620739,3506.339112784239,3490.5643303801553
123314844,81,tess2024196212429-s0081-0000000123314844-0276-s_lc.fits,11.55530021,2454967.13083,-2032.8691699998453,2.799,3506.554390731093,3533.179088586727,3513.6749308001545
123362050,74,tess2024003055635-s0074-0000000123362050-0269-s_lc.fits,0.677375164,2454966.94581,-2033.0541900000535,1.8243,3312.861401872668,3339.567013999792,3313.467979451946
123362984,74,tess2024003055635-s0074-0000000123362984-0269-s_lc.fits,76.378033,2454979.3458,-2020.6542000002228,4.952,3312.861322157974,3339.566949438415,3325.808109999777
123410927,40,tess2021175071901-s0040-0000000123410927-0211-s_lc.fits,14.7967458,2454975.73773,-2024.262269999832,5.638,2390.655104180204,2418.856571761345,2399.9647242001683
123410927,41,tess2021204101404-s0041-0000000123410927-0212-s_lc.fits,14.7967458,2454975.73773,-2024.262269999832,5.638,2419.99128354819,2446.581153256743,2429.558215800168
123410927,53,tess2022164095748-s0053-0000000123410927-0226-s_lc.fits,14.7967458,2454975.73773,-2024.262269999832,5.638,2743.997817826326,2768.981433791274,2755.086623400168
123410927,54,tess2022190063128-s0054-0000000123410927-0227-s_lc.fits,14.7967458,2454975.73773,-2024.262269999832,5.638,2769.900870541568,2796.131277856196,2784.6801150001684
123410927,74,tess2024003055635-s0074-0000000123410927-0269-s_lc.fits,14.7967458,2454975.73773,-2024.262269999832,5.638,3312.861389275133,3339.567000854639,3317.3629638001685
123410927,80,tess2024170053053-s0080-0000000123410927-0275-s_lc.fits,14.7967458,2454975.73773,-2024.262269999832,5.638,3479.890178361193,3506.338986248701,3480.127167600168
123416753,74,tess2024003055635-s0074-0000000123416753-0269-s_lc.fits,25.2034787,2454970.56218,-2029.4378200001083,4.552,3312.861365066799,3339.566969924252,3313.699664399892
123416753,80,tess2024170053053-s0080-0000000123416753-0275-s_lc.fits,25.2034787,2454970.56218,-2029.4378200001083,4.552,3479.890196881241,3506.339014392803,3490.1240152998917
123416753,81,tess2024196212429-s0081-0000000123416753-0276-s_lc.fits,25.2034787,2454970.56218,-2029.4378200001083,4.552,3506.554292627668,3533.179038133258,3515.327493999892
123445166,74,tess2024003055635-s0074-0000000123445166-0269-s_lc.fits,0.900376476,2454966.11875,-2033.8812500000931,1.393,3312.861623965628,3339.567192437937,3313.454640963907
123445166,75,tess2024030031500-s0075-0000000123445166-0270-s_lc.fits,0.900376476,2454966.11875,-2033.8812500000931,1.393,3339.782471666377,3367.481544706619,3340.4659352439066
123445166,80,tess2024170053053-s0080-0000000123445166-0275-s_lc.fits,0.900376476,2454966.11875,-2033.8812500000931,1.393,3479.889932463676,3506.338753519619,3480.024289023907
123445166,81,tess2024196212429-s0081-0000000123445166-0276-s_lc.fits,0.900376476,2454966.11875,-2033.8812500000931,1.393,3506.55403240115,3533.178832631953,3507.0355833039075
123445166,82,tess2024223182411-s0082-0000000123445166-0278-s_lc.fits,0.900376476,2454966.11875,-2033.8812500000931,1.393,3533.394107563553,3559.247715471019,3534.046877583907
123447592,14,tess2019198215352-s0014-0000000123447592-0150-s_lc.fits,3.70428172,2454965.2159,-2034.7840999998152,3.281,1683.355319988663,1710.206456041065,1684.3147468801849
123447592,26,tess2020160202036-s0026-0000000123447592-0188-s_lc.fits,3.70428172,2454965.2159,-2034.7840999998152,3.281,2010.268681803332,2035.137070551696,2010.2915382401848
123447592,40,tess2021175071901-s0040-0000000123447592-0211-s_lc.fits,3.70428172,2454965.2159,-2034.7840999998152,3.281,2390.654877090232,2418.856374366827,2391.832555400185
123447592,41,tess2021204101404-s0041-0000000123447592-0212-s_lc.fits,3.70428172,2454965.2159,-2034.7840999998152,3.281,2419.991088367891,2446.581027776975,2421.466809160185
123447592,53,tess2022164095748-s0053-0000000123447592-0226-s_lc.fits,3.70428172,2454965.2159,-2034.7840999998152,3.281,2743.997592595275,2768.981213845943,2747.443600520185
123447592,54,tess2022190063128-s0054-0000000123447592-0227-s_lc.fits,3.70428172,2454965.2159,-2034.7840999998152,3.281,2769.900651352471,2796.131106480036,2773.3735725601846
123447592,55,tess2022217014003-s0055-0000000123447592-0242-s_lc.fits,3.70428172,2454965.2159,-2034.7840999998152,3.281,2797.101927073043,2824.265295191073,2799.303544600185
123447592,74,tess2024003055635-s0074-0000000123447592-0269-s_lc.fits,3.70428172,2454965.2159,-2034.7840999998152,3.281,3312.861605147324,3339.567173320912,3314.1987036801847
123447592,75,tess2024030031500-s0075-0000000123447592-0270-s_lc.fits,3.70428172,2454965.2159,-2034.7840999998152,3.281,3339.782452569491,3367.481529704525,3340.128675720185
123447592,80,tess2024170053053-s0080-0000000123447592-0275-s_lc.fits,3.70428172,2454965.2159,-2034.7840999998152,3.281,3479.889949891167,3506.338773583567,3480.891381080185
123447592,81,tess2024196212429-s0081-0000000123447592-0276-s_lc.fits,3.70428172,2454965.2159,-2034.7840999998152,3.281,3506.554052474179,3533.178851410443,3506.8213531201845
123447592,82,tess2024223182411-s0082-0000000123447592-0278-s_lc.fits,3.70428172,2454965.2159,-2034.7840999998152,3.281,3533.394126320972,3559.247729367982,3536.455606880185
123448077,75,tess2024030031500-s0075-0000000123448077-0270-s_lc.fits,62.8691611,2454999.0209,-2000.9791000001132,5.778,3339.782408270435,3367.481497945028,3342.8995934998866
123448077,81,tess2024196212429-s0081-0000000123448077-0276-s_lc.fits,62.8691611,2454999.0209,-2000.9791000001132,5.778,3506.554101065934,3533.178894088067,3531.507076799887
123449386,40,tess2021175071901-s0040-0000000123449386-0211-s_lc.fits,10.6906004,2454974.116,-2025.8840000000782,4.657,2390.655048249394,2418.856537331979,2400.0245655999215
123449386,41,tess2021204101404-s0041-0000000123449386-0212-s_lc.fits,10.6906004,2454974.116,-2025.8840000000782,4.657,2419.991250231056,2446.581147420727,2421.405766399921
123449386,53,tess2022164095748-s0053-0000000123449386-0226-s_lc.fits,10.6906004,2454974.116,-2025.8840000000782,4.657,2743.997756081735,2768.981386330609,2752.8143787999215
123449386,54,tess2022190063128-s0054-0000000123449386-0227-s_lc.fits,10.6906004,2454974.116,-2025.8840000000782,4.657,2769.90082376333,2796.131255051365,2774.195579599921
123449386,74,tess2024003055635-s0074-0000000123449386-0269-s_lc.fits,10.6906004,2454974.116,-2025.8840000000782,4.657,3312.861437421017,3339.567025039922,3319.4161999999214
123495717,74,tess2024003055635-s0074-0000000123495717-0269-s_lc.fits,2.88879862,2454965.33156,-2034.668440000154,2.981,3312.861601430881,3339.567159779481,3315.3866042398467
123495717,75,tess2024030031500-s0075-0000000123495717-0270-s_lc.fits,2.88879862,2454965.33156,-2034.668440000154,2.981,3339.782438960075,3367.481509014612,3341.3857918198464
123495717,80,tess2024170053053-s0080-0000000123495717-0275-s_lc.fits,2.88879862,2454965.33156,-2034.668440000154,2.981,3479.889947327585,3506.338781143578,3480.048125579846
123495717,81,tess2024196212429-s0081-0000000123495717-0276-s_lc.fits,2.88879862,2454965.33156,-2034.668440000154,2.981,3506.554060111955,3533.17886769555,3508.936111779846
123495717,82,tess2024223182411-s0082-0000000123495717-0278-s_lc.fits,2.88879862,2454965.33156,-2034.668440000154,2.981,3533.39414266545,3559.247750964887,3534.935299359846
123495874,40,tess2021175071901-s0040-0000000123495874-0211-s_lc.fits,7.8914483,2455010.25005,-1989.749950000085,4.2854,2390.654892061708,2418.856398892043,2397.8953047999157
123495874,41,tess2021204101404-s0041-0000000123495874-0212-s_lc.fits,7.8914483,2455010.25005,-1989.749950000085,4.2854,2419.991113207428,2446.5810563893,2421.5696496999153
123495874,53,tess2022164095748-s0053-0000000123495874-0226-s_lc.fits,7.8914483,2455010.25005,-1989.749950000085,4.2854,2743.997602356234,2768.981233791148,2745.1190299999153
123495874,54,tess2022190063128-s0054-0000000123495874-0227-s_lc.fits,7.8914483,2455010.25005,-1989.749950000085,4.2854,2769.90067165088,2796.131133522384,2776.6848231999156
123495874,55,tess2022217014003-s0055-0000000123495874-0242-s_lc.fits,7.8914483,2455010.25005,-1989.749950000085,4.2854,2797.101954304915,2824.26532365427,2800.359168099915
123495874,74,tess2024003055635-s0074-0000000123495874-0269-s_lc.fits,7.8914483,2455010.25005,-1989.749950000085,4.2854,3312.861586838919,3339.567147108372,3313.3033075999156
123495874,75,tess2024030031500-s0075-0000000123495874-0270-s_lc.fits,7.8914483,2455010.25005,-1989.749950000085,4.2854,3339.78242632063,3367.48150128836,3344.869100799915
123495874,80,tess2024170053053-s0080-0000000123495874-0275-s_lc.fits,7.8914483,2455010.25005,-1989.749950000085,4.2854,3479.889962164019,3506.338795908301,3486.9151701999153
123495874,81,tess2024196212429-s0081-0000000123495874-0276-s_lc.fits,7.8914483,2455010.25005,-1989.749950000085,4.2854,3506.554074867597,3533.178879485162,3510.589515099915
123495874,82,tess2024223182411-s0082-0000000123495874-0278-s_lc.fits,7.8914483,2455010.25005,-1989.749950000085,4.2854,3533.394154424562,3559.247757586357,3534.2638599999154
123497954,74,tess2024003055635-s0074-0000000123497954-0269-s_lc.fits,5.72812599,2454968.18079,-2031.8192099998705,1.9804,3312.861405173042,3339.566985776992,3318.250464660129
123497954,81,tess2024196212429-s0081-0000000123497954-0276-s_lc.fits,5.72812599,2454968.18079,-2031.8192099998705,1.9804,3506.554259212513,3533.17903016719,3507.278622330129
124029677,33,tess2020351194500-s0033-0000000124029677-0203-s_lc.fits,20.33003,2458486.1239,1486.123900000006,4.87,2201.736302790485,2227.576315132289,2218.004980000006
124029677,98,tess2025312202959-s0098-0000000124029677-0298-s_lc.fits,20.33003,2458486.1239,1486.123900000006,4.87,3988.503226048228,4045.902923141352,4007.047620000006
124379043,87,tess2024353092137-s0087-0000000124379043-0284-s_lc.fits,1.96229325,2459207.6864,2207.686400000006,3.091,3663.047371311658,3689.941602293755,3663.707991500006
124573851,9,tess2019058134432-s0009-0000000124573851-0139-s_lc.fits,3.945152,2458546.1419,1546.1419000001624,2.8712193,1543.619963013216,1568.480695947075,1546.1419000001624
124573851,35,tess2021039152502-s0035-0000000124573851-0205-s_lc.fits,3.945152,2458546.1419,1546.1419000001624,2.8712193,2255.42205827207,2279.984959997456,2256.2692600001624
124573851,62,tess2023043185947-s0062-0000000124573851-0254-s_lc.fits,3.945152,2458546.1419,1546.1419000001624,2.8712193,2988.445428031158,3014.158207290149,2990.067532000163
124573851,89,tess2025042113628-s0089-0000000124573851-0286-s_lc.fits,3.945152,2458546.1419,1546.1419000001624,2.8712193,3718.143195475911,3746.950414551787,3719.9206520001626
130038122,80,tess2024170053053-s0080-0000000130038122-0275-s_lc.fits,4.86069,2454576.2156,-2423.7843999997713,1.92,3479.89300498776,3506.34169085804,3481.9539500002284
134200185,6,tess2018349182500-s0006-0000000134200185-0126-s_lc.fits,0.548177,2458468.3905,1468.3905000002123,0.998,1468.27155783947,1490.046911135773,1468.3905000002123
134200185,7,tess2019006130736-s0007-0000000134200185-0131-s_lc.fits,0.548177,2458468.3905,1468.3905000002123,0.998,1491.633033567543,1516.088632640862,1491.9621110002124
134200185,8,tess2019032160000-s0008-0000000134200185-0136-s_lc.fits,0.548177,2458468.3905,1468.3905000002123,0.998,1517.365008388545,1542.00216665102,1517.7264300002123
134200185,33,tess2020351194500-s0033-0000000134200185-0203-s_lc.fits,0.548177,2458468.3905,1468.3905000002123,0.998,2201.733802447663,2227.574428577377,2201.8513260002123
134200185,34,tess2021014023720-s0034-0000000134200185-0204-s_lc.fits,0.548177,2458468.3905,1468.3905000002123,0.998,2228.768878098218,2254.067419007717,2229.2601760002126
134200185,35,tess2021039152502-s0035-0000000134200185-0205-s_lc.fits,0.548177,2458468.3905,1468.3905000002123,0.998,2254.99101858122,2279.980845704693,2255.0244950002125
134200185,61,tess2023018032328-s0061-0000000134200185-0250-s_lc.fits,0.548177,2458468.3905,1468.3905000002123,0.998,2962.800496595105,2988.222589859427,2963.2691790002127
134200185,87,tess2024353092137-s0087-0000000134200185-0284-s_lc.fits,0.548177,2458468.3905,1468.3905000002123,0.998,3663.04377302718,3689.93995584591,3663.2912080002125
134200185,88,tess2025014115807-s0088-0000000134200185-0285-s_lc.fits,0.548177,2458468.3905,1468.3905000002123,0.998,3690.153845324966,3717.925962450483,3690.7000580002123
135043332,46,tess2021336043614-s0046-0000000135043332-0217-s_lc.fits,3.3596055,2457215.032,215.03200000012293,1.42008,2551.561789762799,2578.70035107783,2553.3174280001226
135043332,91,tess2025099153000-s0091-0000000135043332-0288-s_lc.fits,3.3596055,2457215.032,215.03200000012293,1.42008,3775.296517532664,3802.751476690213,3776.213830000123
137099260,14,tess2019198215352-s0014-0000000137099260-0150-s_lc.fits,21.76129913,2454999.54053,-2000.459470000118,1.2657,1683.356290762153,1710.207523043693,1698.961382099882
137099260,40,tess2021175071901-s0040-0000000137099260-0211-s_lc.fits,21.76129913,2454999.54053,-2000.459470000118,1.2657,2390.655599099218,2418.857375759081,2395.322954259882
137099260,41,tess2021204101404-s0041-0000000137099260-0212-s_lc.fits,21.76129913,2454999.54053,-2000.459470000118,1.2657,2419.992098120258,2446.582083784875,2438.8455525198824
137099260,74,tess2024003055635-s0074-0000000137099260-0269-s_lc.fits,21.76129913,2454999.54053,-2000.459470000118,1.2657,3312.860768819747,3339.566126562861,3331.0588168498825
137099260,75,tess2024030031500-s0075-0000000137099260-0270-s_lc.fits,21.76129913,2454999.54053,-2000.459470000118,1.2657,3339.781405035835,3367.480504985827,3352.820115979882
137099260,81,tess2024196212429-s0081-0000000137099260-0276-s_lc.fits,21.76129913,2454999.54053,-2000.459470000118,1.2657,3506.555018326093,3533.179939416023,3526.910509019882
137150277,74,tess2024003055635-s0074-0000000137150277-0269-s_lc.fits,12.99207337,2454969.3195,-2030.680499999784,5.9838,3312.860896382068,3339.5662370112,3322.053728440216
137150544,74,tess2024003055635-s0074-0000000137150544-0269-s_lc.fits,10.613839,2455196.73676,-1803.2632399997674,3.538,3312.860906882498,3339.566247114187,3323.220997000233
137151626,74,tess2024003055635-s0074-0000000137151626-0269-s_lc.fits,7.298049927,2454970.85674,-2029.143259999808,3.024,3312.860945464864,3339.566282774063,3313.0292865641923
137152419,40,tess2021175071901-s0040-0000000137152419-0211-s_lc.fits,2.414351654,2454965.42886,-2034.571140000131,1.2248,2390.655406802298,2418.857193236159,2390.9354417818686
137152419,41,tess2021204101404-s0041-0000000137152419-0212-s_lc.fits,2.414351654,2454965.42886,-2034.571140000131,1.2248,2419.991898863793,2446.581936214717,2422.3220132838687
137152419,54,tess2022190063128-s0054-0000000137152419-0227-s_lc.fits,2.414351654,2454965.42886,-2034.571140000131,1.2248,2769.901344237279,2796.131995970299,2769.9886514598684
137152419,55,tess2022217014003-s0055-0000000137152419-0242-s_lc.fits,2.414351654,2454965.42886,-2034.571140000131,1.2248,2797.10282162616,2824.266204273521,2798.9608713078687
137152419,75,tess2024030031500-s0075-0000000137152419-0270-s_lc.fits,2.414351654,2454965.42886,-2034.571140000131,1.2248,3339.781587049281,3367.480620405052,3342.1899934578687
137152419,81,tess2024196212429-s0081-0000000137152419-0276-s_lc.fits,2.414351654,2454965.42886,-2034.571140000131,1.2248,3506.554808702193,3533.179768485782,3508.7802575838687
137152419,82,tess2024223182411-s0082-0000000137152419-0278-s_lc.fits,2.414351654,2454965.42886,-2034.571140000131,1.2248,3533.395043918968,3559.248626624263,3535.3381257778683
137212833,74,tess2024003055635-s0074-0000000137212833-0269-s_lc.fits,24.3397804,2454969.05935,-2030.9406499997713,3.292,3312.861167444059,3339.566479417093,3323.811038000228
137212833,75,tess2024030031500-s0075-0000000137212833-0270-s_lc.fits,24.3397804,2454969.05935,-2030.9406499997713,3.292,3339.781757537191,3367.480728505526,3348.1508184002287
137212833,81,tess2024196212429-s0081-0000000137212833-0276-s_lc.fits,24.3397804,2454969.05935,-2030.9406499997713,3.292,3506.55461231001,3533.179608376996,3518.529281200228
137212833,82,tess2024223182411-s0082-0000000137212833-0278-s_lc.fits,24.3397804,2454969.05935,-2030.9406499997713,3.292,3533.394884190627,3559.248532801895,3542.8690616002286
137307173,74,tess2024003055635-s0074-0000000137307173-0269-s_lc.fits,9.93143556,2454969.49303,-2030.5069699999876,5.659,3312.860798043252,3339.566144435407,3322.5367968400124
137307173,75,tess2024030031500-s0075-0000000137307173-0270-s_lc.fits,9.93143556,2454969.49303,-2030.5069699999876,5.659,3339.78142278987,3367.480506836365,3342.3996679600123
137316027,40,tess2021175071901-s0040-0000000137316027-0211-s_lc.fits,14.91110039,2454974.33665,-2025.6633500000462,3.3353,2390.65550242258,2418.85729669352,2402.933465829954
137316027,41,tess2021204101404-s0041-0000000137316027-0212-s_lc.fits,14.91110039,2454974.33665,-2025.6633500000462,3.3353,2419.992020189513,2446.582039144023,2432.7556666099536
137316027,74,tess2024003055635-s0074-0000000137316027-0269-s_lc.fits,14.91110039,2454974.33665,-2025.6633500000462,3.3353,3312.860858970841,3339.566193594804,3327.4216900099536
137316027,75,tess2024030031500-s0075-0000000137316027-0270-s_lc.fits,14.91110039,2454974.33665,-2025.6633500000462,3.3353,3339.781471789544,3367.480532291041,3342.3327903999534
137318289,74,tess2024003055635-s0074-0000000137318289-0269-s_lc.fits,0.928310498,2454966.80341,-2033.1965899998322,1.3,3312.860929723417,3339.566258083304,3312.943567982168
137342400,74,tess2024003055635-s0074-0000000137342400-0269-s_lc.fits,30.229104,2454967.52038,-2032.4796199998818,6.4658,3312.861218875417,3339.566525357839,3318.0717880001184
137342400,75,tess2024030031500-s0075-0000000137342400-0270-s_lc.fits,30.229104,2454967.52038,-2032.4796199998818,6.4658,3339.781803376422,3367.480758058487,3348.3008920001184
137342400,81,tess2024196212429-s0081-0000000137342400-0276-s_lc.fits,30.229104,2454967.52038,-2032.4796199998818,6.4658,3506.554559829518,3533.179565184118,3529.6755160001185
137409501,74,tess2024003055635-s0074-0000000137409501-0269-s_lc.fits,10.21420496,2455003.7036,-1996.2963999998756,5.8558,3312.861210080705,3339.566499152983,3315.090179200124
137409501,75,tess2024030031500-s0075-0000000137409501-0270-s_lc.fits,10.21420496,2455003.7036,-1996.2963999998756,5.8558,3339.78177705422,3367.48071969894,3345.732794080124
137409501,81,tess2024196212429-s0081-0000000137409501-0276-s_lc.fits,10.21420496,2455003.7036,-1996.2963999998756,5.8558,3506.554575697392,3533.17959619064,3509.1600734401245
137409501,82,tess2024223182411-s0082-0000000137409501-0278-s_lc.fits,10.21420496,2455003.7036,-1996.2963999998756,5.8558,3533.394872206368,3559.248546826216,3539.8026883201246
137409907,74,tess2024003055635-s0074-0000000137409907-0269-s_lc.fits,4.417696479,2454966.96117,-2033.0388299999759,1.9161,3312.86119363448,3339.566485768248,3316.791606069024
137409907,75,tess2024030031500-s0075-0000000137409907-0270-s_lc.fits,4.417696479,2454966.96117,-2033.0388299999759,1.9161,3339.781763711627,3367.480712618327,3343.2977849430245
137409907,81,tess2024196212429-s0081-0000000137409907-0276-s_lc.fits,4.417696479,2454966.96117,-2033.0388299999759,1.9161,3506.554591988552,3533.179608321582,3506.7525546660245
137409907,82,tess2024223182411-s0082-0000000137409907-0278-s_lc.fits,4.417696479,2454966.96117,-2033.0388299999759,1.9161,3533.394884297263,3559.248552556178,3537.6764300190243
137411481,74,tess2024003055635-s0074-0000000137411481-0269-s_lc.fits,14.80074836,2454965.82305,-2034.1769500002265,5.6698,3312.861129016992,3339.566424807132,3323.693956319774
137411481,75,tess2024030031500-s0075-0000000137411481-0270-s_lc.fits,14.80074836,2454965.82305,-2034.1769500002265,5.6698,3339.781702854353,3367.480669603564,3353.2954530397737
137411481,81,tess2024196212429-s0081-0000000137411481-0276-s_lc.fits,14.80074836,2454965.82305,-2034.1769500002265,5.6698,3506.5546591411,3533.179666760211,3516.1036849997736
137411481,82,tess2024223182411-s0082-0000000137411481-0278-s_lc.fits,14.80074836,2454965.82305,-2034.1769500002265,5.6698,3533.394942632981,3559.248591226089,3545.7051817197735
137547023,74,tess2024003055635-s0074-0000000137547023-0269-s_lc.fits,32.31240082,2454966.8627,-2033.1373000000603,6.075,3312.860850660184,3339.566164395513,3330.72123611994
137547023,75,tess2024030031500-s0075-0000000137547023-0270-s_lc.fits,32.31240082,2454966.8627,-2033.1373000000603,6.075,3339.78144244683,3367.480487989423,3363.03363693994
137548365,74,tess2024003055635-s0074-0000000137548365-0269-s_lc.fits,13.22259998,2454977.29126,-2022.7087400001474,4.337,3312.860886727513,3339.566196146162,3319.221651919853
137548365,75,tess2024030031500-s0075-0000000137548365-0270-s_lc.fits,13.22259998,2454977.29126,-2022.7087400001474,4.337,3339.781474122508,3367.480507867339,3345.6668518798524
137548365,81,tess2024196212429-s0081-0000000137548365-0276-s_lc.fits,13.22259998,2454977.29126,-2022.7087400001474,4.337,3506.554911686446,3533.179886648265,3517.5606516198523
137548365,82,tess2024223182411-s0082-0000000137548365-0278-s_lc.fits,13.22259998,2454977.29126,-2022.7087400001474,4.337,3533.395162135234,3559.248736853507,3544.005851579853
137558813,40,tess2021175071901-s0040-0000000137558813-0211-s_lc.fits,8.689099,2455374.6219,-1625.3780999998562,1.184,2390.655143411236,2418.85697095577,2397.674737000144
137558813,41,tess2021204101404-s0041-0000000137558813-0212-s_lc.fits,8.689099,2455374.6219,-1625.3780999998562,1.184,2419.991697001396,2446.581820047036,2423.742034000144
137558813,54,tess2022190063128-s0054-0000000137558813-0227-s_lc.fits,8.689099,2455374.6219,-1625.3780999998562,1.184,2769.901093401842,2796.131806320426,2771.305994000144
137558813,55,tess2022217014003-s0055-0000000137558813-0242-s_lc.fits,8.689099,2455374.6219,-1625.3780999998562,1.184,2797.102634907858,2824.266120118747,2797.3732910001445
137626872,74,tess2024003055635-s0074-0000000137626872-0269-s_lc.fits,23.20584623,2455013.76141,-1986.2385900001973,4.2998,3312.861184956184,3339.566468172072,3327.9001966698024
137626872,75,tess2024030031500-s0075-0000000137626872-0270-s_lc.fits,23.20584623,2455013.76141,-1986.2385900001973,4.2998,3339.781746060736,3367.480689763205,3351.1060428998026
137626872,81,tess2024196212429-s0081-0000000137626872-0276-s_lc.fits,23.20584623,2455013.76141,-1986.2385900001973,4.2998,3506.554604541849,3533.179628281455,3513.5469665098026
137626872,82,tess2024223182411-s0082-0000000137626872-0278-s_lc.fits,23.20584623,2455013.76141,-1986.2385900001973,4.2998,3533.394904304866,3559.248575907695,3536.7528127398027
137634508,74,tess2024003055635-s0074-0000000137634508-0269-s_lc.fits,1.952700019,2454966.16095,-2033.8390500000678,0.872,3312.860928679171,3339.566231323147,3314.606302040932
137635841,74,tess2024003055635-s0074-0000000137635841-0269-s_lc.fits,41.86869812,2454980.02993,-2019.9700699998066,5.783,3312.860890860955,3339.566193435082,3339.223289360193
137635841,81,tess2024196212429-s0081-0000000137635841-0276-s_lc.fits,41.86869812,2454980.02993,-2019.9700699998066,5.783,3506.554909874558,3533.179891419896,3506.6980818401935
137635841,82,tess2024223182411-s0082-0000000137635841-0278-s_lc.fits,41.86869812,2454980.02993,-2019.9700699998066,5.783,3533.395166956691,3559.24874713787,3548.5667799601933
137683938,40,tess2021175071901-s0040-0000000137683938-0211-s_lc.fits,3.290314,2456290.90198,-709.0980199999176,1.7505,2390.655513409392,2418.857340563935,2393.6680820000824
137683938,41,tess2021204101404-s0041-0000000137683938-0212-s_lc.fits,3.290314,2456290.90198,-709.0980199999176,1.7505,2419.992065334443,2446.582105859781,2423.2809080000825
137683938,54,tess2022190063128-s0054-0000000137683938-0227-s_lc.fits,3.290314,2456290.90198,-709.0980199999176,1.7505,2769.901493526891,2796.132168032843,2772.0541920000824
137683938,55,tess2022217014003-s0055-0000000137683938-0242-s_lc.fits,3.290314,2456290.90198,-709.0980199999176,1.7505,2797.102994124098,2824.266363954597,2798.3767040000826
137683938,74,tess2024003055635-s0074-0000000137683938-0269-s_lc.fits,3.290314,2456290.90198,-709.0980199999176,1.7505,3312.860836362054,3339.566140976941,3314.956002000082
137683938,75,tess2024030031500-s0075-0000000137683938-0270-s_lc.fits,3.290314,2456290.90198,-709.0980199999176,1.7505,3339.781418978898,3367.480460448584,3341.2785140000824
137683938,81,tess2024196212429-s0081-0000000137683938-0276-s_lc.fits,3.290314,2456290.90198,-709.0980199999176,1.7505,3506.554966896645,3533.179942042633,3509.084528000082
137754713,74,tess2024003055635-s0074-0000000137754713-0269-s_lc.fits,4.820590019,2454968.78516,-2031.2148400000297,3.468,3312.861120616928,3339.566403209761,3314.81949107097
137754713,75,tess2024030031500-s0075-0000000137754713-0270-s_lc.fits,4.820590019,2454968.78516,-2031.2148400000297,3.468,3339.781681170835,3367.480639194485,3343.7430311849703
137754713,81,tess2024196212429-s0081-0000000137754713-0276-s_lc.fits,4.820590019,2454968.78516,-2031.2148400000297,3.468,3506.554673005932,3533.179691956445,3507.6430918309707
137754713,82,tess2024223182411-s0082-0000000137754713-0278-s_lc.fits,4.820590019,2454968.78516,-2031.2148400000297,3.468,3533.39496790535,3559.248622638668,3536.56663194497
137757057,81,tess2024196212429-s0081-0000000137757057-0276-s_lc.fits,10.62784997,2454970.82181,-2029.1781899998896,5.013,3506.554584126327,3533.179615080423,3507.93164437011
137757057,82,tess2024223182411-s0082-0000000137757057-0278-s_lc.fits,10.62784997,2454970.82181,-2029.1781899998896,5.013,3533.394891169027,3559.248572297423,3539.8151942801105
137815803,74,tess2024003055635-s0074-0000000137815803-0269-s_lc.fits,7.42608998,2454972.90046,-2027.09953999985,3.7017,3312.8609219343,3339.566215072267,3319.6852456001507
137817056,74,tess2024003055635-s0074-0000000137817056-0269-s_lc.fits,3.924510002,2454965.40179,-2034.5982099999674,3.708,3312.860885313532,3339.566182117184,3314.5089227260323
137817056,75,tess2024030031500-s0075-0000000137817056-0270-s_lc.fits,3.924510002,2454965.40179,-2034.5982099999674,3.708,3339.781460003192,3367.480483883687,3341.980492740033
137899873,40,tess2021175071901-s0040-0000000137899873-0211-s_lc.fits,1.116119981,2454964.8456,-2035.154399999883,1.3577,2390.655203051271,2418.857046771714,2391.3774446461166
137899873,41,tess2021204101404-s0041-0000000137899873-0212-s_lc.fits,1.116119981,2454964.8456,-2035.154399999883,1.3577,2419.991773201278,2446.581895366352,2420.396564152117
137899873,54,tess2022190063128-s0054-0000000137899873-0227-s_lc.fits,1.116119981,2454964.8456,-2035.154399999883,1.3577,2769.901163141604,2796.131884116129,2770.858238186117
137899873,55,tess2022217014003-s0055-0000000137899873-0242-s_lc.fits,1.116119981,2454964.8456,-2035.154399999883,1.3577,2797.102712809499,2824.266189930454,2797.645117730117
137899873,74,tess2024003055635-s0074-0000000137899873-0269-s_lc.fits,1.116119981,2454964.8456,-2035.154399999883,1.3577,3312.86115723397,3339.566423771501,3313.2925489521167
137899873,75,tess2024030031500-s0075-0000000137899873-0270-s_lc.fits,1.116119981,2454964.8456,-2035.154399999883,1.3577,3339.781701570991,3367.480638188424,3340.0794284961166
137899873,81,tess2024196212429-s0081-0000000137899873-0276-s_lc.fits,1.116119981,2454964.8456,-2035.154399999883,1.3577,3506.55464020545,3533.179676840847,3507.4974256461173
137899873,82,tess2024223182411-s0082-0000000137899873-0278-s_lc.fits,1.116119981,2454964.8456,-2035.154399999883,1.3577,3533.394952939462,3559.248627711582,3534.2843051901173
137899948,40,tess2021175071901-s0040-0000000137899948-0211-s_lc.fits,2.455239,2455003.82176,-1996.1782399998046,1.72722,2390.655202856159,2418.857043112082,2391.3338530001956
137899948,41,tess2021204101404-s0041-0000000137899948-0212-s_lc.fits,2.455239,2455003.82176,-1996.1782399998046,1.72722,2419.991769403344,2446.581889091333,2420.7967210001952
137899948,54,tess2022190063128-s0054-0000000137899948-0227-s_lc.fits,2.455239,2455003.82176,-1996.1782399998046,1.72722,2769.901161180705,2796.131879196418,2771.8958980001953
137899948,55,tess2022217014003-s0055-0000000137899948-0242-s_lc.fits,2.455239,2455003.82176,-1996.1782399998046,1.72722,2797.102707786178,2824.266182907817,2798.903527000196
137899948,74,tess2024003055635-s0074-0000000137899948-0269-s_lc.fits,2.455239,2455003.82176,-1996.1782399998046,1.72722,3312.861158655401,3339.566428420663,3314.503717000196
137899948,75,tess2024030031500-s0075-0000000137899948-0270-s_lc.fits,2.455239,2455003.82176,-1996.1782399998046,1.72722,3339.781706242039,3367.48064513935,3341.5113460001958
137899948,81,tess2024196212429-s0081-0000000137899948-0276-s_lc.fits,2.455239,2455003.82176,-1996.1782399998046,1.72722,3506.554637485988,3533.179671297382,3508.4675980001957
137899948,82,tess2024223182411-s0082-0000000137899948-0278-s_lc.fits,2.455239,2455003.82176,-1996.1782399998046,1.72722,3533.394947376673,3559.248620476602,3535.4752270001954
137900524,40,tess2021175071901-s0040-0000000137900524-0211-s_lc.fits,25.54339981,2454973.58705,-2026.4129499997944,8.567,2390.65518352586,2418.857024281438,2392.595217130206
137900524,41,tess2021204101404-s0041-0000000137900524-0212-s_lc.fits,25.54339981,2454973.58705,-2026.4129499997944,8.567,2419.991750679104,2446.581874826731,2443.6820167502055
137900524,74,tess2024003055635-s0074-0000000137900524-0269-s_lc.fits,25.54339981,2454973.58705,-2026.4129499997944,8.567,3312.861177750308,3339.566445719514,3337.701010100206
137900524,75,tess2024030031500-s0075-0000000137900524-0270-s_lc.fits,25.54339981,2454973.58705,-2026.4129499997944,8.567,3339.781723504801,3367.480656550845,3363.244409910206
137900524,81,tess2024196212429-s0081-0000000137900524-0276-s_lc.fits,25.54339981,2454973.58705,-2026.4129499997944,8.567,3506.554617910519,3533.179654949411,3516.5048087702053
137900524,82,tess2024223182411-s0082-0000000137900524-0278-s_lc.fits,25.54339981,2454973.58705,-2026.4129499997944,8.567,3533.394931064092,3559.248610430891,3542.048208580206
137903329,40,tess2021175071901-s0040-0000000137903329-0211-s_lc.fits,7.340711,2455187.56737,-1812.4326300001703,3.082,2390.655171878042,2418.857019941941,2393.7947729998295
137903329,41,tess2021204101404-s0041-0000000137903329-0212-s_lc.fits,7.340711,2455187.56737,-1812.4326300001703,3.082,2419.99174668536,2446.581878613023,2423.1576169998298
137903329,54,tess2022190063128-s0054-0000000137903329-0227-s_lc.fits,7.340711,2455187.56737,-1812.4326300001703,3.082,2769.90113318864,2796.131860956698,2775.5117449998297
137903329,55,tess2022217014003-s0055-0000000137903329-0242-s_lc.fits,7.340711,2455187.56737,-1812.4326300001703,3.082,2797.102689981153,2824.266178931069,2797.533877999829
137903329,74,tess2024003055635-s0074-0000000137903329-0269-s_lc.fits,7.340711,2455187.56737,-1812.4326300001703,3.082,3312.861186773892,3339.566447104391,3318.7243589998297
137903329,75,tess2024030031500-s0075-0000000137903329-0270-s_lc.fits,7.340711,2455187.56737,-1812.4326300001703,3.082,3339.781724823089,3367.48064961971,3340.7464919998292
137903329,81,tess2024196212429-s0081-0000000137903329-0276-s_lc.fits,7.340711,2455187.56737,-1812.4326300001703,3.082,3506.554611210584,3533.179655963854,3509.58284499983
137903329,82,tess2024223182411-s0082-0000000137903329-0278-s_lc.fits,7.340711,2455187.56737,-1812.4326300001703,3.082,3533.394932139304,3559.248618786718,3538.945688999829
137906197,21,tess2020020091053-s0021-0000000137906197-0167-s_lc.fits,7.337703649,2459627.0224,2627.0224000001326,4.5639,1870.437980420832,1897.7850772465,1871.2389241531328
137906197,48,tess2022027120115-s0048-0000000137906197-0219-s_lc.fits,7.337703649,2459627.0224,2627.0224000001326,4.5639,2607.937715475218,2635.990097415106,2612.3469927021324
137906197,74,tess2024003055635-s0074-0000000137906197-0269-s_lc.fits,7.337703649,2459627.0224,2627.0224000001326,4.5639,3312.867368470868,3339.573462620987,3316.7665430061325
137906197,75,tess2024030031500-s0075-0000000137906197-0270-s_lc.fits,7.337703649,2459627.0224,2627.0224000001326,4.5639,3339.788738933525,3367.486910626391,3346.117357602133
137968594,74,tess2024003055635-s0074-0000000137968594-0269-s_lc.fits,4.75793986,2454970.69702,-2029.3029800001532,4.677,3312.861167270135,3339.566429253964,3313.863482779846
137968594,75,tess2024030031500-s0075-0000000137968594-0270-s_lc.fits,4.75793986,2454970.69702,-2029.3029800001532,4.677,3339.781707007819,3367.480637634054,3342.4111219398465
137968594,81,tess2024196212429-s0081-0000000137968594-0276-s_lc.fits,4.75793986,2454970.69702,-2029.3029800001532,4.677,3506.554631273135,3533.179672895299,3508.9390170398465
137968594,82,tess2024223182411-s0082-0000000137968594-0278-s_lc.fits,4.75793986,2454970.69702,-2029.3029800001532,4.677,3533.394949035824,3559.248629397741,3537.486656199846
137969066,75,tess2024030031500-s0075-0000000137969066-0270-s_lc.fits,3.70175428,2455005.4504,-1994.5496000000276,2.6262,3339.781689714556,3367.480624239307,3343.3800717599725
137969066,81,tess2024196212429-s0081-0000000137969066-0276-s_lc.fits,3.70175428,2455005.4504,-1994.5496000000276,2.6262,3506.554649573624,3533.179689840713,3509.9590143599726
137969066,82,tess2024223182411-s0082-0000000137969066-0278-s_lc.fits,3.70175428,2455005.4504,-1994.5496000000276,2.6262,3533.394965961214,3559.248641755926,3535.8712943199725
138036531,74,tess2024003055635-s0074-0000000138036531-0269-s_lc.fits,14.5596237,2454968.96181,-2031.0381900002249,5.76,3312.860884251592,3339.566161195256,3326.903331599775
138036531,75,tess2024030031500-s0075-0000000138036531-0270-s_lc.fits,14.5596237,2454968.96181,-2031.0381900002249,5.76,3339.781438936908,3367.480447018913,3341.462955299775
138036531,81,tess2024196212429-s0081-0000000138036531-0276-s_lc.fits,14.5596237,2454968.96181,-2031.0381900002249,5.76,3506.554926509376,3533.179930868392,3516.1784396997746
138036531,82,tess2024223182411-s0082-0000000138036531-0278-s_lc.fits,14.5596237,2454968.96181,-2031.0381900002249,5.76,3533.395206564909,3559.248801275185,3545.2976870997745
138097531,74,tess2024003055635-s0074-0000000138097531-0269-s_lc.fits,5.21104261,2454964.53958,-2035.4604199999012,3.3011,3312.861210927743,3339.56646660582,3316.280340470099
138097531,75,tess2024030031500-s0075-0000000138097531-0270-s_lc.fits,5.21104261,2454964.53958,-2035.4604199999012,3.3011,3339.781744260955,3367.480659733873,3342.335553520099
138097531,81,tess2024196212429-s0081-0000000138097531-0276-s_lc.fits,5.21104261,2454964.53958,-2035.4604199999012,3.3011,3506.554587343115,3533.179638349285,3509.0889170400987
138097531,82,tess2024223182411-s0082-0000000138097531-0278-s_lc.fits,5.21104261,2454964.53958,-2035.4604199999012,3.3011,3533.394914584339,3559.248610673501,3535.1441300900988
138097834,81,tess2024196212429-s0081-0000000138097834-0276-s_lc.fits,26.0840594,2454982.4478,-2017.5521999998018,6.725,3506.554575570266,3533.179627754559,3512.268392800199
138168780,19,tess2019331140908-s0019-0000000138168780-0164-s_lc.fits,3.7650007,2456652.71245,-347.2875500000082,2.9,1816.087005732557,1841.144302326026,1817.5878524999916
138168780,20,tess2019357164649-s0020-0000000138168780-0165-s_lc.fits,3.7650007,2456652.71245,-347.2875500000082,2.9,1842.506804288113,1868.825832672615,1843.9428573999917
138168780,26,tess2020160202036-s0026-0000000138168780-0188-s_lc.fits,3.7650007,2456652.71245,-347.2875500000082,2.9,2010.263354275656,2035.131360900506,2013.3678888999916
138168780,40,tess2021175071901-s0040-0000000138168780-0211-s_lc.fits,3.7650007,2456652.71245,-347.2875500000082,2.9,2390.649187254279,2418.851012487038,2393.632959599992
138168780,53,tess2022164095748-s0053-0000000138168780-0226-s_lc.fits,3.7650007,2456652.71245,-347.2875500000082,2.9,2743.992131530097,2768.975505240348,2747.5430253999916
138168780,59,tess2022330142927-s0059-0000000138168780-0248-s_lc.fits,3.7650007,2456652.71245,-347.2875500000082,2.9,2910.26700008046,2936.691010607224,2913.203056199992
138168780,60,tess2022357055054-s0060-0000000138168780-0249-s_lc.fits,3.7650007,2456652.71245,-347.2875500000082,2.9,2936.911843424849,2962.586485364598,2939.558061099992
138168780,73,tess2023341045131-s0073-0000000138168780-0268-s_lc.fits,3.7650007,2456652.71245,-347.2875500000082,2.9,3285.801789866241,3312.653272396812,3285.9381254999917
138168780,79,tess2024142205832-s0079-0000000138168780-0274-s_lc.fits,3.7650007,2456652.71245,-347.2875500000082,2.9,3452.534874466163,3479.67044346036,3455.3631569999916
138213510,74,tess2024003055635-s0074-0000000138213510-0269-s_lc.fits,14.12841,2454975.89515,-2024.1048499997705,3.733,3312.860990352051,3339.566248442253,3316.4341300002297
138213510,81,tess2024196212429-s0081-0000000138213510-0276-s_lc.fits,14.12841,2454975.89515,-2024.1048499997705,3.733,3506.554821083195,3533.179851464528,3514.2318700002297
138213510,82,tess2024223182411-s0082-0000000138213510-0278-s_lc.fits,14.12841,2454975.89515,-2024.1048499997705,3.733,3533.395127413433,3559.248762588977,3542.4886900002293
138216186,74,tess2024003055635-s0074-0000000138216186-0269-s_lc.fits,161.4743937,2455003.60316,-1996.3968400000595,10.598,3312.861066623967,3339.56632409484,3332.258152099941
138294130,24,tess2020106103520-s0024-0000000138294130-0180-s_lc.fits,3.056536,2455584.57238,-1415.427620000206,4.224,1955.79830570958,1982.284244384459,1955.931587999794
138294130,50,tess2022085151738-s0050-0000000138294130-0222-s_lc.fits,3.056536,2455584.57238,-1415.427620000206,4.224,2665.274035197766,2691.513322625211,2668.104475999794
138294130,51,tess2022112184951-s0051-0000000138294130-0223-s_lc.fits,3.056536,2455584.57238,-1415.427620000206,4.224,2692.957762870316,2717.538018858838,2695.6132999997935
138294130,77,tess2024085201119-s0077-0000000138294130-0272-s_lc.fits,3.056536,2455584.57238,-1415.427620000206,4.224,3395.488962111049,3423.55280186296,3395.5600439997943
138294130,78,tess2024114025118-s0078-0000000138294130-0273-s_lc.fits,3.056536,2455584.57238,-1415.427620000206,4.224,3434.27911932886,3452.325994268976,3435.295011999794
138299395,40,tess2021175071901-s0040-0000000138299395-0211-s_lc.fits,11.17931605,2454964.6405,-2035.3594999997877,3.043,2390.655241963325,2418.85710719406,2391.6496558002127
138299395,41,tess2021204101404-s0041-0000000138299395-0212-s_lc.fits,11.17931605,2454964.6405,-2035.3594999997877,3.043,2419.991816723004,2446.581946275795,2425.187603950212
138299395,54,tess2022190063128-s0054-0000000138299395-0227-s_lc.fits,11.17931605,2454964.6405,-2035.3594999997877,3.043,2769.901214209979,2796.13194985819,2771.7464015002124
138299395,55,tess2022217014003-s0055-0000000138299395-0242-s_lc.fits,11.17931605,2454964.6405,-2035.3594999997877,3.043,2797.102778952261,2824.266257298371,2805.284349650213
138299395,74,tess2024003055635-s0074-0000000138299395-0269-s_lc.fits,11.17931605,2454964.6405,-2035.3594999997877,3.043,3312.86111081662,3339.566359906987,3319.532887950213
138299395,75,tess2024030031500-s0075-0000000138299395-0270-s_lc.fits,11.17931605,2454964.6405,-2035.3594999997877,3.043,3339.781637634299,3367.480570852405,3341.8915200502124
138299395,81,tess2024196212429-s0081-0000000138299395-0276-s_lc.fits,11.17931605,2454964.6405,-2035.3594999997877,3.043,3506.554695982592,3533.179744657428,3509.5812608002125
138299395,82,tess2024223182411-s0082-0000000138299395-0278-s_lc.fits,11.17931605,2454964.6405,-2035.3594999997877,3.043,3533.395020813786,3559.248694227339,3543.119208950213
138303317,74,tess2024003055635-s0074-0000000138303317-0269-s_lc.fits,14.5539759,2454967.11314,-2032.8868599999696,6.254,3312.860990087555,3339.566247237121,3322.97627120003
138359318,40,tess2021175071901-s0040-0000000138359318-0211-s_lc.fits,1.0187068,2454317.81333,-2682.1866700001992,1.4947875,2390.655532251911,2418.857402020049,2390.9731939998
138359318,41,tess2021204101404-s0041-0000000138359318-0212-s_lc.fits,1.0187068,2454317.81333,-2682.1866700001992,1.4947875,2419.992128423166,2446.582195925193,2420.5156911998
138359318,54,tess2022190063128-s0054-0000000138359318-0227-s_lc.fits,1.0187068,2454317.81333,-2682.1866700001992,1.4947875,2769.901534609858,2796.132243901174,2769.9321235998004
138359318,55,tess2022217014003-s0055-0000000138359318-0242-s_lc.fits,1.0187068,2454317.81333,-2682.1866700001992,1.4947875,2797.10307116217,2824.266460700851,2797.4372071998005
138359318,74,tess2024003055635-s0074-0000000138359318-0269-s_lc.fits,1.0187068,2454317.81333,-2682.1866700001992,1.4947875,3312.860802471924,3339.566068514457,3312.9028479998005
138359318,75,tess2024030031500-s0075-0000000138359318-0270-s_lc.fits,1.0187068,2454317.81333,-2682.1866700001992,1.4947875,3339.781346274968,3367.480364393837,3340.4079315998006
138359318,81,tess2024196212429-s0081-0000000138359318-0276-s_lc.fits,1.0187068,2454317.81333,-2682.1866700001992,1.4947875,3506.555017317052,3533.18002480345,3507.4758467998
138359318,82,tess2024223182411-s0082-0000000138359318-0278-s_lc.fits,1.0187068,2454317.81333,-2682.1866700001992,1.4947875,3533.395300471794,3559.248880170082,3533.9622235998004
138365520,40,tess2021175071901-s0040-0000000138365520-0211-s_lc.fits,4.176,2455185.9956,-1814.0043999999762,2.358,2390.65537410449,2418.85724717603,2391.227600000024
138365520,41,tess2021204101404-s0041-0000000138365520-0212-s_lc.fits,4.176,2455185.9956,-1814.0043999999762,2.358,2419.991974409886,2446.582077830697,2420.459600000024
138365520,54,tess2022190063128-s0054-0000000138365520-0227-s_lc.fits,4.176,2455185.9956,-1814.0043999999762,2.358,2769.901373139711,2796.132100790189,2771.2436000000243
138365520,55,tess2022217014003-s0055-0000000138365520-0242-s_lc.fits,4.176,2455185.9956,-1814.0043999999762,2.358,2797.102929159692,2824.266367591411,2800.4756000000243
138365520,74,tess2024003055635-s0074-0000000138365520-0269-s_lc.fits,4.176,2455185.9956,-1814.0043999999762,2.358,3312.860958981847,3339.566211063621,3314.1236000000245
138365520,75,tess2024030031500-s0075-0000000138365520-0270-s_lc.fits,4.176,2455185.9956,-1814.0043999999762,2.358,3339.781488533095,3367.480459312371,3343.3556000000244
138365520,81,tess2024196212429-s0081-0000000138365520-0276-s_lc.fits,4.176,2455185.9956,-1814.0043999999762,2.358,3506.554856604769,3533.179889851083,3510.3956000000244
138365520,82,tess2024223182411-s0082-0000000138365520-0278-s_lc.fits,4.176,2455185.9956,-1814.0043999999762,2.358,3533.395165801153,3559.248796380154,3535.451600000024
138430864,81,tess2024196212429-s0081-0000000138430864-0276-s_lc.fits,10.526294063,2455009.5225,-1990.4775000000373,2.5212,3506.554583747278,3533.179657839538,3514.774294948963
138430864,82,tess2024223182411-s0082-0000000138430864-0278-s_lc.fits,10.526294063,2455009.5225,-1990.4775000000373,2.5212,3533.394934247818,3559.248648962733,3535.826883074963
138431522,81,tess2024196212429-s0081-0000000138431522-0276-s_lc.fits,70.46829987,2455022.16092,-1977.8390799998306,6.618,3506.554608237337,3533.179678996393,3518.6883098601693
138569175,74,tess2024003055635-s0074-0000000138569175-0269-s_lc.fits,5.08005848,2455007.42776,-1992.572240000125,5.2587,3312.860947806907,3339.566188580097,3316.0888715998753
138569175,75,tess2024030031500-s0075-0000000138569175-0270-s_lc.fits,5.08005848,2455007.42776,-1992.572240000125,5.2587,3339.78146598042,3367.480430198762,3341.489163999875
138569175,81,tess2024196212429-s0081-0000000138569175-0276-s_lc.fits,5.08005848,2455007.42776,-1992.572240000125,5.2587,3506.554872700817,3533.17991532555,3509.1310938398747
138569175,82,tess2024223182411-s0082-0000000138569175-0278-s_lc.fits,5.08005848,2455007.42776,-1992.572240000125,5.2587,3533.395191336155,3559.248826109367,3534.5313862398752
138888759,40,tess2021175071901-s0040-0000000138888759-0211-s_lc.fits,1.44259224,2454967.0722,-2032.9278000001796,3.0151,2390.655347999053,2418.857263158922,2391.5026000798207
138888759,41,tess2021204101404-s0041-0000000138888759-0212-s_lc.fits,1.44259224,2454967.0722,-2032.9278000001796,3.0151,2419.99199220327,2446.582131745426,2420.35444487982
138888759,54,tess2022190063128-s0054-0000000138888759-0227-s_lc.fits,1.44259224,2454967.0722,-2032.9278000001796,3.0151,2769.901367586933,2796.132133981827,2770.9043591998206
138888759,55,tess2022217014003-s0055-0000000138888759-0242-s_lc.fits,1.44259224,2454967.0722,-2032.9278000001796,3.0151,2797.102963792784,2824.266434959328,2798.3136117598206
138888759,74,tess2024003055635-s0074-0000000138888759-0269-s_lc.fits,1.44259224,2454967.0722,-2032.9278000001796,3.0151,3312.860970091826,3339.566181002857,3313.3190414398205
138888759,75,tess2024030031500-s0075-0000000138888759-0270-s_lc.fits,1.44259224,2454967.0722,-2032.9278000001796,3.0151,3339.78145815731,3367.480393118153,3340.7282939998204
138888759,81,tess2024196212429-s0081-0000000138888759-0276-s_lc.fits,1.44259224,2454967.0722,-2032.9278000001796,3.0151,3506.554860283261,3533.179931986212,3506.6264015998204
138888759,82,tess2024223182411-s0082-0000000138888759-0278-s_lc.fits,1.44259224,2454967.0722,-2032.9278000001796,3.0151,3533.395208219171,3559.24886796766,3534.0356541598203
138969239,40,tess2021175071901-s0040-0000000138969239-0211-s_lc.fits,8.50340718,2455003.86761,-1996.132389999926,2.8346,2390.655185876286,2418.857109088836,2391.625714880074
138969239,41,tess2021204101404-s0041-0000000138969239-0212-s_lc.fits,8.50340718,2455003.86761,-1996.132389999926,2.8346,2419.991821201735,2446.582004780082,2425.6393436000735
138969239,54,tess2022190063128-s0054-0000000138969239-0227-s_lc.fits,8.50340718,2455003.86761,-1996.132389999926,2.8346,2769.901185801614,2796.131976799955,2774.2790379800736
138969239,55,tess2022217014003-s0055-0000000138969239-0242-s_lc.fits,8.50340718,2455003.86761,-1996.132389999926,2.8346,2797.102808008129,2824.266337422148,2799.7892595200738
138969239,74,tess2024003055635-s0074-0000000138969239-0269-s_lc.fits,8.50340718,2455003.86761,-1996.132389999926,2.8346,3312.861146182664,3339.566337171074,3318.4970975000742
138969239,75,tess2024030031500-s0075-0000000138969239-0270-s_lc.fits,8.50340718,2455003.86761,-1996.132389999926,2.8346,3339.781614430164,3367.480492564265,3344.0073190400735
138969239,81,tess2024196212429-s0081-0000000138969239-0276-s_lc.fits,8.50340718,2455003.86761,-1996.132389999926,2.8346,3506.554680298421,3533.179784883113,3514.075462640074
138969239,82,tess2024223182411-s0082-0000000138969239-0278-s_lc.fits,8.50340718,2455003.86761,-1996.132389999926,2.8346,3533.395061462757,3559.248781324393,3539.585684180074
139155506,40,tess2021175071901-s0040-0000000139155506-0211-s_lc.fits,13.5225106,2454975.18129,-2024.8187099997886,3.8931,2390.655186791776,2418.857112960111,2397.0422562002113
139155506,41,tess2021204101404-s0041-0000000139155506-0212-s_lc.fits,13.5225106,2454975.18129,-2024.8187099997886,3.8931,2419.991825187795,2446.58201072029,2424.087277400212
139155506,54,tess2022190063128-s0054-0000000139155506-0227-s_lc.fits,13.5225106,2454975.18129,-2024.8187099997886,3.8931,2769.901188247267,2796.131981696383,2775.6725530002113
139155506,55,tess2022217014003-s0055-0000000139155506-0242-s_lc.fits,13.5225106,2454975.18129,-2024.8187099997886,3.8931,2797.102812987911,2824.266343885061,2802.717574200212
139155506,74,tess2024003055635-s0074-0000000139155506-0269-s_lc.fits,13.5225106,2454975.18129,-2024.8187099997886,3.8931,3312.861144222695,3339.566332509339,3316.5729770002117
139155506,75,tess2024030031500-s0075-0000000139155506-0270-s_lc.fits,13.5225106,2454975.18129,-2024.8187099997886,3.8931,3339.781609750967,3367.480486153972,3343.6179982002113
139155506,81,tess2024196212429-s0081-0000000139155506-0276-s_lc.fits,13.5225106,2454975.18129,-2024.8187099997886,3.8931,3506.554683390878,3533.179790275936,3519.4106360002115
139155506,82,tess2024223182411-s0082-0000000139155506-0278-s_lc.fits,13.5225106,2454975.18129,-2024.8187099997886,3.8931,3533.395066870481,3559.248787925142,3546.455657200212
139270665,47,tess2021364111932-s0047-0000000139270665-0218-s_lc.fits,23.624,2459592.36614,2592.3661400000565,5.94,2579.82056969494,2606.945817221142,2592.3661400000565
141205978,48,tess2022027120115-s0048-0000000141205978-0219-s_lc.fits,1.55745774,2459662.7387,2662.7387000001036,1.409,2607.936733589183,2635.990055394667,2608.2276791001036
141205978,49,tess2022057073128-s0049-0000000141205978-0221-s_lc.fits,1.55745774,2459662.7387,2662.7387000001036,1.409,2637.476161498166,2664.31884036921,2637.8193761601037
141205978,75,tess2024030031500-s0075-0000000141205978-0270-s_lc.fits,1.55745774,2459662.7387,2662.7387000001036,1.409,3339.787809884213,3367.486914263809,3340.2328169001034
141205978,76,tess2024058030222-s0076-0000000141205978-0271-s_lc.fits,1.55745774,2459662.7387,2662.7387000001036,1.409,3367.702192007027,3394.780976543824,3368.2670562201038
142211778,63,tess2023069172124-s0063-0000000142211778-0255-s_lc.fits,3.05125,2458564.4506,1564.4506000000983,3.601,3014.37229805209,3040.904783072484,3016.8456000000983
142211778,90,tess2025071122000-s0090-0000000142211778-0287-s_lc.fits,3.05125,2458564.4506,1564.4506000000983,3.601,3747.163244904972,3775.081748482808,3749.1456000000985
142211778,100,tess2026033082000-s0100-0000000142211778-0302-s_lc.fits,3.05125,2458564.4506,1564.4506000000983,3.601,4073.995555602622,4100.469484159858,4075.6293500000984
142211778,101,tess2026060005000-s0101-0000000142211778-0303-s_lc.fits,3.05125,2458564.4506,1564.4506000000983,3.601,4100.684755982617,4126.810633794574,4103.090600000098
143526233,88,tess2025014115807-s0088-0000000143526233-0285-s_lc.fits,6.961508,2459909.2703,2909.2702999999747,2.7504,3690.156126978723,3717.92855142183,3695.9207039999746
144065872,1,tess2018206045859-s0001-0000000144065872-0120-s_lc.fits,2.18467,2458326.5058,1326.5057999999262,2.784,1325.298208273829,1353.181641685543,1326.5057999999262
144065872,28,tess2020212050318-s0028-0000000144065872-0190-s_lc.fits,2.18467,2458326.5058,1326.5057999999262,2.784,2061.854932114807,2087.102078663424,2062.7395899999265
144065872,95,tess2025206162959-s0095-0000000144065872-0292-s_lc.fits,2.18467,2458326.5058,1326.5057999999262,2.784,3882.552188433202,3907.546755992303,3882.5696999999263
144193715,1,tess2018206045859-s0001-0000000144193715-0120-s_lc.fits,9.151201,2458333.4284,1333.4284000000916,2.616,1325.298654765281,1353.181886817139,1333.4284000000916
144193715,28,tess2020212050318-s0028-0000000144193715-0190-s_lc.fits,9.151201,2458333.4284,1333.4284000000916,2.616,2061.855342154712,2087.102294120707,2065.524480000092
144193715,68,tess2023209231226-s0068-0000000144193715-0262-s_lc.fits,9.151201,2458333.4284,1333.4284000000916,2.616,3154.615943878301,3182.143509999024,3163.668600000092
144193715,95,tess2025206162959-s0095-0000000144193715-0292-s_lc.fits,9.151201,2458333.4284,1333.4284000000916,2.616,3882.40124806019,3907.547028412116,3886.613479000092
145368316,91,tess2025099153000-s0091-0000000145368316-0288-s_lc.fits,1.6096884,2457918.462,918.4619999998249,2.232,3775.293848858808,3802.749828667042,3775.658909999825
147950620,14,tess2019198215352-s0014-0000000147950620-0150-s_lc.fits,2.3106446,2458684.92352,1684.9235200001858,1.6276453,1683.350064865962,1710.201483497466,1684.9235200001858
147950620,20,tess2019357164649-s0020-0000000147950620-0165-s_lc.fits,2.3106446,2458684.92352,1684.9235200001858,1.6276453,1842.505753765499,1868.825718124764,1844.357997400186
147950620,21,tess2020020091053-s0021-0000000147950620-0167-s_lc.fits,2.3106446,2458684.92352,1684.9235200001858,1.6276453,1870.43683804364,1897.78386186526,1872.0857326001858
147950620,40,tess2021175071901-s0040-0000000147950620-0211-s_lc.fits,2.3106446,2458684.92352,1684.9235200001858,1.6276453,2390.650235076741,2418.851092125643,2391.9807676001856
147950620,41,tess2021204101404-s0041-0000000147950620-0212-s_lc.fits,2.3106446,2458684.92352,1684.9235200001858,1.6276453,2419.985803078255,2446.576258282187,2422.019147400186
147950620,47,tess2021364111932-s0047-0000000147950620-0218-s_lc.fits,2.3106446,2458684.92352,1684.9235200001858,1.6276453,2579.81534015786,2606.943477864266,2581.453624800186
147950620,48,tess2022027120115-s0048-0000000147950620-0219-s_lc.fits,2.3106446,2458684.92352,1684.9235200001858,1.6276453,2607.93652808255,2635.98891078845,2609.181360000186
147950620,74,tess2024003055635-s0074-0000000147950620-0269-s_lc.fits,2.3106446,2458684.92352,1684.9235200001858,1.6276453,3312.866439629194,3339.572285987438,3313.9279630001856
147950620,75,tess2024030031500-s0075-0000000147950620-0270-s_lc.fits,2.3106446,2458684.92352,1684.9235200001858,1.6276453,3339.787561938718,3367.485747265215,3341.6556982001857
149603524,1,tess2018206045859-s0001-0000000149603524-0120-s_lc.fits,4.41195,2458851.09934,1851.0993400001898,3.816,1325.293494830635,1353.176946529141,1326.0772900001898
149603524,2,tess2018234235059-s0002-0000000149603524-0121-s_lc.fits,4.41195,2458851.09934,1851.0993400001898,3.816,1354.107503946341,1381.514570051823,1356.9609400001898
149603524,3,tess2018263035959-s0003-0000000149603524-0123-s_lc.fits,4.41195,2458851.09934,1851.0993400001898,3.816,1382.034015164511,1409.384111563066,1383.4326400001898
149603524,4,tess2018292075959-s0004-0000000149603524-0124-s_lc.fits,4.41195,2458851.09934,1851.0993400001898,3.816,1410.900779078588,1436.836935701131,1414.3162900001898
149603524,6,tess2018349182500-s0006-0000000149603524-0126-s_lc.fits,4.41195,2458851.09934,1851.0993400001898,3.816,1468.270246778374,1490.045181091597,1471.6716400001899
149603524,7,tess2019006130736-s0007-0000000149603524-0131-s_lc.fits,4.41195,2458851.09934,1851.0993400001898,3.816,1491.63822722898,1516.086731281937,1493.7313900001898
149603524,8,tess2019032160000-s0008-0000000149603524-0136-s_lc.fits,4.41195,2458851.09934,1851.0993400001898,3.816,1517.363110142642,1542.000482505849,1520.2030900001898
149603524,9,tess2019058134432-s0009-0000000149603524-0139-s_lc.fits,4.41195,2458851.09934,1851.0993400001898,3.816,1543.344916773469,1568.475346302193,1546.67479000019
149603524,10,tess2019085135100-s0010-0000000149603524-0140-s_lc.fits,4.41195,2458851.09934,1851.0993400001898,3.816,1569.436450782049,1595.680794059374,1573.1464900001897
149603524,11,tess2019112060037-s0011-0000000149603524-0143-s_lc.fits,4.41195,2458851.09934,1851.0993400001898,3.816,1596.776621731632,1623.891848701784,1599.6181900001898
149603524,12,tess2019140104343-s0012-0000000149603524-0144-s_lc.fits,4.41195,2458851.09934,1851.0993400001898,3.816,1624.95434511297,1652.891857140612,1626.0898900001898
149603524,13,tess2019169103026-s0013-0000000149603524-0146-s_lc.fits,4.41195,2458851.09934,1851.0993400001898,3.816,1653.919633472958,1682.357204536996,1656.9735400001898
149603524,27,tess2020186164531-s0027-0000000149603524-0189-s_lc.fits,4.41195,2458851.09934,1851.0993400001898,3.816,2036.27784537096,2060.641813584277,2036.4012400001898
149603524,28,tess2020212050318-s0028-0000000149603524-0190-s_lc.fits,4.41195,2458851.09934,1851.0993400001898,3.816,2061.850152337286,2087.097480842391,2062.87294000019
149603524,29,tess2020238165205-s0029-0000000149603524-0193-s_lc.fits,4.41195,2458851.09934,1851.0993400001898,3.816,2088.239152789019,2114.433708184895,2089.34464000019
149603524,30,tess2020266004630-s0030-0000000149603524-0195-s_lc.fits,4.41195,2458851.09934,1851.0993400001898,3.816,2115.885103537526,2143.222690100532,2120.2282900001896
149603524,31,tess2020294194027-s0031-0000000149603524-0198-s_lc.fits,4.41195,2458851.09934,1851.0993400001898,3.816,2144.51436190283,2169.944953943027,2146.6999900001897
149603524,32,tess2020324010417-s0032-0000000149603524-0200-s_lc.fits,4.41195,2458851.09934,1851.0993400001898,3.816,2174.22828852689,2200.225476324013,2177.58364000019
149603524,33,tess2020351194500-s0033-0000000149603524-0203-s_lc.fits,4.41195,2458851.09934,1851.0993400001898,3.816,2201.732419757471,2227.572608449119,2204.05534000019
149603524,34,tess2021014023720-s0034-0000000149603524-0204-s_lc.fits,4.41195,2458851.09934,1851.0993400001898,3.816,2228.767049023752,2254.065535936777,2230.52704000019
149603524,36,tess2021065132309-s0036-0000000149603524-0207-s_lc.fits,4.41195,2458851.09934,1851.0993400001898,3.816,2280.902892738929,2305.988879789205,2283.4704400001897
149603524,37,tess2021091135823-s0037-0000000149603524-0208-s_lc.fits,4.41195,2458851.09934,1851.0993400001898,3.816,2307.251376704219,2332.579062434937,2309.9421400001897
149603524,38,tess2021118034608-s0038-0000000149603524-0209-s_lc.fits,4.41195,2458851.09934,1851.0993400001898,3.816,2333.854061397543,2360.551240911249,2336.41384000019
149603524,39,tess2021146024351-s0039-0000000149603524-0210-s_lc.fits,4.41195,2458851.09934,1851.0993400001898,3.816,2361.770687435829,2389.717929149419,2362.88554000019
149603524,61,tess2023018032328-s0061-0000000149603524-0250-s_lc.fits,4.41195,2458851.09934,1851.0993400001898,3.816,2962.798643418871,2988.216571155104,2962.91074000019
149603524,62,tess2023043185947-s0062-0000000149603524-0254-s_lc.fits,4.41195,2458851.09934,1851.0993400001898,3.816,2988.440181947382,3014.152542379894,2989.38244000019
149603524,64,tess2023096110322-s0064-0000000149603524-0257-s_lc.fits,4.41195,2458851.09934,1851.0993400001898,3.816,3041.113525346549,3068.031491950608,3042.3258400001896
149603524,65,tess2023124020739-s0065-0000000149603524-0259-s_lc.fits,4.41195,2458851.09934,1851.0993400001898,3.816,3068.738435431641,3096.628681047383,3068.7975400001897
149603524,68,tess2023209231226-s0068-0000000149603524-0262-s_lc.fits,4.41195,2458851.09934,1851.0993400001898,3.816,3154.617693935721,3182.127532153678,3157.03654000019
149603524,69,tess2023237165326-s0069-0000000149603524-0264-s_lc.fits,4.41195,2458851.09934,1851.0993400001898,3.816,3182.35392288339,3208.138754299978,3183.5082400001897
149603524,87,tess2024353092137-s0087-0000000149603524-0284-s_lc.fits,4.41195,2458851.09934,1851.0993400001898,3.816,3663.041010097752,3689.938139896395,3664.41079000019
149603524,88,tess2025014115807-s0088-0000000149603524-0285-s_lc.fits,4.41195,2458851.09934,1851.0993400001898,3.816,3690.152027836779,3717.924114006327,3690.88249000019
149603524,89,tess2025042113628-s0089-0000000149603524-0286-s_lc.fits,4.41195,2458851.09934,1851.0993400001898,3.816,3718.138001508245,3746.94479054268,3721.76614000019
149603524,94,tess2025180145000-s0094-0000000149603524-0291-s_lc.fits,4.41195,2458851.09934,1851.0993400001898,3.816,3856.279310564094,3881.805777336296,3858.53659000019
149603524,95,tess2025206162959-s0095-0000000149603524-0292-s_lc.fits,4.41195,2458851.09934,1851.0993400001898,3.816,3882.348833082242,3907.541993005116,3885.00829000019
149603524,96,tess2025232030459-s0096-0000000149603524-0293-s_lc.fits,4.41195,2458851.09934,1851.0993400001898,3.816,3907.77393797147,3933.432383419413,3911.47999000019
149603524,97,tess2025258001959-s0097-0000000149603524-0294-s_lc.fits,4.41195,2458851.09934,1851.0993400001898,3.816,3933.66016161517,3988.285315295976,3937.95169000019
149603524,98,tess2025312202959-s0098-0000000149603524-0298-s_lc.fits,4.41195,2458851.09934,1851.0993400001898,3.816,3988.500593061093,4045.899119945641,3990.89509000019
149918151,41,tess2021204101404-s0041-0000000149918151-0212-s_lc.fits,1.540731,2458227.75643,1227.7564300000668,1.8672,2419.985158278468,2446.575487204604,2420.282224000067
149918151,48,tess2022027120115-s0048-0000000149918151-0219-s_lc.fits,1.540731,2458227.75643,1227.7564300000668,1.8672,2607.937224110312,2635.989700933343,2608.2514060000667
149918151,74,tess2024003055635-s0074-0000000149918151-0269-s_lc.fits,1.540731,2458227.75643,1227.7564300000668,1.8672,3312.866894303203,3339.572975271382,3313.9062040000667
149918151,75,tess2024030031500-s0075-0000000149918151-0270-s_lc.fits,1.540731,2458227.75643,1227.7564300000668,1.8672,3339.788252462718,3367.486522576823,3340.0986310000667
150030205,1,tess2018206045859-s0001-0000000150030205-0120-s_lc.fits,4.5117244,2460186.64911,3186.649110000115,2.04,1325.293113314328,1353.176622652523,1327.8186572001148
150030205,2,tess2018234235059-s0002-0000000150030205-0121-s_lc.fits,4.5117244,2460186.64911,3186.649110000115,2.04,1354.107184112473,1381.514378330781,1354.8890036001148
150030205,3,tess2018263035959-s0003-0000000150030205-0123-s_lc.fits,4.5117244,2460186.64911,3186.649110000115,2.04,1382.033825625924,1409.384092216266,1386.4710744001147
150030205,4,tess2018292075959-s0004-0000000150030205-0124-s_lc.fits,4.5117244,2460186.64911,3186.649110000115,2.04,1410.90076966037,1436.837091704734,1413.5414208001148
150030205,5,tess2018319095959-s0005-0000000150030205-0125-s_lc.fits,4.5117244,2460186.64911,3186.649110000115,2.04,1437.989873411655,1464.288602218863,1440.6117672001149
150030205,7,tess2019006130736-s0007-0000000150030205-0131-s_lc.fits,4.5117244,2460186.64911,3186.649110000115,2.04,1491.638596885302,1516.087095500921,1494.7524600001148
150030205,8,tess2019032160000-s0008-0000000150030205-0136-s_lc.fits,4.5117244,2460186.64911,3186.649110000115,2.04,1517.363472046154,1542.000769329886,1521.8228064001148
150030205,9,tess2019058134432-s0009-0000000150030205-0139-s_lc.fits,4.5117244,2460186.64911,3186.649110000115,2.04,1543.238253960817,1568.475494882249,1544.3814284001148
150030205,10,tess2019085135100-s0010-0000000150030205-0140-s_lc.fits,4.5117244,2460186.64911,3186.649110000115,2.04,1569.436593705152,1595.680770099136,1571.451774800115
150030205,11,tess2019112060037-s0011-0000000150030205-0143-s_lc.fits,4.5117244,2460186.64911,3186.649110000115,2.04,1596.776590553542,1623.891651990624,1598.5221212001147
150030205,12,tess2019140104343-s0012-0000000150030205-0144-s_lc.fits,4.5117244,2460186.64911,3186.649110000115,2.04,1624.965253106469,1652.891529191327,1625.5924676001148
150030205,13,tess2019169103026-s0013-0000000150030205-0146-s_lc.fits,4.5117244,2460186.64911,3186.649110000115,2.04,1653.919302150004,1682.356822408184,1657.174538400115
150030205,27,tess2020186164531-s0027-0000000150030205-0189-s_lc.fits,4.5117244,2460186.64911,3186.649110000115,2.04,2036.277473852008,2060.641437497799,2040.671112400115
150030205,28,tess2020212050318-s0028-0000000150030205-0190-s_lc.fits,4.5117244,2460186.64911,3186.649110000115,2.04,2061.849777412429,2087.097170516474,2063.229734400115
150030205,29,tess2020238165205-s0029-0000000150030205-0193-s_lc.fits,4.5117244,2460186.64911,3186.649110000115,2.04,2088.238847256654,2114.43353129646,2090.3000808001148
150030205,30,tess2020266004630-s0030-0000000150030205-0195-s_lc.fits,4.5117244,2460186.64911,3186.649110000115,2.04,2115.884934078785,2143.222693381247,2117.370427200115
150030205,31,tess2020294194027-s0031-0000000150030205-0198-s_lc.fits,4.5117244,2460186.64911,3186.649110000115,2.04,2144.514373465709,2169.945126692393,2148.952498000115
150030205,32,tess2020324010417-s0032-0000000150030205-0200-s_lc.fits,4.5117244,2460186.64911,3186.649110000115,2.04,2174.228484993152,2200.224405114711,2176.022844400115
150030205,33,tess2020351194500-s0033-0000000150030205-0203-s_lc.fits,4.5117244,2460186.64911,3186.649110000115,2.04,2201.732742622299,2227.572983540698,2203.093190800115
150030205,34,tess2021014023720-s0034-0000000150030205-0204-s_lc.fits,4.5117244,2460186.64911,3186.649110000115,2.04,2228.767424320542,2254.065885540406,2230.1635372001147
150030205,35,tess2021039152502-s0035-0000000150030205-0205-s_lc.fits,4.5117244,2460186.64911,3186.649110000115,2.04,2254.989489781204,2279.979538973189,2257.233883600115
150030205,36,tess2021065132309-s0036-0000000150030205-0207-s_lc.fits,4.5117244,2460186.64911,3186.649110000115,2.04,2280.903141002879,2305.988985925123,2284.304230000115
150030205,37,tess2021091135823-s0037-0000000150030205-0208-s_lc.fits,4.5117244,2460186.64911,3186.649110000115,2.04,2307.251474888654,2332.578997709095,2311.374576400115
150030205,38,tess2021118034608-s0038-0000000150030205-0209-s_lc.fits,4.5117244,2460186.64911,3186.649110000115,2.04,2333.853988244541,2360.551011458658,2333.9331984001146
150030205,39,tess2021146024351-s0039-0000000150030205-0210-s_lc.fits,4.5117244,2460186.64911,3186.649110000115,2.04,2361.770451195799,2389.717582156624,2365.5152692001147
150030205,61,tess2023018032328-s0061-0000000150030205-0250-s_lc.fits,4.5117244,2460186.64911,3186.649110000115,2.04,2962.799017916076,2988.21690922788,2965.574614400115
150030205,62,tess2023043185947-s0062-0000000150030205-0254-s_lc.fits,4.5117244,2460186.64911,3186.649110000115,2.04,2988.440519293504,3014.152775557535,2992.644960800115
150030205,63,tess2023069172124-s0063-0000000150030205-0255-s_lc.fits,4.5117244,2460186.64911,3186.649110000115,2.04,3014.368051559374,3040.89971314844,3015.203582800115
150030205,64,tess2023096110322-s0064-0000000150030205-0257-s_lc.fits,4.5117244,2460186.64911,3186.649110000115,2.04,3041.113600620696,3068.031394261448,3042.2739292001147
150030205,65,tess2023124020739-s0065-0000000150030205-0259-s_lc.fits,4.5117244,2460186.64911,3186.649110000115,2.04,3068.738333009091,3096.628422183072,3069.344275600115
150030205,66,tess2023153011303-s0066-0000000150030205-0260-s_lc.fits,4.5117244,2460186.64911,3186.649110000115,2.04,3097.672863005784,3126.426964752217,3100.926346400115
150030205,67,tess2023181235917-s0067-0000000150030205-0261-s_lc.fits,4.5117244,2460186.64911,3186.649110000115,2.04,3126.640854726813,3154.38397912298,3127.996692800115
150030205,68,tess2023209231226-s0068-0000000150030205-0262-s_lc.fits,4.5117244,2460186.64911,3186.649110000115,2.04,3154.621480870304,3182.127217092729,3155.067039200115
150030205,69,tess2023237165326-s0069-0000000150030205-0264-s_lc.fits,4.5117244,2460186.64911,3186.649110000115,2.04,3182.353608579603,3208.138562962139,3186.649110000115
150030205,87,tess2024353092137-s0087-0000000150030205-0284-s_lc.fits,4.5117244,2460186.64911,3186.649110000115,2.04,3663.041330306069,3689.938511851846,3664.891896400115
150030205,88,tess2025014115807-s0088-0000000150030205-0285-s_lc.fits,4.5117244,2460186.64911,3186.649110000115,2.04,3690.152399818774,3717.924452535127,3691.962242800115
150030205,89,tess2025042113628-s0089-0000000150030205-0286-s_lc.fits,4.5117244,2460186.64911,3186.649110000115,2.04,3718.138339411069,3746.945010037643,3719.0325892001147
150030205,90,tess2025071122000-s0090-0000000150030205-0287-s_lc.fits,4.5117244,2460186.64911,3186.649110000115,2.04,3747.158896676353,3775.076655760118,3750.614660000115
150030205,93,tess2025154050500-s0093-0000000150030205-0290-s_lc.fits,4.5117244,2460186.64911,3186.649110000115,2.04,3829.872058423327,3856.034502327821,3831.825699200115
150030205,94,tess2025180145000-s0094-0000000150030205-0291-s_lc.fits,4.5117244,2460186.64911,3186.649110000115,2.04,3856.278946536816,3881.805392698239,3858.896045600115
150030205,95,tess2025206162959-s0095-0000000150030205-0292-s_lc.fits,4.5117244,2460186.64911,3186.649110000115,2.04,3882.349838277407,3907.541658706592,3885.966392000115
150030205,96,tess2025232030459-s0096-0000000150030205-0293-s_lc.fits,4.5117244,2460186.64911,3186.649110000115,2.04,3908.077772802095,3933.42938403089,3908.525014000115
150030205,97,tess2025258001959-s0097-0000000150030205-0294-s_lc.fits,4.5117244,2460186.64911,3186.649110000115,2.04,3933.659940543827,3988.285435298519,3935.595360400115
150030205,98,tess2025312202959-s0098-0000000150030205-0298-s_lc.fits,4.5117244,2460186.64911,3186.649110000115,2.04,3988.500714171717,4045.89948230087,3989.736053200115
150096001,43,tess2021258175143-s0043-0000000150096001-0214-s_lc.fits,3.07133,2457821.315,821.3149999999441,1.22,2474.167931287307,2498.87845955457,2476.761869999944
150096001,44,tess2021284114741-s0044-0000000150096001-0215-s_lc.fits,3.07133,2457821.315,821.3149999999441,1.22,2500.196630331451,2524.445378493326,2501.3325099999443
150096001,70,tess2023263165758-s0070-0000000150096001-0265-s_lc.fits,3.07133,2457821.315,821.3149999999441,1.22,3208.537378517735,3233.797879274547,3210.809739999944
150096001,71,tess2023289093419-s0071-0000000150096001-0266-s_lc.fits,3.07133,2457821.315,821.3149999999441,1.22,3234.545160487951,3259.795214348851,3235.380379999944
151483286,61,tess2023018032328-s0061-0000000151483286-0250-s_lc.fits,4.039709,2459023.44641,2023.4464099998586,3.804,2962.801701851794,2988.218429519414,2964.6986069998584
151483286,88,tess2025014115807-s0088-0000000151483286-0285-s_lc.fits,4.039709,2459023.44641,2023.4464099998586,3.804,3690.155003133331,3717.92734902357,3691.8462269998586
151759246,54,tess2022190063128-s0054-0000000151759246-0227-s_lc.fits,2.6278838,2459771.7145,2771.714499999769,1.2,2769.903968503425,2796.134767181452,2771.714499999769
151759246,81,tess2024196212429-s0081-0000000151759246-0276-s_lc.fits,2.6278838,2459771.7145,2771.714499999769,1.2,3506.557527551597,3533.182508207057,3507.521963999769
151759246,92,tess2025127075000-s0092-0000000151759246-0289-s_lc.fits,2.6278838,2459771.7145,2771.714499999769,1.2,3802.986259028552,3829.645522226539,3804.472833399769
152569268,90,tess2025071122000-s0090-0000000152569268-0287-s_lc.fits,1.05426244177,2459329.65318,2329.6531799999066,1.3052791,3747.162950437072,3775.081271495707,3747.6361641805565
152569268,99,tess2026005125623-s0099-0000000152569268-0300-s_lc.fits,1.05426244177,2459329.65318,2329.6531799999066,1.3052791,4046.114386358328,4073.780306389712,4047.0466976432363
152569268,100,tess2026033082000-s0100-0000000152569268-0302-s_lc.fits,1.05426244177,2459329.65318,2329.6531799999066,1.3052791,4073.995611390474,4100.469292968647,4074.4575211292567
152852327,36,tess2021065132309-s0036-0000000152852327-0207-s_lc.fits,9.1751,2457590.1491,590.1491000000387,7.169,2280.908367546997,2305.994781167853,2287.542600000039
152852327,46,tess2021336043614-s0046-0000000152852327-0217-s_lc.fits,9.1751,2457590.1491,590.1491000000387,7.169,2551.563021548335,2578.701769482685,2553.620500000039
152852327,91,tess2025099153000-s0091-0000000152852327-0288-s_lc.fits,9.1751,2457590.1491,590.1491000000387,7.169,3775.296289722875,3802.74784822697,3783.0839000000387
154220877,75,tess2024030031500-s0075-0000000154220877-0270-s_lc.fits,2.002849,2458901.48892,1901.488919999916,1.66,3339.787903938158,3367.48705146034,3341.5373509999163
154220877,76,tess2024058030222-s0076-0000000154220877-0271-s_lc.fits,2.002849,2458901.48892,1901.488919999916,1.66,3367.702328957594,3394.781125470267,3369.577236999916
154474036,20,tess2019357164649-s0020-0000000154474036-0165-s_lc.fits,8.62392630369,2459634.20076,2634.2007599999197,2.0612885,1842.505315546562,1868.825131483743,1849.4234663641296
154474036,21,tess2020020091053-s0021-0000000154474036-0167-s_lc.fits,8.62392630369,2459634.20076,2634.2007599999197,2.0612885,1870.436246813527,1897.783255069021,1875.2952452751997
154474036,40,tess2021175071901-s0040-0000000154474036-0211-s_lc.fits,8.62392630369,2459634.20076,2634.2007599999197,2.0612885,2390.650684588053,2418.851689610608,2392.7308234965994
154474036,41,tess2021204101404-s0041-0000000154474036-0212-s_lc.fits,8.62392630369,2459634.20076,2634.2007599999197,2.0612885,2419.986404561251,2446.576872180877,2427.2265287113596
154474036,47,tess2021364111932-s0047-0000000154474036-0218-s_lc.fits,8.62392630369,2459634.20076,2634.2007599999197,2.0612885,2579.814853026328,2606.942870671284,2582.45720217778
154474036,48,tess2022027120115-s0048-0000000154474036-0219-s_lc.fits,8.62392630369,2459634.20076,2634.2007599999197,2.0612885,2607.935919575006,2635.988324827295,2608.3289810888496
154474036,60,tess2022357055054-s0060-0000000154474036-0249-s_lc.fits,8.62392630369,2459634.20076,2634.2007599999197,2.0612885,2936.904787013512,2962.585735271513,2944.66210693276
154474036,74,tess2024003055635-s0074-0000000154474036-0269-s_lc.fits,8.62392630369,2459634.20076,2634.2007599999197,2.0612885,3312.865956971041,3339.571696241857,3315.4909379914297
154474036,75,tess2024030031500-s0075-0000000154474036-0270-s_lc.fits,8.62392630369,2459634.20076,2634.2007599999197,2.0612885,3339.786971496645,3367.485185663874,3341.3627169025
157266693,36,tess2021065132309-s0036-0000000157266693-0207-s_lc.fits,3.8537768,2457236.75653,236.75652999989688,3.5064,2280.907382432489,2305.993986712304,2283.112010799897
157266693,37,tess2021091135823-s0037-0000000157266693-0208-s_lc.fits,3.8537768,2457236.75653,236.75652999989688,3.5064,2307.262037083557,2332.583803281505,2310.0884483998966
157266693,63,tess2023069172124-s0063-0000000157266693-0255-s_lc.fits,3.8537768,2457236.75653,236.75652999989688,3.5064,3014.372448384317,3040.904770767384,3015.3296027998967
157266693,90,tess2025071122000-s0090-0000000157266693-0287-s_lc.fits,3.8537768,2457236.75653,236.75652999989688,3.5064,3747.163380419857,3775.081711595449,3747.5471947998967
157266693,100,tess2026033082000-s0100-0000000157266693-0302-s_lc.fits,3.8537768,2457236.75653,236.75652999989688,3.5064,4073.995869257863,4100.469685810288,4075.1182227998966
157266693,101,tess2026060005000-s0101-0000000157266693-0303-s_lc.fits,3.8537768,2457236.75653,236.75652999989688,3.5064,4100.684956506147,4126.81068162311,4102.094660399896
158025009,16,tess2019253231442-s0016-0000000158025009-0152-s_lc.fits,1.0697568,2458739.4621,1739.4621000001207,1.5,1738.648578877165,1763.302436737781,1739.4621000001207
158025009,23,tess2020078014623-s0023-0000000158025009-0177-s_lc.fits,1.0697568,2458739.4621,1739.4621000001207,1.5,1928.121810827039,1954.87881121728,1928.8090536001207
158025009,50,tess2022085151738-s0050-0000000158025009-0222-s_lc.fits,1.0697568,2458739.4621,1739.4621000001207,1.5,2665.27436778335,2691.513134769579,2665.8714888001205
158025009,77,tess2024085201119-s0077-0000000158025009-0272-s_lc.fits,1.0697568,2458739.4621,1739.4621000001207,1.5,3395.489294118282,3423.552576779338,3396.5153832001206
158108219,74,tess2024003055635-s0074-0000000158108219-0269-s_lc.fits,1.980357663,2455003.13903,-1996.860969999805,2.4332,3312.861733128227,3339.567175870359,3314.4582821661943
158108219,75,tess2024030031500-s0075-0000000158108219-0270-s_lc.fits,1.980357663,2455003.13903,-1996.860969999805,2.4332,3339.78245427614,3367.481400543938,3340.202931785195
158108219,80,tess2024170053053-s0080-0000000158108219-0275-s_lc.fits,1.980357663,2455003.13903,-1996.860969999805,2.4332,3479.889752770806,3506.338683836202,3480.8083258581946
158108219,82,tess2024223182411-s0082-0000000158108219-0278-s_lc.fits,1.980357663,2455003.13903,-1996.860969999805,2.4332,3533.394163490987,3559.247880729321,3534.277982759195
158113449,74,tess2024003055635-s0074-0000000158113449-0269-s_lc.fits,2.437033302,2455003.73724,-1996.2627599998377,3.201,3312.861511055291,3339.566973988729,3314.032805058163
158113449,75,tess2024030031500-s0075-0000000158113449-0270-s_lc.fits,2.437033302,2455003.73724,-1996.2627599998377,3.201,3339.782252806853,3367.48126655223,3340.8401713801622
158113449,80,tess2024170053053-s0080-0000000158113449-0275-s_lc.fits,2.437033302,2455003.73724,-1996.2627599998377,3.201,3479.889973008339,3506.338911869137,3482.1881028961625
158113449,82,tess2024223182411-s0082-0000000158113449-0278-s_lc.fits,2.437033302,2455003.73724,-1996.2627599998377,3.201,3533.394354150879,3559.247998950244,3535.802835540163
158114000,80,tess2024170053053-s0080-0000000158114000-0275-s_lc.fits,40.0587473,2455002.91131,-1997.0886900001206,5.533,3479.8900162245,3506.338956208939,3490.9596900998795
158114000,81,tess2024196212429-s0081-0000000158114000-0276-s_lc.fits,40.0587473,2455002.91131,-1997.0886900001206,5.533,3506.554235237476,3533.179114730815,3531.018437399879
158114283,74,tess2024003055635-s0074-0000000158114283-0269-s_lc.fits,76.957857,2455025.33214,-1974.6678599999286,9.384,3312.861444706473,3339.566914891655,3335.4242730000715
158170594,14,tess2019198215352-s0014-0000000158170594-0150-s_lc.fits,1.7208604,2454966.02122,-2033.978780000005,2.03459,1683.355637805285,1710.20682669185,1684.800544399995
158170594,26,tess2020160202036-s0026-0000000158170594-0188-s_lc.fits,1.7208604,2454966.02122,-2033.978780000005,2.03459,2010.268817539639,2035.137335284329,2011.7640203999954
158170594,40,tess2021175071901-s0040-0000000158170594-0211-s_lc.fits,1.7208604,2454966.02122,-2033.978780000005,2.03459,2390.655095572455,2418.856706018945,2392.0741687999953
158170594,41,tess2021204101404-s0041-0000000158170594-0212-s_lc.fits,1.7208604,2454966.02122,-2033.978780000005,2.03459,2419.991423564622,2446.581398949534,2421.328795599995
158170594,53,tess2022164095748-s0053-0000000158170594-0226-s_lc.fits,1.7208604,2454966.02122,-2033.978780000005,2.03459,2743.997746628811,2768.981492487879,2744.8505507999953
158170594,55,tess2022217014003-s0055-0000000158170594-0242-s_lc.fits,1.7208604,2454966.02122,-2033.978780000005,2.03459,2797.102287792903,2824.265658292208,2798.1972231999953
158170594,74,tess2024003055635-s0074-0000000158170594-0269-s_lc.fits,1.7208604,2454966.02122,-2033.978780000005,2.03459,3312.861347033087,3339.566824391781,3314.4553431999957
158170594,75,tess2024030031500-s0075-0000000158170594-0270-s_lc.fits,1.7208604,2454966.02122,-2033.978780000005,2.03459,3339.782103511653,3367.48116670211,3340.268249199995
158170594,80,tess2024170053053-s0080-0000000158170594-0275-s_lc.fits,1.7208604,2454966.02122,-2033.978780000005,2.03459,3479.890135133856,3506.339080230324,3481.3788019999956
158170594,81,tess2024196212429-s0081-0000000158170594-0276-s_lc.fits,1.7208604,2454966.02122,-2033.978780000005,2.03459,3506.554359457513,3533.179219710659,3507.1917079999957
158170594,82,tess2024223182411-s0082-0000000158170594-0278-s_lc.fits,1.7208604,2454966.02122,-2033.978780000005,2.03459,3533.394495590838,3559.248087197715,3534.7254743999956
158172348,74,tess2024003055635-s0074-0000000158172348-0269-s_lc.fits,36.8601,2454971.90683,-2028.0931699997745,7.495,3312.861471974667,3339.566937788919,3316.6213300002255
158172348,75,tess2024030031500-s0075-0000000158172348-0270-s_lc.fits,36.8601,2454971.90683,-2028.0931699997745,7.495,3339.782216675029,3367.48124175274,3353.4814300002263
158172348,80,tess2024170053053-s0080-0000000158172348-0275-s_lc.fits,36.8601,2454971.90683,-2028.0931699997745,7.495,3479.890011351355,3506.338952244299,3500.921830000226
158172348,81,tess2024196212429-s0081-0000000158172348-0276-s_lc.fits,49.40926,2455031.23887,-1968.761129999999,5.243,3506.554231282614,3533.179112462113,3515.6667300000017
158172348,82,tess2024223182411-s0082-0000000158172348-0278-s_lc.fits,36.8601,2454971.90683,-2028.0931699997745,7.495,3533.394388571164,3559.248021050063,3537.7819300002257
158175366,80,tess2024170053053-s0080-0000000158175366-0275-s_lc.fits,47.1611696,2454983.25323,-2016.7467700000852,4.059,3479.889741505761,3506.33867948646,3501.110073199915
158175366,82,tess2024223182411-s0082-0000000158175366-0278-s_lc.fits,47.1611696,2454983.25323,-2016.7467700000852,4.059,3533.394167031875,3559.247891131961,3548.271242799915
158212755,80,tess2024170053053-s0080-0000000158212755-0275-s_lc.fits,9.06689421,2454967.75212,-2032.2478800001554,2.957,3479.889970726017,3506.338917951139,3480.423799679844
158212755,82,tess2024223182411-s0082-0000000158212755-0278-s_lc.fits,9.06689421,2454967.75212,-2032.2478800001554,2.957,3533.394367522808,3559.248016718249,3534.8251649398444
158215023,74,tess2024003055635-s0074-0000000158215023-0269-s_lc.fits,6.24146367,2454967.88704,-2032.1129600000568,3.0771,3312.861339711495,3339.566812593321,3316.821405189943
158215023,75,tess2024030031500-s0075-0000000158215023-0270-s_lc.fits,6.24146367,2454967.88704,-2032.1129600000568,3.0771,3339.782091688513,3367.481152949503,3341.7872598699432
158215023,80,tess2024170053053-s0080-0000000158215023-0275-s_lc.fits,6.24146367,2454967.88704,-2032.1129600000568,3.0771,3479.890139230977,3506.339089641805,3485.3409242799435
158215023,81,tess2024196212429-s0081-0000000158215023-0276-s_lc.fits,6.24146367,2454967.88704,-2032.1129600000568,3.0771,3506.554368906014,3533.17923263113,3510.3067789599436
158215023,82,tess2024223182411-s0082-0000000158215023-0278-s_lc.fits,6.24146367,2454967.88704,-2032.1129600000568,3.0771,3533.394508531565,3559.248101021568,3535.272633639943
158270511,80,tess2024170053053-s0080-0000000158270511-0275-s_lc.fits,3.584101216,2455003.42791,-1996.5720899999142,2.7445,3479.889850537791,3506.338801796122,3479.9345680480856
158270511,81,tess2024196212429-s0081-0000000158270511-0276-s_lc.fits,3.584101216,2455003.42791,-1996.5720899999142,2.7445,3506.554081701642,3533.179002741747,3508.6073777760857
158270511,82,tess2024223182411-s0082-0000000158270511-0278-s_lc.fits,3.584101216,2455003.42791,-1996.5720899999142,2.7445,3533.394278537963,3559.247970841765,3533.696086288086
158275161,81,tess2024196212429-s0081-0000000158275161-0276-s_lc.fits,14.13176026,2454975.26113,-2024.738870000001,3.854,3506.554260165954,3533.17915273157,3514.9111519199987
158275161,82,tess2024223182411-s0082-0000000158275161-0278-s_lc.fits,14.13176026,2454975.26113,-2024.738870000001,3.854,3533.394428908142,3559.248064686949,3543.174672439999
158278132,80,tess2024170053053-s0080-0000000158278132-0275-s_lc.fits,9.08237046,2454972.65023,-2027.3497700002044,2.025,3479.890235863843,3506.33919895067,3485.649099219795
158278132,81,tess2024196212429-s0081-0000000158278132-0276-s_lc.fits,9.08237046,2454972.65023,-2027.3497700002044,2.025,3506.55447825283,3533.17933323469,3512.8962105997953
158317637,74,tess2024003055635-s0074-0000000158317637-0269-s_lc.fits,49.6221509,2454970.10026,-2029.8997399997897,7.093,3312.861291197505,3339.566754871577,3329.2925572002105
158317637,81,tess2024196212429-s0081-0000000158317637-0276-s_lc.fits,49.6221509,2454970.10026,-2029.8997399997897,7.093,3506.554423821449,3533.179291900965,3527.7811608002103
158317824,80,tess2024170053053-s0080-0000000158317824-0275-s_lc.fits,20.38177573,2454975.31445,-2024.685550000053,3.7429,3479.890164957599,3506.339131199746,3498.7756728299473
158317824,81,tess2024196212429-s0081-0000000158317824-0276-s_lc.fits,20.38177573,2454975.31445,-2024.685550000053,3.7429,3506.554410567565,3533.17928198657,3519.1574485599476
158317824,82,tess2024223182411-s0082-0000000158317824-0278-s_lc.fits,20.38177573,2454975.31445,-2024.685550000053,3.7429,3533.394557919136,3559.248148386539,3539.539224289947
158322296,80,tess2024170053053-s0080-0000000158322296-0275-s_lc.fits,120.0181272,2454967.18927,-2032.8107300000265,11.604,3479.88980845598,3506.338764989555,3488.0231211999735
158324326,80,tess2024170053053-s0080-0000000158324326-0275-s_lc.fits,24.4002549,2454968.62939,-2031.3706100001,2.875,3479.889829198862,3506.338796208187,3483.0869973998997
158324326,82,tess2024223182411-s0082-0000000158324326-0278-s_lc.fits,24.4002549,2454968.62939,-2031.3706100001,2.875,3533.394290061916,3559.247996508316,3556.2877620998997
158393923,74,tess2024003055635-s0074-0000000158393923-0269-s_lc.fits,11.8681707,2454970.74767,-2029.2523300000466,5.977,3312.861621222369,3339.567040265136,3323.2926556999537
158393923,75,tess2024030031500-s0075-0000000158393923-0270-s_lc.fits,11.8681707,2454970.74767,-2029.2523300000466,5.977,3339.782318629706,3367.481271535738,3347.028997099954
158393923,80,tess2024170053053-s0080-0000000158393923-0275-s_lc.fits,11.8681707,2454970.74767,-2029.2523300000466,5.977,3479.889842918641,3506.338811220641,3489.4470454999537
158393923,82,tess2024223182411-s0082-0000000158393923-0278-s_lc.fits,11.8681707,2454970.74767,-2029.2523300000466,5.977,3533.394303406371,3559.248005688363,3536.919728299954
158423850,74,tess2024003055635-s0074-0000000158423850-0269-s_lc.fits,2.358951515,2454965.69119,-2034.3088099998422,1.633,3312.861314771142,3339.566756745631,3313.434274505158
158423850,75,tess2024030031500-s0075-0000000158423850-0270-s_lc.fits,2.358951515,2454965.69119,-2034.3088099998422,1.633,3339.782035643849,3367.481077684203,3341.7416926851583
158423850,80,tess2024170053053-s0080-0000000158423850-0275-s_lc.fits,2.358951515,2454965.69119,-2034.3088099998422,1.633,3479.890143559298,3506.339127464211,3480.919832070158
158423850,81,tess2024196212429-s0081-0000000158423850-0276-s_lc.fits,2.358951515,2454965.69119,-2034.3088099998422,1.633,3506.554406977316,3533.179296800885,3506.8682987351585
158423850,82,tess2024223182411-s0082-0000000158423850-0278-s_lc.fits,2.358951515,2454965.69119,-2034.3088099998422,1.633,3533.394572871986,3559.248178328211,3535.175716915159
158433884,80,tess2024170053053-s0080-0000000158433884-0275-s_lc.fits,10.08740044,2454968.13582,-2031.8641800000332,2.9884,3479.890100477946,3506.339085496022,3485.9438606799667
158433884,81,tess2024196212429-s0081-0000000158433884-0276-s_lc.fits,10.08740044,2454968.13582,-2031.8641800000332,2.9884,3506.554365042422,3533.179264205759,3516.2060619999666
158433884,82,tess2024223182411-s0082-0000000158433884-0278-s_lc.fits,10.08740044,2454968.13582,-2031.8641800000332,2.9884,3533.394540370457,3559.248161135647,3536.380862879967
158486560,74,tess2024003055635-s0074-0000000158486560-0269-s_lc.fits,11.36112327,2454969.92653,-2030.0734700001776,4.2053,3312.861536479,3339.566951057006,3321.0155901698226
158486560,75,tess2024030031500-s0075-0000000158486560-0270-s_lc.fits,11.36112327,2454969.92653,-2030.0734700001776,4.2053,3339.782229489562,3367.481198315157,3343.7378367098227
158486560,80,tess2024170053053-s0080-0000000158486560-0275-s_lc.fits,11.36112327,2454969.92653,-2030.0734700001776,4.2053,3479.889919476267,3506.338902718427,3480.0713159498227
158486560,82,tess2024223182411-s0082-0000000158486560-0278-s_lc.fits,11.36112327,2454969.92653,-2030.0734700001776,4.2053,3533.394391909024,3559.248074289002,3536.8769322998223
158486842,80,tess2024170053053-s0080-0000000158486842-0275-s_lc.fits,4.37034536,2454964.92397,-2035.076030000113,2.819,3479.88990100034,3506.338882243766,3480.2998143198874
158486842,82,tess2024223182411-s0082-0000000158486842-0278-s_lc.fits,4.37034536,2454964.92397,-2035.076030000113,2.819,3533.394373470467,3559.248061346761,3537.114303999887
158489095,40,tess2021175071901-s0040-0000000158489095-0211-s_lc.fits,3.273460736,2454967.44686,-2032.5531399999745,1.7732,2390.654694591986,2418.856359200006,2393.165775072026
158489095,41,tess2021204101404-s0041-0000000158489095-0212-s_lc.fits,3.273460736,2454967.44686,-2032.5531399999745,1.7732,2419.99108072895,2446.581180438207,2422.6269216960254
158489095,53,tess2022164095748-s0053-0000000158489095-0226-s_lc.fits,3.273460736,2454967.44686,-2032.5531399999745,1.7732,2743.997348164775,2768.981104938013,2746.6995345600253
158489095,54,tess2022190063128-s0054-0000000158489095-0227-s_lc.fits,3.273460736,2454967.44686,-2032.5531399999745,1.7732,2769.900547849424,2796.131164737941,2772.887220448026
158489095,55,tess2022217014003-s0055-0000000158489095-0242-s_lc.fits,3.273460736,2454967.44686,-2032.5531399999745,1.7732,2797.10199177761,2824.265513408217,2799.0749063360254
158489095,74,tess2024003055635-s0074-0000000158489095-0269-s_lc.fits,3.273460736,2454967.44686,-2032.5531399999745,1.7732,3312.861727585927,3339.567126681859,3313.0082418880256
158489095,75,tess2024030031500-s0075-0000000158489095-0270-s_lc.fits,3.273460736,2454967.44686,-2032.5531399999745,1.7732,3339.782404773551,3367.481317059483,3342.469388512026
158489095,80,tess2024170053053-s0080-0000000158489095-0275-s_lc.fits,3.273460736,2454967.44686,-2032.5531399999745,1.7732,3479.889731113133,3506.338705785146,3479.9547394240253
158489095,81,tess2024196212429-s0081-0000000158489095-0276-s_lc.fits,3.273460736,2454967.44686,-2032.5531399999745,1.7732,3506.553985705287,3533.17894898902,3509.4158860480256
158489095,82,tess2024223182411-s0082-0000000158489095-0278-s_lc.fits,3.273460736,2454967.44686,-2032.5531399999745,1.7732,3533.394225385521,3559.247968898676,3535.603571936025
158489110,40,tess2021175071901-s0040-0000000158489110-0211-s_lc.fits,15.57129955,2454969.58514,-2030.4148599999025,2.155,2390.6546931574,2418.856358340861,2391.8342122000977
158489110,41,tess2021204101404-s0041-0000000158489110-0212-s_lc.fits,15.57129955,2454969.58514,-2030.4148599999025,2.155,2419.991079899142,2446.581180330407,2422.9768113000973
158489110,53,tess2022164095748-s0053-0000000158489110-0226-s_lc.fits,15.57129955,2454969.58514,-2030.4148599999025,2.155,2743.997346570118,2768.981103731019,2749.974101850098
158489110,54,tess2022190063128-s0054-0000000158489110-0227-s_lc.fits,15.57129955,2454969.58514,-2030.4148599999025,2.155,2769.900546661056,2796.131164184502,2781.1167009500978
158489110,55,tess2022217014003-s0055-0000000158489110-0242-s_lc.fits,15.57129955,2454969.58514,-2030.4148599999025,2.155,2797.101991250482,2824.265513648266,2812.2593000500974
158489110,74,tess2024003055635-s0074-0000000158489110-0269-s_lc.fits,15.57129955,2454969.58514,-2030.4148599999025,2.155,3312.861728814225,3339.567127273947,3326.112185200098
158489110,75,tess2024030031500-s0075-0000000158489110-0270-s_lc.fits,15.57129955,2454969.58514,-2030.4148599999025,2.155,3339.782405359353,3367.481316848655,3341.6834847500977
158489110,80,tess2024170053053-s0080-0000000158489110-0275-s_lc.fits,15.57129955,2454969.58514,-2030.4148599999025,2.155,3479.88972957226,3506.338704716919,3481.825180700098
158489110,81,tess2024196212429-s0081-0000000158489110-0276-s_lc.fits,15.57129955,2454969.58514,-2030.4148599999025,2.155,3506.553984641018,3533.17894860741,3512.9677798000976
158489110,82,tess2024223182411-s0082-0000000158489110-0278-s_lc.fits,15.57129955,2454969.58514,-2030.4148599999025,2.155,3533.394225009034,3559.247969256654,3544.110378900098
158490928,80,tess2024170053053-s0080-0000000158490928-0275-s_lc.fits,24.58721573,2455006.70385,-1993.2961499998346,3.8669,3479.889837417784,3506.338822004425,3489.6529577901656
158490928,82,tess2024223182411-s0082-0000000158490928-0278-s_lc.fits,24.58721573,2455006.70385,-1993.2961499998346,3.8669,3533.394328593292,3559.248039797237,3538.8273892501657
158551888,74,tess2024003055635-s0074-0000000158551888-0269-s_lc.fits,16.257582,2454972.64774,-2027.3522600000724,6.596,3312.861303687472,3339.566736095649,3321.392217999927
158551888,75,tess2024030031500-s0075-0000000158551888-0270-s_lc.fits,16.257582,2454972.64774,-2027.3522600000724,6.596,3339.782014936357,3367.481051801818,3353.9073819999276
158551888,80,tess2024170053053-s0080-0000000158551888-0275-s_lc.fits,16.257582,2454972.64774,-2027.3522600000724,6.596,3479.890148045246,3506.339142737436,3483.968037999927
158551888,81,tess2024196212429-s0081-0000000158551888-0276-s_lc.fits,16.257582,2454972.64774,-2027.3522600000724,6.596,3506.554422328539,3533.179319950538,3516.4832019999276
158552258,40,tess2021175071901-s0040-0000000158552258-0211-s_lc.fits,4.48558383,2454968.43221,-2031.5677899997681,0.8208,2390.655143806582,2418.856800259243,2391.2178663802324
158552258,41,tess2021204101404-s0041-0000000158552258-0212-s_lc.fits,4.48558383,2454968.43221,-2031.5677899997681,0.8208,2419.991519432407,2446.581518037518,2422.6169531902324
158552258,53,tess2022164095748-s0053-0000000158552258-0226-s_lc.fits,4.48558383,2454968.43221,-2031.5677899997681,0.8208,2743.997771338894,2768.981563942905,2745.578988950232
158552258,54,tess2022190063128-s0054-0000000158552258-0227-s_lc.fits,4.48558383,2454968.43221,-2031.5677899997681,0.8208,2769.901006898738,2796.13157269583,2772.492491930232
158552258,55,tess2022217014003-s0055-0000000158552258-0242-s_lc.fits,4.48558383,2454968.43221,-2031.5677899997681,0.8208,2797.102396813989,2824.265780320029,2799.405994910232
158552258,80,tess2024170053053-s0080-0000000158552258-0275-s_lc.fits,4.48558383,2454968.43221,-2031.5677899997681,0.8208,3479.890170950194,3506.339163112213,3481.2147370702323
158552258,81,tess2024196212429-s0081-0000000158552258-0276-s_lc.fits,4.48558383,2454968.43221,-2031.5677899997681,0.8208,3506.554442670953,3533.179333768338,3508.1282400502323
158555987,14,tess2019198215352-s0014-0000000158555987-0150-s_lc.fits,5.546083665,2454966.50335,-2033.4966500001028,2.3929,1683.355704284953,1710.206935046575,1687.9254892148974
158555987,40,tess2021175071901-s0040-0000000158555987-0211-s_lc.fits,5.546083665,2454966.50335,-2033.4966500001028,2.3929,2390.655113840813,2418.856780788315,2392.278114669897
158555987,41,tess2021204101404-s0041-0000000158555987-0212-s_lc.fits,5.546083665,2454966.50335,-2033.4966500001028,2.3929,2419.991500517013,2446.581513100112,2420.008532994897
158555987,53,tess2022164095748-s0053-0000000158555987-0226-s_lc.fits,5.546083665,2454966.50335,-2033.4966500001028,2.3929,2743.997738712103,2768.98153803095,2747.227469229897
158555987,54,tess2022190063128-s0054-0000000158555987-0227-s_lc.fits,5.546083665,2454966.50335,-2033.4966500001028,2.3929,2769.900981316704,2796.131559075936,2774.9578875548978
158555987,55,tess2022217014003-s0055-0000000158555987-0242-s_lc.fits,5.546083665,2454966.50335,-2033.4966500001028,2.3929,2797.102383703528,2824.265782332617,2797.1422222148976
158555987,74,tess2024003055635-s0074-0000000158555987-0269-s_lc.fits,5.546083665,2454966.50335,-2033.4966500001028,2.3929,3312.861308806719,3339.566734572471,3312.9280030598975
158555987,75,tess2024030031500-s0075-0000000158555987-0270-s_lc.fits,5.546083665,2454966.50335,-2033.4966500001028,2.3929,3339.782013358697,3367.481043679055,3340.6584213848973
158555987,80,tess2024170053053-s0080-0000000158555987-0275-s_lc.fits,5.546083665,2454966.50335,-2033.4966500001028,2.3929,3479.890139169742,3506.339139755341,3484.8565966748974
158555987,81,tess2024196212429-s0081-0000000158555987-0276-s_lc.fits,5.546083665,2454966.50335,-2033.4966500001028,2.3929,3506.554419395804,3533.179323499342,3507.0409313348973
158559018,74,tess2024003055635-s0074-0000000158559018-0269-s_lc.fits,37.3331536,2454995.90448,-2004.0955199999735,7.294,3312.861504592378,3339.566911150067,3334.5454448000273
158559018,80,tess2024170053053-s0080-0000000158559018-0275-s_lc.fits,37.3331536,2454995.90448,-2004.0955199999735,7.294,3479.889944381346,3506.338939480057,3483.8780592000267
158559018,82,tess2024223182411-s0082-0000000158559018-0278-s_lc.fits,37.3331536,2454995.90448,-2004.0955199999735,7.294,3533.394433414346,3559.248112339,3558.544366400027
158588995,9,tess2019058134432-s0009-0000000158588995-0139-s_lc.fits,1.977143,2458641.40455,1641.4045500000939,1.1104153,1543.600399834318,1568.479952907004,1544.524543000094
158588995,10,tess2019085135100-s0010-0000000158588995-0140-s_lc.fits,1.977143,2458641.40455,1641.4045500000939,1.1104153,1569.441055848276,1595.684999011829,1570.227402000094
158588995,36,tess2021065132309-s0036-0000000158588995-0207-s_lc.fits,1.977143,2458641.40455,1641.4045500000939,1.1104153,2280.907237660723,2305.99350637803,2281.998882000094
158588995,63,tess2023069172124-s0063-0000000158588995-0255-s_lc.fits,1.977143,2458641.40455,1641.4045500000939,1.1104153,3014.372255934471,3040.904233931214,3015.5189350000937
158588995,90,tess2025071122000-s0090-0000000158588995-0287-s_lc.fits,1.977143,2458641.40455,1641.4045500000939,1.1104153,3747.163153779762,3775.081133060707,3749.038988000094
158588995,99,tess2026005125623-s0099-0000000158588995-0300-s_lc.fits,1.977143,2458641.40455,1641.4045500000939,1.1104153,4046.115086152917,4073.780888404854,4047.587581000094
158588995,100,tess2026033082000-s0100-0000000158588995-0302-s_lc.fits,1.977143,2458641.40455,1641.4045500000939,1.1104153,4073.996192080392,4100.469632353817,4075.267583000094
158625964,40,tess2021175071901-s0040-0000000158625964-0211-s_lc.fits,5.4122034,2454955.3186,-2044.6814000001177,2.9472,2390.654826813016,2418.856504828822,2393.325387999882
158625964,41,tess2021204101404-s0041-0000000158625964-0212-s_lc.fits,5.4122034,2454955.3186,-2044.6814000001177,2.9472,2419.991226295134,2446.581307738129,2420.386404999882
158625964,53,tess2022164095748-s0053-0000000158625964-0226-s_lc.fits,5.4122034,2454955.3186,-2044.6814000001177,2.9472,2743.99746573517,2768.98124751861,2745.118608999883
158625964,54,tess2022190063128-s0054-0000000158625964-0227-s_lc.fits,5.4122034,2454955.3186,-2044.6814000001177,2.9472,2769.900691064018,2796.131306503863,2772.179625999883
158625964,55,tess2022217014003-s0055-0000000158625964-0242-s_lc.fits,5.4122034,2454955.3186,-2044.6814000001177,2.9472,2797.102133089047,2824.265623452245,2799.2406429998828
158625964,74,tess2024003055635-s0074-0000000158625964-0269-s_lc.fits,5.4122034,2454955.3186,-2044.6814000001177,2.9472,3312.861591027727,3339.566986686614,3313.3999659998826
158625964,75,tess2024030031500-s0075-0000000158625964-0270-s_lc.fits,5.4122034,2454955.3186,-2044.6814000001177,2.9472,3339.782264915676,3367.48120588937,3340.4609829998826
158625964,80,tess2024170053053-s0080-0000000158625964-0275-s_lc.fits,5.4122034,2454955.3186,-2044.6814000001177,2.9472,3479.889856793368,3506.338851846794,3481.1782713998828
158625964,82,tess2024223182411-s0082-0000000158625964-0278-s_lc.fits,5.4122034,2454955.3186,-2044.6814000001177,2.9472,3533.394363142333,3559.248072194574,3535.3003053998827
158630233,80,tess2024170053053-s0080-0000000158630233-0275-s_lc.fits,7.97034958,2454969.55753,-2030.4424700001255,2.7665,3479.890121591494,3506.339124071403,3485.0394393598745
158630233,81,tess2024196212429-s0081-0000000158630233-0276-s_lc.fits,7.97034958,2454969.55753,-2030.4424700001255,2.7665,3506.55440373678,3533.179312810088,3508.9504880998747
158660814,74,tess2024003055635-s0074-0000000158660814-0269-s_lc.fits,4.182002531,2455005.78951,-1994.2104899999686,2.2165,3312.861609829966,3339.566999939567,3316.932724370032
158660814,75,tess2024030031500-s0075-0000000158660814-0270-s_lc.fits,4.182002531,2455005.78951,-1994.2104899999686,2.2165,3339.782278105299,3367.481210264025,3342.024739556032
158660814,80,tess2024170053053-s0080-0000000158660814-0275-s_lc.fits,4.182002531,2455005.78951,-1994.2104899999686,2.2165,3479.889835784361,3506.338833953526,3480.0308230790315
158660814,82,tess2024223182411-s0082-0000000158660814-0278-s_lc.fits,4.182002531,2455005.78951,-1994.2104899999686,2.2165,3533.394351968557,3559.248069596649,3534.3968559820314
158664318,80,tess2024170053053-s0080-0000000158664318-0275-s_lc.fits,8.115317,2455007.51955,-1992.4804500001483,2.954,3479.889817941151,3506.338821876834,3485.3585249998514
158664318,82,tess2024223182411-s0082-0000000158664318-0278-s_lc.fits,8.115317,2455007.51955,-1992.4804500001483,2.954,3533.394348149902,3559.248074408327,3534.050426999851
158664331,80,tess2024170053053-s0080-0000000158664331-0275-s_lc.fits,16.00460052,2454973.48284,-2026.5171599998139,3.9475,3479.889818196683,3506.338822907808,3495.0700194001865
158664331,82,tess2024223182411-s0082-0000000158664331-0278-s_lc.fits,16.00460052,2454973.48284,-2026.5171599998139,3.9475,3533.394349763418,3559.248076268644,3543.083820960186
158722379,80,tess2024170053053-s0080-0000000158722379-0275-s_lc.fits,321.2120056,2455039.93008,-1960.0699200001545,3.961,3479.890209228017,3506.339228737159,3500.534175199846
158730203,74,tess2024003055635-s0074-0000000158730203-0269-s_lc.fits,15.7738221,2454970.53085,-2029.4691499997862,4.9443,3312.861622627269,3339.566998837812,3317.8565419002143
158730203,75,tess2024030031500-s0075-0000000158730203-0270-s_lc.fits,15.7738221,2454970.53085,-2029.4691499997862,4.9443,3339.782276886198,3367.481194868681,3349.4041861002142
158730203,80,tess2024170053053-s0080-0000000158730203-0275-s_lc.fits,15.7738221,2454970.53085,-2029.4691499997862,4.9443,3479.889815259292,3506.338825501541,3491.368585000214
158730203,82,tess2024223182411-s0082-0000000158730203-0278-s_lc.fits,15.7738221,2454970.53085,-2029.4691499997862,4.9443,3533.394357461963,3559.248087365003,3538.690051300214
158730471,40,tess2021175071901-s0040-0000000158730471-0211-s_lc.fits,4.34195123,2454967.18495,-2032.8150499998592,2.696,2390.654769799311,2418.856467888144,2391.6332533701407
158730471,41,tess2021204101404-s0041-0000000158730471-0212-s_lc.fits,4.34195123,2454967.18495,-2032.8150499998592,2.696,2419.991190417329,2446.581298530143,2422.0269119801414
158730471,53,tess2022164095748-s0053-0000000158730471-0226-s_lc.fits,4.34195123,2454967.18495,-2032.8150499998592,2.696,2743.997403608271,2768.981198264451,2747.6732542301415
158730471,54,tess2022190063128-s0054-0000000158730471-0227-s_lc.fits,4.34195123,2454967.18495,-2032.8150499998592,2.696,2769.900642442926,2796.131280733935,2773.724961610141
158730471,55,tess2022217014003-s0055-0000000158730471-0242-s_lc.fits,4.34195123,2454967.18495,-2032.8150499998592,2.696,2797.102108293049,2824.265627491624,2799.776668990141
158730471,74,tess2024003055635-s0074-0000000158730471-0269-s_lc.fits,4.34195123,2454967.18495,-2032.8150499998592,2.696,3312.861640754532,3339.567013712198,3316.4688653601415
158730471,75,tess2024030031500-s0075-0000000158730471-0270-s_lc.fits,4.34195123,2454967.18495,-2032.8150499998592,2.696,3339.782291714949,3367.481202892724,3342.520572740141
158730471,80,tess2024170053053-s0080-0000000158730471-0275-s_lc.fits,4.34195123,2454967.18495,-2032.8150499998592,2.696,3479.889796294654,3506.338807478587,3481.463012100141
158730471,81,tess2024196212429-s0081-0000000158730471-0276-s_lc.fits,4.34195123,2454967.18495,-2032.8150499998592,2.696,3506.554087633421,3533.179067516116,3507.514719480141
158730471,82,tess2024223182411-s0082-0000000158730471-0278-s_lc.fits,4.34195123,2454967.18495,-2032.8150499998592,2.696,3533.394343975714,3559.2480808128,3533.5664268601413
158838923,80,tess2024170053053-s0080-0000000158838923-0275-s_lc.fits,10.94027841,2455003.30652,-1996.6934799998999,2.2868,3479.889734872649,3506.338750072795,3484.3860034101
158838923,81,tess2024196212429-s0081-0000000158838923-0276-s_lc.fits,10.94027841,2455003.30652,-1996.6934799998999,2.2868,3506.554030293985,3533.179025446878,3517.2068386400997
158838923,82,tess2024223182411-s0082-0000000158838923-0278-s_lc.fits,10.94027841,2455003.30652,-1996.6934799998999,2.2868,3533.394302052694,3559.248061763644,3539.0873954601
158843824,80,tess2024170053053-s0080-0000000158843824-0275-s_lc.fits,1.311555568,2454964.53493,-2035.4650699999183,2.025,3479.889963226192,3506.338993432506,3480.9376490080813
158843824,81,tess2024196212429-s0081-0000000158843824-0276-s_lc.fits,1.311555568,2454964.53493,-2035.4650699999183,2.025,3506.554273399397,3533.179235865196,3507.168760368081
158843824,82,tess2024223182411-s0082-0000000158843824-0278-s_lc.fits,1.311555568,2454964.53493,-2035.4650699999183,2.025,3533.39451231972,3559.248199909632,3533.399871728081
158933249,40,tess2021175071901-s0040-0000000158933249-0211-s_lc.fits,9.10967112,2454966.06724,-2033.9327600002289,5.3021,2390.654961662238,2418.856671722293,2393.3674043197707
158933249,41,tess2021204101404-s0041-0000000158933249-0212-s_lc.fits,9.10967112,2454966.06724,-2033.9327600002289,5.3021,2419.991393864746,2446.58147002947,2420.696417679771
158933249,53,tess2022164095748-s0053-0000000158933249-0226-s_lc.fits,9.10967112,2454966.06724,-2033.9327600002289,5.3021,2743.997577516464,2768.981401617338,2748.644577999771
158933249,55,tess2022217014003-s0055-0000000158933249-0242-s_lc.fits,9.10967112,2454966.06724,-2033.9327600002289,5.3021,2797.102302888245,2824.265772269909,2803.302604719771
158933249,74,tess2024003055635-s0074-0000000158933249-0269-s_lc.fits,9.10967112,2454966.06724,-2033.9327600002289,5.3021,3312.861445247572,3339.566820213635,3313.4441874397708
158933249,75,tess2024030031500-s0075-0000000158933249-0270-s_lc.fits,9.10967112,2454966.06724,-2033.9327600002289,5.3021,3339.782098463885,3367.481056310583,3340.773200799771
158933249,81,tess2024196212429-s0081-0000000158933249-0276-s_lc.fits,9.10967112,2454966.06724,-2033.9327600002289,5.3021,3506.55429401236,3533.17925578572,3513.856952079771
158933249,82,tess2024223182411-s0082-0000000158933249-0278-s_lc.fits,9.10967112,2454966.06724,-2033.9327600002289,5.3021,3533.394532223015,3559.248215316734,3541.1859654397713
158935283,74,tess2024003055635-s0074-0000000158935283-0269-s_lc.fits,5.66793,2454964.8981,-2035.1019000001252,4.88,3312.861572281368,3339.566932489461,3315.424019999875
158935283,75,tess2024030031500-s0075-0000000158935283-0270-s_lc.fits,5.66793,2454964.8981,-2035.1019000001252,4.88,3339.782210480337,3367.481127135569,3343.7636699998748
158935283,80,tess2024170053053-s0080-0000000158935283-0275-s_lc.fits,5.66793,2454964.8981,-2035.1019000001252,4.88,3479.889852529308,3506.338884774402,3485.461919999875
158935283,81,tess2024196212429-s0081-0000000158935283-0276-s_lc.fits,5.66793,2454964.8981,-2035.1019000001252,4.88,3506.554164822086,3533.17915062613,3508.1336399998754
158935283,82,tess2024223182411-s0082-0000000158935283-0278-s_lc.fits,5.66793,2454964.8981,-2035.1019000001252,4.88,3533.394427316046,3559.248153887163,3536.4732899998753
158936201,80,tess2024170053053-s0080-0000000158936201-0275-s_lc.fits,4.44448017,2454966.46263,-2033.5373700000346,3.35,3479.889793883925,3506.338821244931,3482.0625209699656
158936201,82,tess2024223182411-s0082-0000000158936201-0278-s_lc.fits,4.44448017,2454966.46263,-2033.5373700000346,3.35,3533.394371443676,3559.248116092114,3535.3962830099654
158986028,82,tess2024223182411-s0082-0000000158986028-0278-s_lc.fits,37.94563,2454967.78267,-2032.2173299998976,4.025,3533.394365335597,3559.248117484558,3545.790280000103
158986490,41,tess2021204101404-s0041-0000000158986490-0212-s_lc.fits,5.50860439,2454965.29848,-2034.7015200001188,2.9468,2419.991233769697,2446.581357446773,2421.7594315098813
158986490,74,tess2024003055635-s0074-0000000158986490-0269-s_lc.fits,5.50860439,2454965.29848,-2034.7015200001188,2.9468,3312.861615311265,3339.566964931384,3314.1533426898814
158986490,75,tess2024030031500-s0075-0000000158986490-0270-s_lc.fits,5.50860439,2454965.29848,-2034.7015200001188,2.9468,3339.782242793505,3367.481140980844,3341.6963646398817
158986490,80,tess2024170053053-s0080-0000000158986490-0275-s_lc.fits,5.50860439,2454965.29848,-2034.7015200001188,2.9468,3479.889805748858,3506.338843047426,3484.920078779882
158986490,82,tess2024223182411-s0082-0000000158986490-0278-s_lc.fits,5.50860439,2454965.29848,-2034.7015200001188,2.9468,3533.394399011523,3559.248143865201,3534.4975182898816
158989438,40,tess2021175071901-s0040-0000000158989438-0211-s_lc.fits,20.35972599,2454967.29096,-2032.7090400001034,1.9164,2390.654970394784,2418.856690316613,2405.7112258198968
158989438,41,tess2021204101404-s0041-0000000158989438-0212-s_lc.fits,20.35972599,2454967.29096,-2032.7090400001034,1.9164,2419.991412815297,2446.581494298339,2426.0709518098965
158989438,54,tess2022190063128-s0054-0000000158989438-0227-s_lc.fits,20.35972599,2454967.29096,-2032.7090400001034,1.9164,2769.90086024151,2796.131497618658,2772.1862936398966
158989438,55,tess2022217014003-s0055-0000000158989438-0242-s_lc.fits,20.35972599,2454967.29096,-2032.7090400001034,1.9164,2797.102324768272,2824.265797415386,2812.905745619897
158989438,74,tess2024003055635-s0074-0000000158989438-0269-s_lc.fits,20.35972599,2454967.29096,-2032.7090400001034,1.9164,3312.861433048643,3339.566799390193,3321.898895369897
158989438,75,tess2024030031500-s0075-0000000158989438-0270-s_lc.fits,20.35972599,2454967.29096,-2032.7090400001034,1.9164,3339.782077591782,3367.481031281754,3342.258621359897
158989438,81,tess2024196212429-s0081-0000000158989438-0276-s_lc.fits,20.35972599,2454967.29096,-2032.7090400001034,1.9164,3506.554310192227,3533.179278812205,3525.496155269897
158992508,74,tess2024003055635-s0074-0000000158992508-0269-s_lc.fits,6.766589,2454971.05891,-2028.941089999862,2.598,3312.861264360979,3339.566646147583,3316.664220000138
158992508,75,tess2024030031500-s0075-0000000158992508-0270-s_lc.fits,6.766589,2454971.05891,-2028.941089999862,2.598,3339.781924664424,3367.480929698676,3343.730576000138
158992508,80,tess2024170053053-s0080-0000000158992508-0275-s_lc.fits,6.766589,2454971.05891,-2028.941089999862,2.598,3479.890153704894,3506.339203066184,3485.8289450001375
158992508,82,tess2024223182411-s0082-0000000158992508-0278-s_lc.fits,6.766589,2454971.05891,-2028.941089999862,2.598,3533.394699265354,3559.248329477879,3539.961657000138
159043952,80,tess2024170053053-s0080-0000000159043952-0275-s_lc.fits,85.7350285,2455003.98553,-1996.01446999982,7.457,3479.890158484441,3506.339213770806,3491.02735400018
159051209,15,tess2019226182529-s0015-0000000159051209-0151-s_lc.fits,284.215,2455033.83937,-1966.1606299998239,7.793,1711.366425801851,1737.411786592159,1728.6343700001757
159051209,81,tess2024196212429-s0081-0000000159051209-0276-s_lc.fits,134.4628,2455002.2814,-1997.7185999997891,5.874,3506.554073262415,3533.179081550215,3515.25620000021
159099116,80,tess2024170053053-s0080-0000000159099116-0275-s_lc.fits,11.903515,2455011.34082,-1988.6591799999587,4.215,3479.890032478592,3506.339086817802,3486.9577200000413
159099116,81,tess2024196212429-s0081-0000000159099116-0276-s_lc.fits,11.903515,2455011.34082,-1988.6591799999587,4.215,3506.554367155641,3533.179335416594,3510.764750000041
159099116,82,tess2024223182411-s0082-0000000159099116-0278-s_lc.fits,11.903515,2455011.34082,-1988.6591799999587,4.215,3533.394611165498,3559.248285253328,3534.571780000041
159099716,80,tess2024170053053-s0080-0000000159099716-0275-s_lc.fits,14.20443009,2454975.73343,-2024.266569999978,3.979,3479.890062306992,3506.339118274619,3487.052304920022
159099716,81,tess2024196212429-s0081-0000000159099716-0276-s_lc.fits,14.20443009,2454975.73343,-2024.266569999978,3.979,3506.55439860687,3533.179362331351,3515.4611651000223
159105397,80,tess2024170053053-s0080-0000000159105397-0275-s_lc.fits,2.46050993,2454966.61249,-2033.3875099997967,2.003,3479.890073736648,3506.339134384404,3480.6152431302035
159105397,81,tess2024196212429-s0081-0000000159105397-0276-s_lc.fits,2.46050993,2454966.61249,-2033.3875099997967,2.003,3506.554414744827,3533.179379993883,3507.680852360204
159105397,82,tess2024223182411-s0082-0000000159105397-0278-s_lc.fits,2.46050993,2454966.61249,-2033.3875099997967,2.003,3533.394655692961,3559.248318302474,3534.7464615902036
159160230,75,tess2024030031500-s0075-0000000159160230-0270-s_lc.fits,5.43691503941,2459627.13284,2627.132840000093,4.5164437,3339.787050723136,3367.486186621481,3344.805625202213
159160230,76,tess2024058030222-s0076-0000000159160230-0271-s_lc.fits,5.43691503941,2459627.13284,2627.132840000093,4.5164437,3367.701465414766,3394.780442388651,3371.990200399263
159174926,40,tess2021175071901-s0040-0000000159174926-0211-s_lc.fits,7.031462,2454967.45161,-2032.5483900001273,5.848,2390.654748147574,2418.856493035251,2397.272669999873
159174926,41,tess2021204101404-s0041-0000000159174926-0212-s_lc.fits,7.031462,2454967.45161,-2032.5483900001273,5.848,2419.991217539771,2446.581364256836,2425.3985179998726
159174926,54,tess2022190063128-s0054-0000000159174926-0227-s_lc.fits,7.031462,2454967.45161,-2032.5483900001273,5.848,2769.900643878793,2796.131324526585,2769.9401559998732
159174926,55,tess2022217014003-s0055-0000000159174926-0242-s_lc.fits,7.031462,2454967.45161,-2032.5483900001273,5.848,2797.102153635886,2824.265707047294,2798.066003999873
159174926,74,tess2024003055635-s0074-0000000159174926-0269-s_lc.fits,7.031462,2454967.45161,-2032.5483900001273,5.848,3312.861645760624,3339.566973451589,3318.3941919998733
159174926,75,tess2024030031500-s0075-0000000159174926-0270-s_lc.fits,7.031462,2454967.45161,-2032.5483900001273,5.848,3339.782251116037,3367.481124573501,3346.520039999873
159174926,80,tess2024170053053-s0080-0000000159174926-0275-s_lc.fits,7.031462,2454967.45161,-2032.5483900001273,5.848,3479.889763764837,3506.338818834669,3480.1178179998733
159174926,82,tess2024223182411-s0082-0000000159174926-0278-s_lc.fits,7.031462,2454967.45161,-2032.5483900001273,5.848,3533.394397663434,3559.248164636837,3536.3695139998727
159175206,74,tess2024003055635-s0074-0000000159175206-0269-s_lc.fits,18.45847097,2454971.16463,-2028.8353699999861,3.3077,3312.861624880837,3339.566956229106,3324.121211300014
159175206,75,tess2024030031500-s0075-0000000159175206-0270-s_lc.fits,18.45847097,2454971.16463,-2028.8353699999861,3.3077,3339.782233945475,3367.481115167609,3342.579682270014
159175206,80,tess2024170053053-s0080-0000000159175206-0275-s_lc.fits,18.45847097,2454971.16463,-2028.8353699999861,3.3077,3479.88978555371,3506.338839626911,3490.247450030014
159175206,82,tess2024223182411-s0082-0000000159175206-0278-s_lc.fits,18.45847097,2454971.16463,-2028.8353699999861,3.3077,3533.394413313145,3559.248172357385,3545.622862940014
159177065,74,tess2024003055635-s0074-0000000159177065-0269-s_lc.fits,0.968526023,2454964.51141,-2035.4885900001973,1.2904,3312.861504647791,3339.566845287167,3313.6806350288025
159177065,75,tess2024030031500-s0075-0000000159177065-0270-s_lc.fits,0.968526023,2454964.51141,-2035.4885900001973,1.2904,3339.782123214946,3367.481039645264,3339.8308376498026
159177065,80,tess2024170053053-s0080-0000000159177065-0275-s_lc.fits,0.968526023,2454964.51141,-2035.4885900001973,1.2904,3479.889903781153,3506.33896368746,3480.2671109848025
159177065,81,tess2024196212429-s0081-0000000159177065-0276-s_lc.fits,0.968526023,2454964.51141,-2035.4885900001973,1.2904,3506.554243912095,3533.179241923682,3507.3858396288024
159177065,82,tess2024223182411-s0082-0000000159177065-0278-s_lc.fits,0.968526023,2454964.51141,-2035.4885900001973,1.2904,3533.394518658301,3559.24823952693,3533.5360422498024
159177232,80,tess2024170053053-s0080-0000000159177232-0275-s_lc.fits,46.71640015,2454978.4922,-2021.5077999997884,7.353,3479.889915073323,3506.338973664951,3491.027417700211
159177232,82,tess2024223182411-s0082-0000000159177232-0278-s_lc.fits,46.71640015,2454978.4922,-2021.5077999997884,7.353,3533.394525318189,3559.248241732768,3537.7438178502116
159216808,74,tess2024003055635-s0074-0000000159216808-0269-s_lc.fits,14.5564533,2454974.04324,-2025.9567599999718,4.57,3312.861214903094,3339.566579515644,3316.261601100028
159216808,75,tess2024030031500-s0075-0000000159216808-0270-s_lc.fits,14.5564533,2454974.04324,-2025.9567599999718,4.57,3339.781857965197,3367.480860521665,3345.3745077000276
159216808,80,tess2024170053053-s0080-0000000159216808-0275-s_lc.fits,14.5564533,2454974.04324,-2025.9567599999718,4.57,3479.890189416691,3506.339261820531,3490.9390407000283
159216808,82,tess2024223182411-s0082-0000000159216808-0278-s_lc.fits,14.5564533,2454974.04324,-2025.9567599999718,4.57,3533.394769760419,3559.248397624614,3534.6084006000283
159225155,80,tess2024170053053-s0080-0000000159225155-0275-s_lc.fits,12.53248465,2455003.76497,-1996.235030000098,4.0098,3479.889775041872,3506.338835191953,3480.460762049902
159225155,82,tess2024223182411-s0082-0000000159225155-0278-s_lc.fits,12.53248465,2455003.76497,-1996.235030000098,4.0098,3533.394415933421,3559.248181217872,3543.1231852999026
159226052,74,tess2024003055635-s0074-0000000159226052-0269-s_lc.fits,3.292781,2454966.00966,-2033.9903400000185,4.767,3312.861685489564,3339.567005652998,3313.486003999982
159226052,75,tess2024030031500-s0075-0000000159226052-0270-s_lc.fits,3.292781,2454966.00966,-2033.9903400000185,4.767,3339.782283215001,3367.481141437308,3339.828251999982
159226052,80,tess2024170053053-s0080-0000000159226052-0275-s_lc.fits,3.292781,2454966.00966,-2033.9903400000185,4.767,3479.889721955438,3506.33877947977,3481.417834999982
159226052,81,tess2024196212429-s0081-0000000159226052-0276-s_lc.fits,3.292781,2454966.00966,-2033.9903400000185,4.767,3506.554060025993,3533.179091760771,3507.760082999982
159226052,82,tess2024223182411-s0082-0000000159226052-0278-s_lc.fits,3.292781,2454966.00966,-2033.9903400000185,4.767,3533.394368620139,3559.248151043602,3534.102330999982
159226202,80,tess2024170053053-s0080-0000000159226202-0275-s_lc.fits,17.14647302,2454973.66098,-2026.3390199998394,3.841,3479.889713825457,3506.338770447804,3494.8252924401604
159226202,81,tess2024196212429-s0081-0000000159226202-0276-s_lc.fits,17.14647302,2454973.66098,-2026.3390199998394,3.841,3506.554050991698,3533.179083594003,3511.97176546016
159226202,82,tess2024223182411-s0082-0000000159226202-0278-s_lc.fits,17.14647302,2454973.66098,-2026.3390199998394,3.841,3533.394360465246,3559.248145297575,3546.26471150016
159304134,80,tess2024170053053-s0080-0000000159304134-0275-s_lc.fits,14.1960001,2454970.01409,-2029.9859099998139,3.577,3479.889933866248,3506.339005731551,3492.2581289001855
159304134,81,tess2024196212429-s0081-0000000159304134-0276-s_lc.fits,14.1960001,2454970.01409,-2029.9859099998139,3.577,3506.554286027898,3533.179287763379,3520.650129100186
159311390,74,tess2024003055635-s0074-0000000159311390-0269-s_lc.fits,16.33889626,2455010.91676,-1989.0832400000654,9.3575,3312.86129823225,3339.566642049298,3321.058044499934
159311390,75,tess2024030031500-s0075-0000000159311390-0270-s_lc.fits,16.33889626,2455010.91676,-1989.0832400000654,9.3575,3339.781920246695,3367.480886804287,3353.7358370199345
159311390,80,tess2024170053053-s0080-0000000159311390-0275-s_lc.fits,16.33889626,2455010.91676,-1989.0832400000654,9.3575,3479.890098653718,3506.339181131908,3484.447007099934
159311390,81,tess2024196212429-s0081-0000000159311390-0276-s_lc.fits,16.33889626,2455010.91676,-1989.0832400000654,9.3575,3506.55446164111,3533.179439569191,3517.1247996199345
159311390,82,tess2024223182411-s0082-0000000159311390-0278-s_lc.fits,16.33889626,2455010.91676,-1989.0832400000654,9.3575,3533.394715335325,3559.248378788615,3533.4636958799338
159376971,14,tess2019198215352-s0014-0000000159376971-0150-s_lc.fits,10.3134,2454956.236,-2043.7639999999665,1.92,1683.355721649928,1710.207032653139,1689.6868000000336
159376971,40,tess2021175071901-s0040-0000000159376971-0211-s_lc.fits,10.3134,2454956.236,-2043.7639999999665,1.92,2390.655056931648,2418.856812448393,2390.9980000000332
159376971,41,tess2021204101404-s0041-0000000159376971-0212-s_lc.fits,10.3134,2454956.236,-2043.7639999999665,1.92,2419.991535986899,2446.581625005737,2421.9382000000332
159376971,54,tess2022190063128-s0054-0000000159376971-0227-s_lc.fits,10.3134,2454956.236,-2043.7639999999665,1.92,2769.90096759646,2796.131627082042,2772.5938000000333
159376971,55,tess2022217014003-s0055-0000000159376971-0242-s_lc.fits,10.3134,2454956.236,-2043.7639999999665,1.92,2797.102454051767,2824.265922158218,2803.5340000000333
159376971,74,tess2024003055635-s0074-0000000159376971-0269-s_lc.fits,10.3134,2454956.236,-2043.7639999999665,1.92,3312.8613341664,3339.566673166648,3319.2040000000334
159376971,75,tess2024030031500-s0075-0000000159376971-0270-s_lc.fits,10.3134,2454956.236,-2043.7639999999665,1.92,3339.781951285348,3367.480905672183,3339.8308000000334
159376971,80,tess2024170053053-s0080-0000000159376971-0275-s_lc.fits,10.3134,2454956.236,-2043.7639999999665,1.92,3479.890062066478,3506.339144807766,3484.2184000000334
159376971,81,tess2024196212429-s0081-0000000159376971-0276-s_lc.fits,10.3134,2454956.236,-2043.7639999999665,1.92,3506.554425340717,3533.179410651625,3515.1586000000334
159376971,82,tess2024223182411-s0082-0000000159376971-0278-s_lc.fits,10.3134,2454956.236,-2043.7639999999665,1.92,3533.394686493196,3559.248362654383,3535.7854000000334
159395366,80,tess2024170053053-s0080-0000000159395366-0275-s_lc.fits,18.0540381,2454980.79923,-2019.2007699999958,4.409,3479.889755731481,3506.338831206823,3487.280850500004
159395366,82,tess2024223182411-s0082-0000000159395366-0278-s_lc.fits,18.0540381,2454980.79923,-2019.2007699999958,4.409,3533.394428309767,3559.248206854505,3541.442964800004
159396818,74,tess2024003055635-s0074-0000000159396818-0269-s_lc.fits,4.59489604,2454966.83999,-2033.1600100002252,2.853,3312.861557891503,3339.566871811001,3315.2989805597754
159396818,75,tess2024030031500-s0075-0000000159396818-0270-s_lc.fits,4.59489604,2454966.83999,-2033.1600100002252,2.853,3339.782149479407,3367.481032056848,3342.868356799775
159396818,80,tess2024170053053-s0080-0000000159396818-0275-s_lc.fits,4.59489604,2454966.83999,-2033.1600100002252,2.853,3479.889837519298,3506.33891706941,3480.715237999775
159396818,81,tess2024196212429-s0081-0000000159396818-0276-s_lc.fits,4.59489604,2454966.83999,-2033.1600100002252,2.853,3506.554197480309,3533.179224283268,3508.284614239775
159396818,82,tess2024223182411-s0082-0000000159396818-0278-s_lc.fits,4.59489604,2454966.83999,-2033.1600100002252,2.853,3533.394501258169,3559.248253411204,3535.8539904797753
159418353,14,tess2019198215352-s0014-0000000159418353-0150-s_lc.fits,8.303341406,2459631.82035,2631.820350000169,1.8708,1683.351485713421,1710.203236184123,1685.239429716169
159418353,19,tess2019331140908-s0019-0000000159418353-0164-s_lc.fits,8.303341406,2459631.82035,2631.820350000169,1.8708,1816.085157215372,1841.146545436633,1818.0928922121693
159418353,20,tess2019357164649-s0020-0000000159418353-0165-s_lc.fits,8.303341406,2459631.82035,2631.820350000169,1.8708,1842.504886501366,1868.824247884445,1843.002916430169
159418353,21,tess2020020091053-s0021-0000000159418353-0167-s_lc.fits,8.303341406,2459631.82035,2631.820350000169,1.8708,1870.439509460845,1897.78208995878,1876.2162820541691
159418353,25,tess2020133194932-s0025-0000000159418353-0182-s_lc.fits,8.303341406,2459631.82035,2631.820350000169,1.8708,1983.631052328823,2009.304204117575,1984.1597203321692
159418353,26,tess2020160202036-s0026-0000000159418353-0188-s_lc.fits,8.303341406,2459631.82035,2631.820350000169,1.8708,2010.265303332143,2035.133216574209,2017.3730859561692
159418353,40,tess2021175071901-s0040-0000000159418353-0211-s_lc.fits,8.303341406,2459631.82035,2631.820350000169,1.8708,2390.651125229191,2418.852591816379,2391.0234492261693
159418353,41,tess2021204101404-s0041-0000000159418353-0212-s_lc.fits,8.303341406,2459631.82035,2631.820350000169,1.8708,2419.987322589795,2446.57803151638,2424.236814850169
159418353,47,tess2021364111932-s0047-0000000159418353-0218-s_lc.fits,8.303341406,2459631.82035,2631.820350000169,1.8708,2579.818457137029,2606.941884137442,2582.000301564169
159418353,52,tess2022138205153-s0052-0000000159418353-0224-s_lc.fits,8.303341406,2459631.82035,2631.820350000169,1.8708,2718.633396467202,2743.074668786084,2723.157105466169
159418353,53,tess2022164095748-s0053-0000000159418353-0226-s_lc.fits,8.303341406,2459631.82035,2631.820350000169,1.8708,2743.994100731837,2768.977333522272,2748.0671296841692
159418353,59,tess2022330142927-s0059-0000000159418353-0248-s_lc.fits,8.303341406,2459631.82035,2631.820350000169,1.8708,2910.265185507654,2936.689102238593,2914.133957804169
159418353,73,tess2023341045131-s0073-0000000159418353-0268-s_lc.fits,8.303341406,2459631.82035,2631.820350000169,1.8708,3285.79989589772,3312.651449549903,3287.784321074169
159418353,74,tess2024003055635-s0074-0000000159418353-0269-s_lc.fits,8.303341406,2459631.82035,2631.820350000169,1.8708,3312.865349059332,3339.570687690194,3320.997686698169
159418353,75,tess2024030031500-s0075-0000000159418353-0270-s_lc.fits,8.303341406,2459631.82035,2631.820350000169,1.8708,3339.785960906365,3367.483991366723,3345.907710916169
159418353,79,tess2024142205832-s0079-0000000159418353-0274-s_lc.fits,8.303341406,2459631.82035,2631.820350000169,1.8708,3452.536694026204,3479.672422053161,3453.851149194169
159418353,86,tess2024326142117-s0086-0000000159418353-0283-s_lc.fits,8.303341406,2459631.82035,2631.820350000169,1.8708,3636.261522883596,3662.828552290348,3636.524660126169
159441326,74,tess2024003055635-s0074-0000000159441326-0269-s_lc.fits,4.30655689,2454965.44215,-2034.5578499999829,4.0697,3312.861450170543,3339.566772463795,3314.1858073800176
159441326,75,tess2024030031500-s0075-0000000159441326-0270-s_lc.fits,4.30655689,2454965.44215,-2034.5578499999829,4.0697,3339.782050321493,3367.480964483807,3340.0251487200176
159441326,81,tess2024196212429-s0081-0000000159441326-0276-s_lc.fits,4.30655689,2454965.44215,-2034.5578499999829,4.0697,3506.554308586161,3533.179318786432,3507.9808674300175
159444082,74,tess2024003055635-s0074-0000000159444082-0269-s_lc.fits,4.921355,2455007.29899,-1992.7010099999607,1.873,3312.861316386288,3339.566652444953,3317.44103500004
159444082,75,tess2024030031500-s0075-0000000159444082-0270-s_lc.fits,4.921355,2455007.29899,-1992.7010099999607,1.873,3339.78193056412,3367.480886671107,3342.047810000039
159444082,80,tess2024170053053-s0080-0000000159444082-0275-s_lc.fits,4.921355,2455007.29899,-1992.7010099999607,1.873,3479.890076893599,3506.33916474063,3484.76710500004
159444082,81,tess2024196212429-s0081-0000000159444082-0276-s_lc.fits,4.921355,2455007.29899,-1992.7010099999607,1.873,3506.554445303151,3533.179431815,3509.373880000039
159444082,82,tess2024223182411-s0082-0000000159444082-0278-s_lc.fits,4.921355,2455007.29899,-1992.7010099999607,1.873,3533.394707653776,3559.248380914592,3533.9806550000394
159449495,74,tess2024003055635-s0074-0000000159449495-0269-s_lc.fits,13.78730011,2454977.7763,-2022.2236999999732,5.747,3312.861355003346,3339.566683027491,3313.4614425700265
159449495,75,tess2024030031500-s0075-0000000159449495-0270-s_lc.fits,13.78730011,2454977.7763,-2022.2236999999732,5.747,3339.781961041185,3367.48090175993,3341.036042790027
159449495,80,tess2024170053053-s0080-0000000159449495-0275-s_lc.fits,13.78730011,2454977.7763,-2022.2236999999732,5.747,3479.890035816685,3506.339126756406,3492.6963440000272
159449495,81,tess2024196212429-s0081-0000000159449495-0276-s_lc.fits,13.78730011,2454977.7763,-2022.2236999999732,5.747,3506.554407366191,3533.179404418283,3520.2709442200266
159449495,82,tess2024223182411-s0082-0000000159449495-0278-s_lc.fits,13.78730011,2454977.7763,-2022.2236999999732,5.747,3533.394680357177,3559.248369091685,3534.0582443300273
159520040,74,tess2024003055635-s0074-0000000159520040-0269-s_lc.fits,6.892129898,2454964.63493,-2035.3650699998252,1.7137,3312.861530132735,3339.566837443335,3312.927730848175
159520040,75,tess2024030031500-s0075-0000000159520040-0270-s_lc.fits,6.892129898,2454964.63493,-2035.3650699998252,1.7137,3339.782115095909,3367.480998730634,3340.4962504401747
159520040,80,tess2024170053053-s0080-0000000159520040-0275-s_lc.fits,6.892129898,2454964.63493,-2035.3650699998252,1.7137,3479.88985942936,3506.338948933913,3485.2309782981747
159520040,81,tess2024196212429-s0081-0000000159520040-0276-s_lc.fits,6.892129898,2454964.63493,-2035.3650699998252,1.7137,3506.554229406513,3533.17925992312,3512.799497890175
159574927,81,tess2024196212429-s0081-0000000159574927-0276-s_lc.fits,34.3511874,2454967.18978,-2032.8102199998684,4.222,3506.554522626673,3533.179513807242,3532.0821388001314
159725995,40,tess2021175071901-s0040-0000000159725995-0211-s_lc.fits,3.770552098,2455190.11824,-1809.8817599997856,3.8277,2390.65466822508,2418.856457013324,2394.2838292702145
159725995,41,tess2021204101404-s0041-0000000159725995-0212-s_lc.fits,3.770552098,2455190.11824,-1809.8817599997856,3.8277,2419.991183642423,2446.581379201071,2420.677693956214
159725995,54,tess2022190063128-s0054-0000000159725995-0227-s_lc.fits,3.770552098,2455190.11824,-1809.8817599997856,3.8277,2769.900583727695,2796.131309958604,2771.3390390702143
159725995,55,tess2022217014003-s0055-0000000159725995-0242-s_lc.fits,3.770552098,2455190.11824,-1809.8817599997856,3.8277,2797.102140910294,2824.265744101359,2797.732903756214
159725995,74,tess2024003055635-s0074-0000000159725995-0269-s_lc.fits,3.770552098,2455190.11824,-1809.8817599997856,3.8277,3312.861709881834,3339.566991004225,3314.2985411822146
159725995,75,tess2024030031500-s0075-0000000159725995-0270-s_lc.fits,3.770552098,2455190.11824,-1809.8817599997856,3.8277,3339.782268250975,3367.481089315258,3340.6924058682143
159725995,80,tess2024170053053-s0080-0000000159725995-0275-s_lc.fits,3.770552098,2455190.11824,-1809.8817599997856,3.8277,3479.88967511096,3506.338767985853,3480.2028334942142
159725995,82,tess2024223182411-s0082-0000000159725995-0278-s_lc.fits,3.770552098,2455190.11824,-1809.8817599997856,3.8277,3533.39439532465,3559.248209126932,3536.7611149642144
159742538,25,tess2020133194932-s0025-0000000159742538-0182-s_lc.fits,3.55395,2460478.71288,3478.7128800000064,3.6341388,1983.634623412305,2009.308683763156,1986.0538800000065
159742538,26,tess2020160202036-s0026-0000000159742538-0188-s_lc.fits,3.55395,2460478.71288,3478.7128800000064,3.6341388,2010.269780323032,2035.137755471274,2010.9315300000064
159742538,40,tess2021175071901-s0040-0000000159742538-0211-s_lc.fits,3.55395,2460478.71288,3478.7128800000064,3.6341388,2390.655764739318,2418.856689846015,2391.204180000006
159742538,52,tess2022138205153-s0052-0000000159742538-0224-s_lc.fits,3.55395,2460478.71288,3478.7128800000064,3.6341388,2718.637205328862,2743.079224989524,2721.721530000006
159742538,53,tess2022164095748-s0053-0000000159742538-0226-s_lc.fits,3.55395,2460478.71288,3478.7128800000064,3.6341388,2743.99865691681,2768.981840205355,2746.5991800000065
159742538,79,tess2024142205832-s0079-0000000159742538-0274-s_lc.fits,3.55395,2460478.71288,3478.7128800000064,3.6341388,3452.540676335751,3479.677077239891,3453.8352300000065
159742538,80,tess2024170053053-s0080-0000000159742538-0275-s_lc.fits,3.55395,2460478.71288,3478.7128800000064,3.6341388,3479.890954640863,3506.339277056921,3482.2668300000064
159759306,40,tess2021175071901-s0040-0000000159759306-0211-s_lc.fits,4.159807,2454966.78646,-2033.2135399999097,1.626,2390.654703962022,2418.856499952649,2392.82110800009
159759306,41,tess2021204101404-s0041-0000000159759306-0212-s_lc.fits,4.159807,2454966.78646,-2033.2135399999097,1.626,2419.991226708642,2446.581419931067,2421.93975700009
159759306,54,tess2022190063128-s0054-0000000159759306-0227-s_lc.fits,4.159807,2454966.78646,-2033.2135399999097,1.626,2769.900624254429,2796.131353170109,2771.36354500009
159759306,55,tess2022217014003-s0055-0000000159759306-0242-s_lc.fits,4.159807,2454966.78646,-2033.2135399999097,1.626,2797.102184107131,2824.265780971489,2800.48219400009
159759306,74,tess2024003055635-s0074-0000000159759306-0269-s_lc.fits,4.159807,2454966.78646,-2033.2135399999097,1.626,3312.861671702381,3339.566948548954,3316.2982620000903
159759306,75,tess2024030031500-s0075-0000000159759306-0270-s_lc.fits,4.159807,2454966.78646,-2033.2135399999097,1.626,3339.782225809441,3367.481052216256,3341.2571040000903
159759306,82,tess2024223182411-s0082-0000000159759306-0278-s_lc.fits,4.159807,2454966.78646,-2033.2135399999097,1.626,3533.394438128235,3559.248244404267,3536.7680330000903
159763320,74,tess2024003055635-s0074-0000000159763320-0269-s_lc.fits,12.4127754,2454973.36032,-2026.639680000022,4.369,3312.861468912013,3339.566761768021,3323.2665173999776
159763320,75,tess2024030031500-s0075-0000000159763320-0270-s_lc.fits,12.4127754,2454973.36032,-2026.639680000022,4.369,3339.782039387766,3367.480925452311,3348.092068199978
159763320,81,tess2024196212429-s0081-0000000159763320-0276-s_lc.fits,12.4127754,2454973.36032,-2026.639680000022,4.369,3506.554299769796,3533.179338365394,3509.4581483999773
159763320,82,tess2024223182411-s0082-0000000159763320-0278-s_lc.fits,12.4127754,2454973.36032,-2026.639680000022,4.369,3533.394614674256,3559.24835634607,3534.2836991999775
159763595,74,tess2024003055635-s0074-0000000159763595-0269-s_lc.fits,22.9221266,2454966.6665,-2033.3335000001825,8.261,3312.861456056734,3339.566746533214,3330.444124399817
159763595,75,tess2024030031500-s0075-0000000159763595-0270-s_lc.fits,22.9221266,2454966.6665,-2033.3335000001825,8.261,3339.782024150863,3367.480911254764,3353.3662509998176
159763595,81,tess2024196212429-s0081-0000000159763595-0276-s_lc.fits,22.9221266,2454966.6665,-2033.3335000001825,8.261,3506.554314298428,3533.179353992754,3513.821137199817
159763595,82,tess2024223182411-s0082-0000000159763595-0278-s_lc.fits,22.9221266,2454966.6665,-2033.3335000001825,8.261,3533.39463030115,3559.248370036977,3536.743263799817
159763612,74,tess2024003055635-s0074-0000000159763612-0269-s_lc.fits,7.25931979,2454964.71187,-2035.288129999768,6.198,3312.861454563126,3339.566747853596,3314.8305552302318
159763612,75,tess2024030031500-s0075-0000000159763612-0270-s_lc.fits,7.25931979,2454964.71187,-2035.288129999768,6.198,3339.78202549383,3367.480915215213,3343.867834390232
159763612,81,tess2024196212429-s0081-0000000159763612-0276-s_lc.fits,7.25931979,2454964.71187,-2035.288129999768,6.198,3506.554314825091,3533.17935182999,3510.832189560232
159763612,82,tess2024223182411-s0082-0000000159763612-0278-s_lc.fits,7.25931979,2454964.71187,-2035.288129999768,6.198,3533.394628117897,3559.248365663021,3539.8694687202324
159873822,16,tess2019253231442-s0016-0000000159873822-0152-s_lc.fits,13.79019,2458739.1174,1739.1173999998719,3.301,1738.650132241819,1763.317814497506,1739.1173999998719
159873822,23,tess2020078014623-s0023-0000000159873822-0177-s_lc.fits,13.79019,2458739.1174,1739.1173999998719,3.301,1928.117462754955,1954.877422224199,1932.180059999872
159873822,24,tess2020106103520-s0024-0000000159873822-0180-s_lc.fits,13.79019,2458739.1174,1739.1173999998719,3.301,1955.796877050415,1982.282779744345,1959.7604399998718
159873822,50,tess2022085151738-s0050-0000000159873822-0222-s_lc.fits,13.79019,2458739.1174,1739.1173999998719,3.301,2665.272805812885,2691.511824442242,2676.8503199998718
159873822,51,tess2022112184951-s0051-0000000159873822-0223-s_lc.fits,13.79019,2458739.1174,1739.1173999998719,3.301,2692.952092240701,2717.536542733079,2704.4306999998716
159873822,77,tess2024085201119-s0077-0000000159873822-0272-s_lc.fits,13.79019,2458739.1174,1739.1173999998719,3.301,3395.487761801332,3423.551322200009,3407.730389999872
159873822,78,tess2024114025118-s0078-0000000159873822-0273-s_lc.fits,13.79019,2458739.1174,1739.1173999998719,3.301,3434.273455368813,3452.324573837696,3435.310769999872
160440924,40,tess2021175071901-s0040-0000000160440924-0211-s_lc.fits,6.36861010462,2459430.57482,2430.5748200002126,6.4190878,2390.651591670742,2418.852828855018,2392.3631593724926
160440924,41,tess2021204101404-s0041-0000000160440924-0212-s_lc.fits,6.36861010462,2459430.57482,2430.5748200002126,6.4190878,2419.987547983479,2446.577991457635,2424.2062098955926
160440924,47,tess2021364111932-s0047-0000000160440924-0218-s_lc.fits,6.36861010462,2459430.57482,2430.5748200002126,6.4190878,2579.81249462641,2606.941723103805,2583.4214625110926
160440924,48,tess2022027120115-s0048-0000000160440924-0219-s_lc.fits,6.36861010462,2459430.57482,2430.5748200002126,6.4190878,2607.934771867225,2635.987270094611,2608.8959029295725
160440924,49,tess2022057073128-s0049-0000000160440924-0221-s_lc.fits,6.36861010462,2459430.57482,2430.5748200002126,6.4190878,2637.473358401539,2664.315886452343,2640.738953452673
160440924,52,tess2022138205153-s0052-0000000160440924-0224-s_lc.fits,6.36861010462,2459430.57482,2430.5748200002126,6.4190878,2718.634005682435,2743.075210107552,2723.5308848127324
160440924,53,tess2022164095748-s0053-0000000160440924-0226-s_lc.fits,6.36861010462,2459430.57482,2430.5748200002126,6.4190878,2743.994637679814,2768.977705485291,2749.0053252312127
160440924,59,tess2022330142927-s0059-0000000160440924-0248-s_lc.fits,6.36861010462,2459430.57482,2430.5748200002126,6.4190878,2910.264605975302,2936.688638487681,2914.589187951333
160440924,60,tess2022357055054-s0060-0000000160440924-0249-s_lc.fits,6.36861010462,2459430.57482,2430.5748200002126,6.4190878,2936.903918191578,2962.584625039475,2940.0636283698127
160440924,73,tess2023341045131-s0073-0000000160440924-0268-s_lc.fits,6.36861010462,2459430.57482,2430.5748200002126,6.4190878,3285.799348639653,3312.651064458962,3290.3371841239127
160440924,74,tess2024003055635-s0074-0000000160440924-0269-s_lc.fits,6.36861010462,2459430.57482,2430.5748200002126,6.4190878,3312.864965461602,3339.570550867917,3315.8116245423926
160440924,75,tess2024030031500-s0075-0000000160440924-0270-s_lc.fits,6.36861010462,2459430.57482,2430.5748200002126,6.4190878,3339.785826570767,3367.484144705958,3341.286064960873
160440924,76,tess2024058030222-s0076-0000000160440924-0271-s_lc.fits,6.36861010462,2459430.57482,2430.5748200002126,6.4190878,3367.699418682395,3394.77805105156,3373.129115483973
160440924,79,tess2024142205832-s0079-0000000160440924-0274-s_lc.fits,6.36861010462,2459430.57482,2430.5748200002126,6.4190878,3452.537302433514,3479.672933929934,3455.9210468440324
160440924,82,tess2024223182411-s0082-0000000160440924-0278-s_lc.fits,6.36861010462,2459430.57482,2430.5748200002126,6.4190878,3533.390832784351,3559.245325177947,3538.712978204093
160440924,86,tess2024326142117-s0086-0000000160440924-0283-s_lc.fits,6.36861010462,2459430.57482,2430.5748200002126,6.4190878,3636.260942373629,3662.828068317263,3640.6107398780127
160578764,38,tess2021118034608-s0038-0000000160578764-0209-s_lc.fits,2.8786765,2457271.3331,271.3330999999307,2.3136,2333.865135683054,2360.556866174374,2335.344150499931
160578764,65,tess2023124020739-s0065-0000000160578764-0259-s_lc.fits,2.8786765,2457271.3331,271.3330999999307,2.3136,3068.744090622623,3096.631435673225,3069.4066579999308
161032923,13,tess2019169103026-s0013-0000000161032923-0146-s_lc.fits,3.9652482,2459756.40002,2756.400020000059,1.02,1653.941617947019,1682.36215952452,1654.061020400059
161032923,66,tess2023153011303-s0066-0000000161032923-0260-s_lc.fits,3.9652482,2459756.40002,2756.400020000059,1.02,3097.678120936047,3126.432694833864,3101.3766134000593
161032923,93,tess2025154050500-s0093-0000000161032923-0290-s_lc.fits,3.9652482,2459756.40002,2756.400020000059,1.02,3829.877397505838,3855.27914662274,3830.982282200059
162289289,56,tess2022244194134-s0056-0000000162289289-0243-s_lc.fits,3.8212867,2460055.72703,3055.7270300001837,2.486,2825.261102899177,2853.142849230804,2826.4498280001835
162289289,83,tess2024249191853-s0083-0000000162289289-0280-s_lc.fits,3.8212867,2460055.72703,3055.7270300001837,2.486,3559.431185919624,3584.379554254441,3560.136874400184
163539739,15,tess2019226182529-s0015-0000000163539739-0151-s_lc.fits,14.47567,2458711.9595,1711.9594999998808,1.6182484,1711.368063187031,1737.413970262989,1711.9594999998808
163539739,55,tess2022217014003-s0055-0000000163539739-0242-s_lc.fits,14.47567,2458711.9595,1711.9594999998808,1.6182484,2797.103460087429,2824.267713387519,2797.634749999881
163539739,56,tess2022244194134-s0056-0000000163539739-0243-s_lc.fits,14.47567,2458711.9595,1711.9594999998808,1.6182484,2825.260768502172,2853.142205826091,2826.5860899998806
163539739,75,tess2024030031500-s0075-0000000163539739-0270-s_lc.fits,14.47567,2458711.9595,1711.9594999998808,1.6182484,3339.781064180901,3367.479153995844,3347.7102099998806
163539739,82,tess2024223182411-s0082-0000000163539739-0278-s_lc.fits,14.47567,2458711.9595,1711.9594999998808,1.6182484,3533.395882758479,3559.250252591537,3535.8939199998804
163539739,83,tess2024249191853-s0083-0000000163539739-0280-s_lc.fits,14.47567,2458711.9595,1711.9594999998808,1.6182484,3559.430807557674,3584.378905625939,3564.845259999881
164413187,74,tess2024003055635-s0074-0000000164413187-0269-s_lc.fits,3.23941344,2454966.98443,-2033.015569999814,2.654,3312.861266997601,3339.566857777647,3315.256019440186
164413187,80,tess2024170053053-s0080-0000000164413187-0275-s_lc.fits,3.23941344,2454966.98443,-2033.015569999814,2.654,3479.890279992701,3506.33912355545,3480.4661048801854
164413187,81,tess2024196212429-s0081-0000000164413187-0276-s_lc.fits,3.23941344,2454966.98443,-2033.015569999814,2.654,3506.554401935834,3533.17915210898,3509.6208258401857
164460740,74,tess2024003055635-s0074-0000000164460740-0269-s_lc.fits,17.1369543,2454974.01371,-2025.9862899999134,6.366,3312.861295991535,3339.566878180131,3320.7434516000867
164460740,80,tess2024170053053-s0080-0000000164460740-0275-s_lc.fits,17.1369543,2454974.01371,-2025.9862899999134,6.366,3479.89024757895,3506.339095980386,3492.1129946000865
164460740,81,tess2024196212429-s0081-0000000164460740-0276-s_lc.fits,17.1369543,2454974.01371,-2025.9862899999134,6.366,3506.554374416417,3533.179134835741,3509.2499489000866
164464070,41,tess2021204101404-s0041-0000000164464070-0212-s_lc.fits,65.70459747,2454970.4421,-2029.557899999898,3.2645,2419.991353297266,2446.581255663693,2438.3547279601016
164464070,53,tess2022164095748-s0053-0000000164464070-0226-s_lc.fits,65.70459747,2454970.4421,-2029.557899999898,3.2645,2743.997812242581,2768.981475752245,2766.877715310102
164464070,75,tess2024030031500-s0075-0000000164464070-0270-s_lc.fits,65.70459747,2454970.4421,-2029.557899999898,3.2645,3339.782199340089,3367.481332573222,3358.219092540102
164464070,80,tess2024170053053-s0080-0000000164464070-0275-s_lc.fits,65.70459747,2454970.4421,-2029.557899999898,3.2645,3479.890183438298,3506.33904060674,3489.628287480102
164522561,82,tess2024223182411-s0082-0000000164522561-0278-s_lc.fits,175.138819,2455129.03986,-1870.9601400000975,10.666,3533.394262748087,3559.247846389827,3558.343248999903
164527695,26,tess2020160202036-s0026-0000000164527695-0188-s_lc.fits,3.93766373,2454968.27848,-2031.7215200001374,4.916,2010.268776589269,2035.137207217929,2012.2591307098628
164527695,40,tess2021175071901-s0040-0000000164527695-0211-s_lc.fits,3.93766373,2454968.27848,-2031.7215200001374,4.916,2390.654999945883,2418.856527123753,2394.2125125198627
164527695,41,tess2021204101404-s0041-0000000164527695-0212-s_lc.fits,3.93766373,2454968.27848,-2031.7215200001374,4.916,2419.991241765334,2446.581176881952,2421.776158629863
164527695,53,tess2022164095748-s0053-0000000164527695-0226-s_lc.fits,3.93766373,2454968.27848,-2031.7215200001374,4.916,2743.997694126083,2768.981354577166,2744.664584489863
164527695,54,tess2022190063128-s0054-0000000164527695-0227-s_lc.fits,3.93766373,2454968.27848,-2031.7215200001374,4.916,2769.900793283704,2796.131262061663,2772.2282305998624
164527695,55,tess2022217014003-s0055-0000000164527695-0242-s_lc.fits,3.93766373,2454968.27848,-2031.7215200001374,4.916,2797.102082756883,2824.26543218094,2799.7918767098627
164527695,75,tess2024030031500-s0075-0000000164527695-0270-s_lc.fits,3.93766373,2454968.27848,-2031.7215200001374,4.916,3339.782300011403,3367.481392044222,3343.189471449863
164527695,80,tess2024170053053-s0080-0000000164527695-0275-s_lc.fits,3.93766373,2454968.27848,-2031.7215200001374,4.916,3479.890062414608,3506.338921858736,3481.0077019998625
164527695,82,tess2024223182411-s0082-0000000164527695-0278-s_lc.fits,3.93766373,2454968.27848,-2031.7215200001374,4.916,3533.394281467671,3559.24786121625,3536.134994219863
164552984,74,tess2024003055635-s0074-0000000164552984-0269-s_lc.fits,10.00652995,2455009.9688,-1990.031200000085,5.218,3312.861316690645,3339.566878888169,3313.4296734999143
164552984,80,tess2024170053053-s0080-0000000164552984-0275-s_lc.fits,10.00652995,2455009.9688,-1990.031200000085,5.218,3479.890215917707,3506.339081399134,3483.5406826499147
164552984,81,tess2024196212429-s0081-0000000164552984-0276-s_lc.fits,10.00652995,2455009.9688,-1990.031200000085,5.218,3506.554359982081,3533.179140348705,3513.5602724999144
164555061,81,tess2024196212429-s0081-0000000164555061-0276-s_lc.fits,49.1013514,2454969.46989,-2030.530110000167,6.323,3506.554172554488,3533.178988182148,3517.9225981998325
164555597,40,tess2021175071901-s0040-0000000164555597-0211-s_lc.fits,0.893041236,2454967.54028,-2032.459720000159,1.1042,2390.65491444884,2418.856455326931,2390.7735219078404
164555597,41,tess2021204101404-s0041-0000000164555597-0212-s_lc.fits,0.893041236,2454967.54028,-2032.459720000159,1.1042,2419.991170903793,2446.581134093268,2420.2438826958405
164555597,53,tess2022164095748-s0053-0000000164555597-0226-s_lc.fits,0.893041236,2454967.54028,-2032.459720000159,1.1042,2743.997608216115,2768.981272962575,2744.417851363841
164555597,54,tess2022190063128-s0054-0000000164555597-0227-s_lc.fits,0.893041236,2454967.54028,-2032.459720000159,1.1042,2769.900712042573,2796.131200987391,2770.3160472078407
164555597,55,tess2022217014003-s0055-0000000164555597-0242-s_lc.fits,0.893041236,2454967.54028,-2032.459720000159,1.1042,2797.102022647694,2824.265405573753,2797.107284287841
164555597,75,tess2024030031500-s0075-0000000164555597-0270-s_lc.fits,0.893041236,2454967.54028,-2032.459720000159,1.1042,3339.782361458902,3367.481419867717,3340.076355775841
164555597,80,tess2024170053053-s0080-0000000164555597-0275-s_lc.fits,0.893041236,2454967.54028,-2032.459720000159,1.1042,3479.889975700327,3506.338843522167,3480.283829827841
164555597,81,tess2024196212429-s0081-0000000164555597-0276-s_lc.fits,0.893041236,2454967.54028,-2032.459720000159,1.1042,3506.554122728264,3533.178952108998,3507.0750669078407
164555597,82,tess2024223182411-s0082-0000000164555597-0278-s_lc.fits,0.893041236,2454967.54028,-2032.459720000159,1.1042,3533.394227203463,3559.247840414695,3533.866303987841
164557694,40,tess2021175071901-s0040-0000000164557694-0211-s_lc.fits,68.8861915,2454993.29804,-2006.7019600002095,5.95,2390.654753509315,2418.856307663409,2402.01429599979
164557694,53,tess2022164095748-s0053-0000000164557694-0226-s_lc.fits,68.8861915,2454993.29804,-2006.7019600002095,5.95,2743.997452025287,2768.981113409556,2746.44525349979
164557694,55,tess2022217014003-s0055-0000000164557694-0242-s_lc.fits,68.8861915,2454993.29804,-2006.7019600002095,5.95,2797.101892010029,2824.26533056934,2815.3314449997906
164557694,75,tess2024030031500-s0075-0000000164557694-0270-s_lc.fits,68.8861915,2454993.29804,-2006.7019600002095,5.95,3339.782493339418,3367.48149688204,3366.4209769997906
164557694,80,tess2024170053053-s0080-0000000164557694-0275-s_lc.fits,68.8861915,2454993.29804,-2006.7019600002095,5.95,3479.889815505394,3506.338687043677,3504.19335999979
164654277,40,tess2021175071901-s0040-0000000164654277-0211-s_lc.fits,5.835983111,2455002.87515,-1997.1248499997891,2.0601,2390.654953063803,2418.856502553135,2391.5344494722112
164654277,41,tess2021204101404-s0041-0000000164654277-0212-s_lc.fits,5.835983111,2455002.87515,-1997.1248499997891,2.0601,2419.99121829973,2446.581179567887,2420.714365027211
164654277,53,tess2022164095748-s0053-0000000164654277-0226-s_lc.fits,5.835983111,2455002.87515,-1997.1248499997891,2.0601,2743.997640474801,2768.981316822746,2747.529419243211
164654277,54,tess2022190063128-s0054-0000000164654277-0227-s_lc.fits,5.835983111,2455002.87515,-1997.1248499997891,2.0601,2769.900756252222,2796.131248811271,2770.8733516872107
164654277,55,tess2022217014003-s0055-0000000164654277-0242-s_lc.fits,5.835983111,2455002.87515,-1997.1248499997891,2.0601,2797.102070480421,2824.265447063708,2800.0532672422105
164654277,75,tess2024030031500-s0075-0000000164654277-0270-s_lc.fits,5.835983111,2455002.87515,-1997.1248499997891,2.0601,3339.782314529325,3367.481378149122,3342.799696565211
164654277,80,tess2024170053053-s0080-0000000164654277-0275-s_lc.fits,5.835983111,2455002.87515,-1997.1248499997891,2.0601,3479.89001125508,3506.338889556744,3482.8632912292105
164654277,81,tess2024196212429-s0081-0000000164654277-0276-s_lc.fits,5.835983111,2455002.87515,-1997.1248499997891,2.0601,3506.554168820117,3533.178999662795,3512.043206784211
164654277,82,tess2024223182411-s0082-0000000164654277-0278-s_lc.fits,5.835983111,2455002.87515,-1997.1248499997891,2.0601,3533.394274741427,3559.247880238514,3535.387139228211
164670756,80,tess2024170053053-s0080-0000000164670756-0275-s_lc.fits,26.41045478,2454982.39497,-2017.6050300002098,2.996,3479.890048921373,3506.338931316084,3502.18001901979
164670756,82,tess2024223182411-s0082-0000000164670756-0278-s_lc.fits,26.41045478,2454982.39497,-2017.6050300002098,2.996,3533.394312364763,3559.247906663744,3555.0009285797896
164721250,40,tess2021175071901-s0040-0000000164721250-0211-s_lc.fits,18.39629936,2455018.14015,-1981.8598500001244,2.7838,2390.654929057101,2418.856490289712,2396.459397679876
164721250,41,tess2021204101404-s0041-0000000164721250-0212-s_lc.fits,18.39629936,2455018.14015,-1981.8598500001244,2.7838,2419.991206614891,2446.581181505503,2433.2519963998757
164721250,53,tess2022164095748-s0053-0000000164721250-0226-s_lc.fits,18.39629936,2455018.14015,-1981.8598500001244,2.7838,2743.997612860854,2768.981297639829,2745.9890855198755
164721250,54,tess2022190063128-s0054-0000000164721250-0227-s_lc.fits,18.39629936,2455018.14015,-1981.8598500001244,2.7838,2769.900737450915,2796.131242461514,2782.781684239876
164721250,55,tess2022217014003-s0055-0000000164721250-0242-s_lc.fits,18.39629936,2455018.14015,-1981.8598500001244,2.7838,2797.102064639166,2824.265455318718,2801.177983599876
164721250,74,tess2024003055635-s0074-0000000164721250-0269-s_lc.fits,18.39629936,2455018.14015,-1981.8598500001244,2.7838,3312.861530464053,3339.567042395536,3316.2743656798757
164721250,75,tess2024030031500-s0075-0000000164721250-0270-s_lc.fits,18.39629936,2455018.14015,-1981.8598500001244,2.7838,3339.782321550566,3367.481370406339,3353.0669643998754
164721250,80,tess2024170053053-s0080-0000000164721250-0275-s_lc.fits,18.39629936,2455018.14015,-1981.8598500001244,2.7838,3479.889984979327,3506.338873244396,3481.841059919876
164721250,81,tess2024196212429-s0081-0000000164721250-0276-s_lc.fits,18.39629936,2455018.14015,-1981.8598500001244,2.7838,3506.554152598108,3533.178996606659,3518.6336586398756
164721250,82,tess2024223182411-s0082-0000000164721250-0278-s_lc.fits,18.39629936,2455018.14015,-1981.8598500001244,2.7838,3533.394271792161,3559.24789063347,3537.0299579998755
164721823,82,tess2024223182411-s0082-0000000164721823-0278-s_lc.fits,73.7578875,2455016.72348,-1983.2765199998394,2.69,3533.394224660254,3559.247861524518,3548.5650425001604
164723136,80,tess2024170053053-s0080-0000000164723136-0275-s_lc.fits,4.221625357,2455006.69987,-1993.3001299998723,2.8959,3479.889803528702,3506.338686174287,3482.147958029127
164723136,81,tess2024196212429-s0081-0000000164723136-0276-s_lc.fits,4.221625357,2455006.69987,-1993.3001299998723,2.8959,3506.553965593191,3533.178840646217,3507.477710171127
164723136,82,tess2024223182411-s0082-0000000164723136-0278-s_lc.fits,4.221625357,2455006.69987,-1993.3001299998723,2.8959,3533.394116170138,3559.247795039145,3537.0290876701274
164723619,40,tess2021175071901-s0040-0000000164723619-0211-s_lc.fits,20.16034462,2454977.3439,-2022.6560999997891,3.8215,2390.654746676783,2418.856318185025,2392.459371780211
164723619,41,tess2021204101404-s0041-0000000164723619-0212-s_lc.fits,20.16034462,2454977.3439,-2022.6560999997891,3.8215,2419.991035748165,2446.581056747277,2432.780061020211
164723619,53,tess2022164095748-s0053-0000000164723619-0226-s_lc.fits,20.16034462,2454977.3439,-2022.6560999997891,3.8215,2743.997437971978,2768.981114576736,2755.345574940211
164723619,55,tess2022217014003-s0055-0000000164723619-0242-s_lc.fits,20.16034462,2454977.3439,-2022.6560999997891,3.8215,2797.101909932051,2824.265360823703,2815.826608800211
164723619,74,tess2024003055635-s0074-0000000164723619-0269-s_lc.fits,20.16034462,2454977.3439,-2022.6560999997891,3.8215,3312.861708635142,3339.567198399518,3319.835224300211
164723619,75,tess2024030031500-s0075-0000000164723619-0270-s_lc.fits,20.16034462,2454977.3439,-2022.6560999997891,3.8215,3339.78247717969,3367.481467076458,3339.9955689202106
164723619,80,tess2024170053053-s0080-0000000164723619-0275-s_lc.fits,20.16034462,2454977.3439,-2022.6560999997891,3.8215,3479.889804610782,3506.338692489585,3481.1179812602113
164723619,81,tess2024196212429-s0081-0000000164723619-0276-s_lc.fits,20.16034462,2454977.3439,-2022.6560999997891,3.8215,3506.553971947139,3533.178850998566,3521.4386705002107
164723619,82,tess2024223182411-s0082-0000000164723619-0278-s_lc.fits,20.16034462,2454977.3439,-2022.6560999997891,3.8215,3533.394126548214,3559.247807303616,3541.5990151202104
164724987,74,tess2024003055635-s0074-0000000164724987-0269-s_lc.fits,5.94566534,2454966.99298,-2033.0070199999027,2.1737,3312.861579711459,3339.567083024484,3318.0917860000973
164724987,75,tess2024030031500-s0075-0000000164724987-0270-s_lc.fits,5.94566534,2454966.99298,-2033.0070199999027,2.1737,3339.782362057743,3367.481392603947,3341.8744473600973
164724987,80,tess2024170053053-s0080-0000000164724987-0275-s_lc.fits,5.94566534,2454966.99298,-2033.0070199999027,2.1737,3479.889933592789,3506.338824201182,3484.5704155200974
164724987,81,tess2024196212429-s0081-0000000164724987-0276-s_lc.fits,5.94566534,2454966.99298,-2033.0070199999027,2.1737,3506.554103602857,3533.178959569125,3508.3530768800974
164724987,82,tess2024223182411-s0082-0000000164724987-0278-s_lc.fits,5.94566534,2454966.99298,-2033.0070199999027,2.1737,3533.394234871274,3559.24787241098,3538.081403580097
164726831,81,tess2024196212429-s0081-0000000164726831-0276-s_lc.fits,5.392025388,2455004.72742,-1995.2725800001062,2.981,3506.554267908737,3533.17909151108,3509.9853411478944
164726831,82,tess2024223182411-s0082-0000000164726831-0278-s_lc.fits,5.392025388,2455004.72742,-1995.2725800001062,2.981,3533.394367173097,3559.247947884197,3536.9454680878944
164784178,81,tess2024196212429-s0081-0000000164784178-0276-s_lc.fits,48.88819885,2454986.8116,-2013.1883999998681,6.468,3506.55409516228,3533.178961007553,3511.178070050132
164828012,40,tess2021175071901-s0040-0000000164828012-0211-s_lc.fits,20.739886,2455006.21817,-1993.7818300002255,3.014,2390.655259260313,2418.856823529968,2403.074001999774
164828012,41,tess2021204101404-s0041-0000000164828012-0212-s_lc.fits,20.739886,2455006.21817,-1993.7818300002255,3.014,2419.991538490992,2446.581445625791,2423.813887999774
164828012,53,tess2022164095748-s0053-0000000164828012-0226-s_lc.fits,20.739886,2455006.21817,-1993.7818300002255,3.014,2743.997919925823,2768.981639308554,2755.6520639997743
164828012,54,tess2022190063128-s0054-0000000164828012-0227-s_lc.fits,20.739886,2455006.21817,-1993.7818300002255,3.014,2769.901078946736,2796.131554166887,2776.3919499997746
164828012,75,tess2024030031500-s0075-0000000164828012-0270-s_lc.fits,20.739886,2455006.21817,-1993.7818300002255,3.014,3339.78201170653,3367.481152719,3357.108757999774
164828012,80,tess2024170053053-s0080-0000000164828012-0275-s_lc.fits,20.739886,2455006.21817,-1993.7818300002255,3.014,3479.890306019441,3506.339215850449,3481.548073999774
164828012,81,tess2024196212429-s0081-0000000164828012-0276-s_lc.fits,20.739886,2455006.21817,-1993.7818300002255,3.014,3506.554494712327,3533.179293097714,3523.0278459997744
164833065,74,tess2024003055635-s0074-0000000164833065-0269-s_lc.fits,3.543919,2454969.25903,-2030.740970000159,2.012,3312.86160922903,3339.567094666016,3313.4888819998405
164833065,75,tess2024030031500-s0075-0000000164833065-0270-s_lc.fits,3.543919,2454969.25903,-2030.740970000159,2.012,3339.782373532801,3367.481382837633,3341.840233999841
164833065,80,tess2024170053053-s0080-0000000164833065-0275-s_lc.fits,3.543919,2454969.25903,-2030.740970000159,2.012,3479.889894977244,3506.338799487373,3480.0530749998406
164833065,81,tess2024196212429-s0081-0000000164833065-0276-s_lc.fits,3.543919,2454969.25903,-2030.740970000159,2.012,3506.554079016639,3533.178953736019,3508.4044269998403
164833065,82,tess2024223182411-s0082-0000000164833065-0278-s_lc.fits,3.543919,2454969.25903,-2030.740970000159,2.012,3533.394229191371,3559.247886022492,3536.755778999841
164836049,74,tess2024003055635-s0074-0000000164836049-0269-s_lc.fits,2.42150341,2454966.83517,-2033.1648300001398,2.965,3312.861586640267,3339.567071022297,3313.514699279861
164836049,75,tess2024030031500-s0075-0000000164836049-0270-s_lc.fits,2.42150341,2454966.83517,-2033.1648300001398,2.965,3339.782349907941,3367.481363564843,3340.1512367898604
164836049,80,tess2024170053053-s0080-0000000164836049-0275-s_lc.fits,2.42150341,2454966.83517,-2033.1648300001398,2.965,3479.889915466807,3506.338823827023,3480.5984345698607
164836049,81,tess2024196212429-s0081-0000000164836049-0276-s_lc.fits,2.42150341,2454966.83517,-2033.1648300001398,2.965,3506.55410337282,3533.178977173915,3507.23497207986
164836049,82,tess2024223182411-s0082-0000000164836049-0278-s_lc.fits,2.42150341,2454966.83517,-2033.1648300001398,2.965,3533.39425260808,3559.247904048707,3533.8715095898606
164882868,74,tess2024003055635-s0074-0000000164882868-0269-s_lc.fits,60.0855082,2454986.25486,-2013.7451399997808,6.929,3312.861465890569,3339.566962486895,3333.865089800219
164882868,81,tess2024196212429-s0081-0000000164882868-0276-s_lc.fits,60.0855082,2454986.25486,-2013.7451399997808,6.929,3506.554226161271,3533.179078773381,3514.121614400219
164883912,74,tess2024003055635-s0074-0000000164883912-0269-s_lc.fits,16.57110363,2454966.90279,-2033.0972099998035,2.9613,3312.861383939538,3339.566889337328,3319.369262490196
164883912,75,tess2024030031500-s0075-0000000164883912-0270-s_lc.fits,16.57110363,2454966.90279,-2033.0972099998035,2.9613,3339.782168619017,3367.481245956963,3352.5114697501967
164883912,80,tess2024170053053-s0080-0000000164883912-0275-s_lc.fits,16.57110363,2454966.90279,-2033.0972099998035,2.9613,3479.890117843852,3506.339030775233,3485.080298790196
164883912,81,tess2024196212429-s0081-0000000164883912-0276-s_lc.fits,16.57110363,2454966.90279,-2033.0972099998035,2.9613,3506.554309771687,3533.179147536652,3518.222506050196
164883912,82,tess2024223182411-s0082-0000000164883912-0278-s_lc.fits,16.57110363,2454966.90279,-2033.0972099998035,2.9613,3533.394423279228,3559.248006954962,3534.793609680197
164884235,14,tess2019198215352-s0014-0000000164884235-0150-s_lc.fits,5.629021,2454967.74616,-2032.253839999903,3.913,1683.355610883544,1710.206775182494,1688.529041000097
164884235,26,tess2020160202036-s0026-0000000164884235-0188-s_lc.fits,5.629021,2454967.74616,-2032.253839999903,3.913,2010.268833956993,2035.137323452807,2015.012259000097
164884235,40,tess2021175071901-s0040-0000000164884235-0211-s_lc.fits,5.629021,2454967.74616,-2032.253839999903,3.913,2390.655094965698,2418.856674405433,2392.156666000097
164884235,41,tess2021204101404-s0041-0000000164884235-0212-s_lc.fits,5.629021,2454967.74616,-2032.253839999903,3.913,2419.991390711753,2446.581343685551,2420.301771000097
164884235,53,tess2022164095748-s0053-0000000164884235-0226-s_lc.fits,5.629021,2454967.74616,-2032.253839999903,3.913,2743.997759770471,2768.981477199753,2746.784989000097
164884235,55,tess2022217014003-s0055-0000000164884235-0242-s_lc.fits,5.629021,2454967.74616,-2032.253839999903,3.913,2797.102243891521,2824.265596158324,2797.4461780000966
164884235,74,tess2024003055635-s0074-0000000164884235-0269-s_lc.fits,5.629021,2454967.74616,-2032.253839999903,3.913,3312.86135861874,3339.566864938073,3315.316110000097
164884235,75,tess2024030031500-s0075-0000000164884235-0270-s_lc.fits,5.629021,2454967.74616,-2032.253839999903,3.913,3339.78214425655,3367.481228173126,3343.4612150000967
164884235,80,tess2024170053053-s0080-0000000164884235-0275-s_lc.fits,5.629021,2454967.74616,-2032.253839999903,3.913,3479.890142104107,3506.33905728207,3484.1867400000965
164884235,81,tess2024196212429-s0081-0000000164884235-0276-s_lc.fits,5.629021,2454967.74616,-2032.253839999903,3.913,3506.554336280853,3533.179171097949,3506.7028240000973
164884235,82,tess2024223182411-s0082-0000000164884235-0278-s_lc.fits,5.629021,2454967.74616,-2032.253839999903,3.913,3533.39444680304,3559.248023097925,3534.847929000097
164886812,40,tess2021175071901-s0040-0000000164886812-0211-s_lc.fits,33.42035034,2454992.13723,-2007.862770000007,5.0911,2390.655257673805,2418.856834463928,2403.6234748799925
164886812,41,tess2021204101404-s0041-0000000164886812-0212-s_lc.fits,33.42035034,2454992.13723,-2007.862770000007,5.0911,2419.99154993392,2446.581466505811,2437.043825219993
164886812,54,tess2022190063128-s0054-0000000164886812-0227-s_lc.fits,33.42035034,2454992.13723,-2007.862770000007,5.0911,2769.901083669706,2796.131569809148,2771.247328619993
164889945,74,tess2024003055635-s0074-0000000164889945-0269-s_lc.fits,16.301259,2454966.79243,-2033.207570000086,3.984,3312.861424556378,3339.566919711017,3313.6053819999142
164889945,75,tess2024030031500-s0075-0000000164889945-0270-s_lc.fits,16.301259,2454966.79243,-2033.207570000086,3.984,3339.78219886884,3367.481258573474,3346.207899999915
164889945,81,tess2024196212429-s0081-0000000164889945-0276-s_lc.fits,16.301259,2454966.79243,-2033.207570000086,3.984,3506.554270543682,3533.179121028883,3509.220489999914
164889945,82,tess2024223182411-s0082-0000000164889945-0278-s_lc.fits,16.301259,2454966.79243,-2033.207570000086,3.984,3533.394396887875,3559.247997979457,3541.823007999915
164892194,40,tess2021175071901-s0040-0000000164892194-0211-s_lc.fits,3.0240949,2454965.41624,-2034.583759999834,2.9,2390.654828742716,2418.856422056364,2392.6911736001666
164892194,41,tess2021204101404-s0041-0000000164892194-0212-s_lc.fits,3.0240949,2454965.41624,-2034.583759999834,2.9,2419.991140120089,2446.581159584265,2422.9321226001666
164892194,53,tess2022164095748-s0053-0000000164892194-0226-s_lc.fits,3.0240949,2454965.41624,-2034.583759999834,2.9,2743.997504983432,2768.981209449402,2746.510276900166
164892194,55,tess2022217014003-s0055-0000000164892194-0242-s_lc.fits,3.0240949,2454965.41624,-2034.583759999834,2.9,2797.102016485365,2824.26545597856,2797.9198902001663
164892194,74,tess2024003055635-s0074-0000000164892194-0269-s_lc.fits,3.0240949,2454965.41624,-2034.583759999834,2.9,3312.861619105007,3339.567094124452,3315.040118100166
164892194,75,tess2024030031500-s0075-0000000164892194-0270-s_lc.fits,3.0240949,2454965.41624,-2034.583759999834,2.9,3339.782372902761,3367.481371516476,3342.2569722001663
164892194,80,tess2024170053053-s0080-0000000164892194-0275-s_lc.fits,3.0240949,2454965.41624,-2034.583759999834,2.9,3479.889879328231,3506.338792852631,3481.3653376001666
164892194,81,tess2024196212429-s0081-0000000164892194-0276-s_lc.fits,3.0240949,2454965.41624,-2034.583759999834,2.9,3506.554072458266,3533.178957497165,3508.582191700166
164892194,82,tess2024223182411-s0082-0000000164892194-0278-s_lc.fits,3.0240949,2454965.41624,-2034.583759999834,2.9,3533.394233032378,3559.247899140171,3535.799045800166
165297570,48,tess2022027120115-s0048-0000000165297570-0219-s_lc.fits,2.9895932,2456190.30201,-809.6979899997823,3.46272,2607.938532059038,2635.991655476982,2610.3966308002177
165464482,49,tess2022057073128-s0049-0000000165464482-0221-s_lc.fits,4.33454,2459250.50777,2250.5077700000256,3.595,2637.475496403585,2664.318493271229,2640.6163700000257
165464482,76,tess2024058030222-s0076-0000000165464482-0271-s_lc.fits,4.33454,2459250.50777,2250.5077700000256,3.595,3367.701541016505,3394.780645406494,3368.8190900000254
168811794,74,tess2024003055635-s0074-0000000168811794-0269-s_lc.fits,8.277440071,2454971.25508,-2028.7449199999683,2.7043,3312.861241414588,3339.566366201796,3318.4813658660314
168811794,75,tess2024030031500-s0075-0000000168811794-0270-s_lc.fits,8.277440071,2454971.25508,-2028.7449199999683,2.7043,3339.781642861813,3367.480445575316,3343.313686079031
168811794,81,tess2024196212429-s0081-0000000168811794-0276-s_lc.fits,8.277440071,2454971.25508,-2028.7449199999683,2.7043,3506.554604163266,3533.179777026941,3508.862487499031
168811794,82,tess2024223182411-s0082-0000000168811794-0278-s_lc.fits,8.277440071,2454971.25508,-2028.7449199999683,2.7043,3533.395054156065,3559.248841683409,3533.6948077120314
168816237,74,tess2024003055635-s0074-0000000168816237-0269-s_lc.fits,17.97979059,2455015.24346,-1984.756539999973,5.6021,3312.861139207756,3339.566273617622,3319.2816840500273
168816237,75,tess2024030031500-s0075-0000000168816237-0270-s_lc.fits,17.97979059,2455015.24346,-1984.756539999973,5.6021,3339.781550701903,3367.480384738346,3355.2412652300272
168816237,81,tess2024196212429-s0081-0000000168816237-0276-s_lc.fits,17.97979059,2455015.24346,-1984.756539999973,5.6021,3506.554708936823,3533.179864517945,3517.0593805400267
168816237,82,tess2024223182411-s0082-0000000168816237-0278-s_lc.fits,17.97979059,2455015.24346,-1984.756539999973,5.6021,3533.395141459175,3559.248895437951,3535.039171130027
169175503,14,tess2019198215352-s0014-0000000169175503-0150-s_lc.fits,10.3039,2455589.7378,-1410.2622000002302,4.116,1683.355880435352,1710.207382629076,1691.2116999997697
169175503,15,tess2019226182529-s0015-0000000169175503-0151-s_lc.fits,10.3039,2455589.7378,-1410.2622000002302,4.116,1711.367099067745,1737.412478859362,1711.81949999977
169175503,74,tess2024003055635-s0074-0000000169175503-0269-s_lc.fits,10.3039,2455589.7378,-1410.2622000002302,4.116,3312.861289527178,3339.566408903402,3319.2278999997698
169175503,75,tess2024030031500-s0075-0000000169175503-0270-s_lc.fits,10.3039,2455589.7378,-1410.2622000002302,4.116,3339.781685466095,3367.48047272267,3339.8356999997704
169175503,81,tess2024196212429-s0081-0000000169175503-0276-s_lc.fits,10.3039,2455589.7378,-1410.2622000002302,4.116,3506.554555171973,3533.179736974483,3515.0019999997703
169175503,82,tess2024223182411-s0082-0000000169175503-0278-s_lc.fits,10.3039,2455589.7378,-1410.2622000002302,4.116,3533.395014198136,3559.248818078573,3535.60979999977
169176340,81,tess2024196212429-s0081-0000000169176340-0276-s_lc.fits,3.622760057,2454965.99267,-2034.0073299999349,2.7868,3506.554571223318,3533.179753863086,3508.815557210065
169176340,82,tess2024223182411-s0082-0000000169176340-0278-s_lc.fits,3.622760057,2454965.99267,-2034.0073299999349,2.7868,3533.395031083713,3559.248832532001,3534.1748776090644
169180792,54,tess2022190063128-s0054-0000000169180792-0227-s_lc.fits,7.05677,2454965.53178,-2034.4682200001553,1.909,2769.901168295311,2796.132026229435,2771.1921499998452
169180792,55,tess2022217014003-s0055-0000000169180792-0242-s_lc.fits,7.05677,2454965.53178,-2034.4682200001553,1.909,2797.102859950783,2824.266447580612,2799.419229999845
169180792,74,tess2024003055635-s0074-0000000169180792-0269-s_lc.fits,7.05677,2454965.53178,-2034.4682200001553,1.909,3312.861172907431,3339.566293041751,3314.5634399998453
169180792,81,tess2024196212429-s0081-0000000169180792-0276-s_lc.fits,7.05677,2454965.53178,-2034.4682200001553,1.909,3506.554678558943,3533.179849959744,3512.1529999998447
169180792,82,tess2024223182411-s0082-0000000169180792-0278-s_lc.fits,7.05677,2454965.53178,-2034.4682200001553,1.909,3533.395127035782,3559.248899138794,3540.3800799998453
169181786,74,tess2024003055635-s0074-0000000169181786-0269-s_lc.fits,30.99660733,2455024.7859,-1975.2140999999829,2.7959,3312.861150332637,3339.566271638096,3325.2057534300175
169181786,75,tess2024030031500-s0075-0000000169181786-0270-s_lc.fits,30.99660733,2455024.7859,-1975.2140999999829,2.7959,3339.781548613412,3367.480369500744,3356.2023607600167
169181786,81,tess2024196212429-s0081-0000000169181786-0276-s_lc.fits,30.99660733,2455024.7859,-1975.2140999999829,2.7959,3506.554702058773,3533.179870511704,3511.185397410017
169181786,82,tess2024223182411-s0082-0000000169181786-0278-s_lc.fits,30.99660733,2455024.7859,-1975.2140999999829,2.7959,3533.395147552353,3559.248912852286,3542.182004740017
169226822,9,tess2019058134432-s0009-0000000169226822-0139-s_lc.fits,4.17806203,2456776.62124,-223.37876000022516,4.35288,1543.619996183201,1568.480769895019,1543.941478689775
169226822,35,tess2021039152502-s0035-0000000169226822-0205-s_lc.fits,4.17806203,2456776.62124,-223.37876000022516,4.35288,2255.422056795924,2279.985004322823,2258.3900858197753
169226822,46,tess2021336043614-s0046-0000000169226822-0217-s_lc.fits,4.17806203,2456776.62124,-223.37876000022516,4.35288,2551.565112338016,2578.703823385982,2555.032489949775
169226822,62,tess2023043185947-s0062-0000000169226822-0254-s_lc.fits,4.17806203,2456776.62124,-223.37876000022516,4.35288,2988.445432192307,3014.158258635825,2989.550941069775
169226822,72,tess2023315124025-s0072-0000000169226822-0267-s_lc.fits,4.17806203,2456776.62124,-223.37876000022516,4.35288,3260.180749935729,3285.573455018036,3261.124973019775
169226822,89,tess2025042113628-s0089-0000000169226822-0286-s_lc.fits,4.17806203,2456776.62124,-223.37876000022516,4.35288,3718.143198226107,3746.950469832766,3720.711796319775
169249234,45,tess2021310001228-s0045-0000000169249234-0216-s_lc.fits,7.18585,2458550.155,1550.154999999795,4.2542613,2525.504358623045,2550.624795348789,2527.430599999795
169249234,46,tess2021336043614-s0046-0000000169249234-0217-s_lc.fits,7.18585,2458550.155,1550.154999999795,4.2542613,2551.565153986107,2578.703876611999,2556.1739999997953
169249234,62,tess2023043185947-s0062-0000000169249234-0254-s_lc.fits,7.18585,2458550.155,1550.154999999795,4.2542613,2988.445478418968,3014.158287800191,2994.510849999795
169249234,72,tess2023315124025-s0072-0000000169249234-0267-s_lc.fits,7.18585,2458550.155,1550.154999999795,4.2542613,3260.180775044652,3285.573498543091,3260.3872999997952
169249234,89,tess2025042113628-s0089-0000000169249234-0286-s_lc.fits,7.18585,2458550.155,1550.154999999795,4.2542613,3718.143244665575,3746.950496914696,3720.2816999997954
169462917,54,tess2022190063128-s0054-0000000169462917-0227-s_lc.fits,4.60358,2455004.83893,-1995.1610699999146,2.3499,2769.901099176042,2796.131965453419,2774.147810000085
169462917,55,tess2022217014003-s0055-0000000169462917-0242-s_lc.fits,4.60358,2455004.83893,-1995.1610699999146,2.3499,2797.102799669998,2824.266408621759,2797.1657100000857
169462917,74,tess2024003055635-s0074-0000000169462917-0269-s_lc.fits,4.60358,2455004.83893,-1995.1610699999146,2.3499,3312.861239971038,3339.566353608918,3317.3702500000854
169462917,75,tess2024030031500-s0075-0000000169462917-0270-s_lc.fits,4.60358,2455004.83893,-1995.1610699999146,2.3499,3339.781630189306,3367.480424229169,3340.3881500000853
169462917,81,tess2024196212429-s0081-0000000169462917-0276-s_lc.fits,4.60358,2455004.83893,-1995.1610699999146,2.3499,3506.554609879258,3533.179792786084,3510.720610000086
169462917,82,tess2024223182411-s0082-0000000169462917-0278-s_lc.fits,4.60358,2455004.83893,-1995.1610699999146,2.3499,3533.395069986686,3559.248864218621,3533.7385100000856
169560572,75,tess2024030031500-s0075-0000000169560572-0270-s_lc.fits,13.02680016,2454972.14777,-2027.852229999844,0.785,3339.781521033458,3367.480337571281,3352.216236080156
169560572,81,tess2024196212429-s0081-0000000169560572-0276-s_lc.fits,13.02680016,2454972.14777,-2027.852229999844,0.785,3506.554724193051,3533.179900598779,3508.5378380001566
169560572,82,tess2024223182411-s0082-0000000169560572-0278-s_lc.fits,13.02680016,2454972.14777,-2027.852229999844,0.785,3533.395177685993,3559.2489449126,3534.591438320156
169561256,75,tess2024030031500-s0075-0000000169561256-0270-s_lc.fits,5.1856142,2454965.32089,-2034.67910999991,4.076,3339.7815105619,3367.48033381386,3342.8028154000895
169765334,29,tess2020238165205-s0029-0000000169765334-0193-s_lc.fits,5.70439,2459090.7955,2090.7955000000075,4.2082686,2088.24470669952,2114.43906828327,2090.7955000000075
169765334,42,tess2021232031932-s0042-0000000169765334-0213-s_lc.fits,5.70439,2459090.7955,2090.7955000000075,4.2082686,2447.695787291965,2473.165407729165,2450.1720700000074
169765334,69,tess2023237165326-s0069-0000000169765334-0264-s_lc.fits,5.70439,2459090.7955,2090.7955000000075,4.2082686,3182.3594485136,3208.144175193223,3186.0383800000072
169765334,70,tess2023263165758-s0070-0000000169765334-0265-s_lc.fits,5.70439,2459090.7955,2090.7955000000075,4.2082686,3208.373339009532,3233.815343781685,3208.8559400000076
169765334,96,tess2025232030459-s0096-0000000169765334-0293-s_lc.fits,5.70439,2459090.7955,2090.7955000000075,4.2082686,3907.77938415892,3933.436553156438,3910.4959100000074
169931288,75,tess2024030031500-s0075-0000000169931288-0270-s_lc.fits,4.14787559,2454968.53534,-2031.464660000056,3.674,3339.781526086349,3367.480328916035,3340.034229049944
170236331,74,tess2024003055635-s0074-0000000170236331-0269-s_lc.fits,150.878,2455039.69263,-1960.3073700000532,8.6405,3312.861160908736,3339.566258211917,3320.4226299999464
170346081,74,tess2024003055635-s0074-0000000170346081-0269-s_lc.fits,20.7056504,2454972.9846,-2027.0153999999166,9.029,3312.861172322094,3339.566263013117,3315.0424032000838
170346081,75,tess2024030031500-s0075-0000000170346081-0270-s_lc.fits,20.7056504,2454972.9846,-2027.0153999999166,9.029,3339.781539737908,3367.48033082804,3356.4537040000832
170346081,81,tess2024196212429-s0081-0000000170346081-0276-s_lc.fits,20.7056504,2454972.9846,-2027.0153999999166,9.029,3506.554690231442,3533.179888423366,3522.098907200083
170346081,82,tess2024223182411-s0082-0000000170346081-0278-s_lc.fits,20.7056504,2454972.9846,-2027.0153999999166,9.029,3533.39516569149,3559.248956365772,3542.804557600083
170346220,75,tess2024030031500-s0075-0000000170346220-0270-s_lc.fits,52.60969925,2454991.6253,-2008.374700000044,8.202,3339.781537997266,3367.480330887179,3357.814623499956
170346220,81,tess2024196212429-s0081-0000000170346220-0276-s_lc.fits,52.60969925,2454991.6253,-2008.374700000044,8.202,3506.554693012371,3533.179889721397,3515.643721249956
171098231,75,tess2024030031500-s0075-0000000171098231-0270-s_lc.fits,28.8432647,2454976.82205,-2023.1779499999247,3.1,3339.781561199306,3367.48032360703,3341.669284200075
171883078,41,tess2021204101404-s0041-0000000171883078-0212-s_lc.fits,6.99205,2454971.051,-2028.9490000000224,4.842,2419.991803801787,2446.582120773467,2424.9868499999775
171883078,74,tess2024003055635-s0074-0000000171883078-0269-s_lc.fits,6.99205,2454971.051,-2028.9490000000224,4.842,3312.861257420763,3339.566309373657,3312.9771999999775
171883078,75,tess2024030031500-s0075-0000000171883078-0270-s_lc.fits,6.99205,2454971.051,-2028.9490000000224,4.842,3339.781585713346,3367.480325902508,3340.945399999978
171883078,81,tess2024196212429-s0081-0000000171883078-0276-s_lc.fits,6.99205,2454971.051,-2028.9490000000224,4.842,3506.554614527257,3533.179855118106,3508.7545999999775
171883078,82,tess2024223182411-s0082-0000000171883078-0278-s_lc.fits,6.99205,2454971.051,-2028.9490000000224,4.842,3533.395132744091,3559.248970896034,3536.7227999999777
171974763,41,tess2021204101404-s0041-0000000171974763-0212-s_lc.fits,3.040330424,2455002.94901,-1997.0509899999015,1.8394,2419.991833121452,2446.582149888706,2420.5491160720985
171974763,54,tess2022190063128-s0054-0000000171974763-0227-s_lc.fits,3.040330424,2455002.94901,-1997.0509899999015,1.8394,2769.90111676174,2796.132044348083,2770.187114832099
171974763,55,tess2022217014003-s0055-0000000171974763-0242-s_lc.fits,3.040330424,2455002.94901,-1997.0509899999015,1.8394,2797.102880777949,2824.266535985243,2797.5500886480986
172370679,15,tess2019226182529-s0015-0000000172370679-0151-s_lc.fits,29.090312,2458711.95917,1711.959170000162,4.7,1711.36729333963,1737.412682125495,1711.959170000162
172370679,41,tess2021204101404-s0041-0000000172370679-0212-s_lc.fits,29.090312,2458711.95917,1711.959170000162,4.7,2419.991893574299,2446.582203070718,2439.216970000162
172370679,54,tess2022190063128-s0054-0000000172370679-0227-s_lc.fits,29.090312,2458711.95917,1711.959170000162,4.7,2769.901176039723,2796.132103347601,2788.300714000162
172370679,55,tess2022217014003-s0055-0000000172370679-0242-s_lc.fits,29.090312,2458711.95917,1711.959170000162,4.7,2797.102939606337,2824.26658213088,2817.391026000162
172370679,75,tess2024030031500-s0075-0000000172370679-0270-s_lc.fits,29.090312,2458711.95917,1711.959170000162,4.7,3339.781498135263,3367.480252118709,3341.016642000162
172370679,81,tess2024196212429-s0081-0000000172370679-0276-s_lc.fits,29.090312,2458711.95917,1711.959170000162,4.7,3506.554703233171,3533.179942657073,3515.558514000162
172370679,82,tess2024223182411-s0082-0000000172370679-0278-s_lc.fits,29.090312,2458711.95917,1711.959170000162,4.7,3533.395220223686,3559.249040431837,3544.648826000162
172422725,74,tess2024003055635-s0074-0000000172422725-0269-s_lc.fits,14.00947528,2454965.97208,-2034.0279199997894,3.405,3312.861240719356,3339.566276338714,3317.591636960211
172422725,75,tess2024030031500-s0075-0000000172422725-0270-s_lc.fits,14.00947528,2454965.97208,-2034.0279199997894,3.405,3339.781552578518,3367.480283422091,3345.61058752021
172422725,81,tess2024196212429-s0081-0000000172422725-0276-s_lc.fits,14.00947528,2454965.97208,-2034.0279199997894,3.405,3506.554638368416,3533.179892458321,3513.724290880211
172422725,82,tess2024223182411-s0082-0000000172422725-0278-s_lc.fits,14.00947528,2454965.97208,-2034.0279199997894,3.405,3533.395170170686,3559.249014229775,3541.743241440211
172598832,33,tess2020351194500-s0033-0000000172598832-0203-s_lc.fits,3.2642736,2456962.676,-37.32400000002235,5.3304,2201.735455429017,2227.575872474718,2201.967689599978
172598832,87,tess2024353092137-s0087-0000000172598832-0284-s_lc.fits,3.2642736,2456962.676,-37.32400000002235,5.3304,3663.048185358069,3689.9413637318,3664.3622623999777
175233369,72,tess2023315124025-s0072-0000000175233369-0267-s_lc.fits,11.7195663,2457149.09616,149.09616000019014,4.872,3260.184223846031,3285.586514448596,3266.50079580019
175261852,72,tess2023315124025-s0072-0000000175261852-0267-s_lc.fits,2.6446,2458204.5902,1204.590199999977,1.32,3260.184203706879,3285.586498101556,3262.0889999999767
175265494,72,tess2023315124025-s0072-0000000175265494-0267-s_lc.fits,14.6762429,2457152.68499,152.68498999997973,3.336,3260.184171645517,3285.586472142104,3264.0484847999796
176868951,36,tess2021065132309-s0036-0000000176868951-0207-s_lc.fits,0.3693038,2457582.936,582.9360000002198,1.0027781,2280.908327427484,2305.994780736185,2280.9948724002197
176868951,46,tess2021336043614-s0046-0000000176868951-0217-s_lc.fits,0.3693038,2457582.936,582.9360000002198,1.0027781,2551.562940667859,2578.701675816838,2551.6945578002196
176868951,63,tess2023069172124-s0063-0000000176868951-0255-s_lc.fits,0.3693038,2457582.936,582.9360000002198,1.0027781,3014.552555882314,3040.366641416303,3014.8015230002197
176868951,91,tess2025099153000-s0091-0000000176868951-0288-s_lc.fits,0.3693038,2457582.936,582.9360000002198,1.0027781,3775.296303695508,3802.747903487927,3775.56735100022
176869982,36,tess2021065132309-s0036-0000000176869982-0207-s_lc.fits,7.17256,2457588.1042,588.1041999999434,2.8,2280.908334622416,2305.994784745528,2288.000919999943
176869982,46,tess2021336043614-s0046-0000000176869982-0217-s_lc.fits,7.17256,2457588.1042,588.1041999999434,2.8,2551.562946017609,2578.701684098886,2553.385639999943
176869982,91,tess2025099153000-s0091-0000000176869982-0288-s_lc.fits,7.17256,2457588.1042,588.1041999999434,2.8,3775.296306388427,3802.747901805958,3779.893399999943
176938958,36,tess2021065132309-s0036-0000000176938958-0207-s_lc.fits,3.27109,2457620.0082,620.0082000000402,2.3232,2280.908308835957,2305.994793743036,2281.72192000004
176938958,46,tess2021336043614-s0046-0000000176938958-0217-s_lc.fits,3.27109,2457620.0082,620.0082000000402,2.3232,2551.562872451507,2578.701603824119,2553.2223900000404
176938958,91,tess2025099153000-s0091-0000000176938958-0288-s_lc.fits,3.27109,2457620.0082,620.0082000000402,2.3232,3775.296327630498,3802.747956720928,3776.6100500000402
178289267,31,tess2020294194027-s0031-0000000178289267-0198-s_lc.fits,2.350621,2457778.49589,778.4958899999037,2.48856,2144.518193906538,2169.949130049021,2146.5573119999035
179317684,9,tess2019058134432-s0009-0000000179317684-0139-s_lc.fits,4.231306,2458328.8797,1328.8796999999322,4.93,1543.295838755444,1568.475216955796,1544.676305999932
179317684,10,tess2019085135100-s0010-0000000179317684-0140-s_lc.fits,4.231306,2458328.8797,1328.8796999999322,4.93,1569.436335258516,1595.681053600109,1570.0641419999322
179317684,11,tess2019112060037-s0011-0000000179317684-0143-s_lc.fits,4.231306,2458328.8797,1328.8796999999322,4.93,1596.776895636049,1623.892450514828,1599.6832839999322
179317684,12,tess2019140104343-s0012-0000000179317684-0144-s_lc.fits,4.231306,2458328.8797,1328.8796999999322,4.93,1624.968846687669,1652.892669460333,1625.0711199999323
179317684,13,tess2019169103026-s0013-0000000179317684-0146-s_lc.fits,4.231306,2458328.8797,1328.8796999999322,4.93,1653.920450273796,1682.358035909947,1654.6902619999323
179317684,27,tess2020186164531-s0027-0000000179317684-0189-s_lc.fits,4.231306,2458328.8797,1328.8796999999322,4.93,2036.278693576461,2060.64258710769,2039.7391079999322
179317684,28,tess2020212050318-s0028-0000000179317684-0190-s_lc.fits,4.231306,2458328.8797,1328.8796999999322,4.93,2061.850919128594,2087.098028084725,2065.1269439999323
179317684,29,tess2020238165205-s0029-0000000179317684-0193-s_lc.fits,4.231306,2458328.8797,1328.8796999999322,4.93,2088.239688382812,2114.43390787683,2090.514779999932
179317684,30,tess2020266004630-s0030-0000000179317684-0195-s_lc.fits,4.231306,2458328.8797,1328.8796999999322,4.93,2115.885283103144,2143.222477389763,2115.902615999932
179317684,31,tess2020294194027-s0031-0000000179317684-0198-s_lc.fits,4.231306,2458328.8797,1328.8796999999322,4.93,2144.514131402907,2169.944400228952,2145.521757999932
179317684,32,tess2020324010417-s0032-0000000179317684-0200-s_lc.fits,4.231306,2458328.8797,1328.8796999999322,4.93,2174.227690306462,2200.224683574834,2175.140899999932
179317684,33,tess2020351194500-s0033-0000000179317684-0203-s_lc.fits,4.231306,2458328.8797,1328.8796999999322,4.93,2201.731620648262,2227.571785927319,2204.760041999932
179317684,34,tess2021014023720-s0034-0000000179317684-0204-s_lc.fits,4.231306,2458328.8797,1328.8796999999322,4.93,2228.766230358461,2254.064862674593,2230.1478779999325
179317684,35,tess2021039152502-s0035-0000000179317684-0205-s_lc.fits,4.231306,2458328.8797,1328.8796999999322,4.93,2255.219035403072,2279.978895793154,2255.5357139999323
179317684,36,tess2021065132309-s0036-0000000179317684-0207-s_lc.fits,4.231306,2458328.8797,1328.8796999999322,4.93,2280.902515198063,2305.988851715101,2280.923549999932
179317684,37,tess2021091135823-s0037-0000000179317684-0208-s_lc.fits,4.231306,2458328.8797,1328.8796999999322,4.93,2307.256922802034,2332.57940853992,2310.5426919999322
179317684,38,tess2021118034608-s0038-0000000179317684-0209-s_lc.fits,4.231306,2458328.8797,1328.8796999999322,4.93,2333.854423846293,2360.551902481762,2335.930527999932
179317684,39,tess2021146024351-s0039-0000000179317684-0210-s_lc.fits,4.231306,2458328.8797,1328.8796999999322,4.93,2361.771359985627,2389.718764208661,2365.549669999932
179317684,61,tess2023018032328-s0061-0000000179317684-0250-s_lc.fits,4.231306,2458328.8797,1328.8796999999322,4.93,2962.797840418963,2988.211768991303,2966.395121999932
179317684,62,tess2023043185947-s0062-0000000179317684-0254-s_lc.fits,4.231306,2458328.8797,1328.8796999999322,4.93,2988.439548739585,3014.149427655646,2991.7829579999325
179317684,63,tess2023069172124-s0063-0000000179317684-0255-s_lc.fits,4.231306,2458328.8797,1328.8796999999322,4.93,3014.367485686184,3040.899677195205,3017.1707939999324
179317684,64,tess2023096110322-s0064-0000000179317684-0257-s_lc.fits,4.231306,2458328.8797,1328.8796999999322,4.93,3041.113568473616,3068.031905573657,3042.5586299999322
179317684,65,tess2023124020739-s0065-0000000179317684-0259-s_lc.fits,4.231306,2458328.8797,1328.8796999999322,4.93,3068.738858612504,3096.629394298586,3072.1777719999322
179317684,66,tess2023153011303-s0066-0000000179317684-0260-s_lc.fits,4.231306,2458328.8797,1328.8796999999322,4.93,3097.673849568672,3126.428180987168,3101.7969139999323
179317684,68,tess2023209231226-s0068-0000000179317684-0262-s_lc.fits,4.231306,2458328.8797,1328.8796999999322,4.93,3154.615707631852,3182.126706320012,3156.803891999932
179317684,69,tess2023237165326-s0069-0000000179317684-0264-s_lc.fits,4.231306,2458328.8797,1328.8796999999322,4.93,3182.362816935261,3208.138989811875,3186.423033999932
179317684,87,tess2024353092137-s0087-0000000179317684-0284-s_lc.fits,4.231306,2458328.8797,1328.8796999999322,4.93,3663.040218881763,3689.937329753719,3664.560611999932
179317684,89,tess2025042113628-s0089-0000000179317684-0286-s_lc.fits,4.231306,2458328.8797,1328.8796999999322,4.93,3718.137364231736,3746.944487813986,3719.5675899999324
179317684,90,tess2025071122000-s0090-0000000179317684-0287-s_lc.fits,4.231306,2458328.8797,1328.8796999999322,4.93,3747.158378681613,3775.076701454522,3749.1867319999324
179317684,93,tess2025154050500-s0093-0000000179317684-0290-s_lc.fits,4.231306,2458328.8797,1328.8796999999322,4.93,3829.871681230024,3856.049608973183,3833.8128519999323
179317684,95,tess2025206162959-s0095-0000000179317684-0292-s_lc.fits,4.231306,2458328.8797,1328.8796999999322,4.93,3882.349642212606,3907.544000800957,3884.588523999932
179317684,96,tess2025232030459-s0096-0000000179317684-0293-s_lc.fits,4.231306,2458328.8797,1328.8796999999322,4.93,3907.774554666515,3933.434081968539,3909.9763599999324
179317684,97,tess2025258001959-s0097-0000000179317684-0294-s_lc.fits,4.231306,2458328.8797,1328.8796999999322,4.93,3933.660468275484,3988.284863833855,3935.3641959999322
179317684,98,tess2025312202959-s0098-0000000179317684-0298-s_lc.fits,4.231306,2458328.8797,1328.8796999999322,4.93,3988.500139029555,4045.898296013818,3990.371173999932
183120439,13,tess2019169103026-s0013-0000000183120439-0146-s_lc.fits,2.2554477,2458327.44174,1327.4417400001548,1.7064,1653.921674100281,1682.359653905848,1654.4816565001547
183120439,27,tess2020186164531-s0027-0000000183120439-0189-s_lc.fits,2.2554477,2458327.44174,1327.4417400001548,1.7064,2036.280192156086,2060.644262455483,2037.9077655001547
183120439,28,tess2020212050318-s0028-0000000183120439-0190-s_lc.fits,2.2554477,2458327.44174,1327.4417400001548,1.7064,2061.852597302274,2087.099578557665,2062.7176902001547
183120439,67,tess2023181235917-s0067-0000000183120439-0261-s_lc.fits,2.2554477,2458327.44174,1327.4417400001548,1.7064,3126.643501777296,3154.389607803494,3127.289004600155
183120439,68,tess2023209231226-s0068-0000000183120439-0262-s_lc.fits,2.2554477,2458327.44174,1327.4417400001548,1.7064,3154.621553996653,3182.12827376358,3156.6098247001546
183120439,95,tess2025206162959-s0095-0000000183120439-0292-s_lc.fits,2.2554477,2458327.44174,1327.4417400001548,1.7064,3882.534655715995,3907.544235006292,3882.8639841001545
183532609,2,tess2018234235059-s0002-0000000183532609-0121-s_lc.fits,8.15872,2458301.80945,1301.8094500000589,4.3968,1354.11233828721,1381.519270049561,1358.9204900000589
183532609,29,tess2020238165205-s0029-0000000183532609-0193-s_lc.fits,8.15872,2458301.80945,1301.8094500000589,4.3968,2088.244003582036,2114.4383181475,2093.205290000059
183532609,69,tess2023237165326-s0069-0000000183532609-0264-s_lc.fits,8.15872,2458301.80945,1301.8094500000589,4.3968,3182.358755131744,3208.143423653533,3186.4737700000587
183532609,96,tess2025232030459-s0096-0000000183532609-0293-s_lc.fits,8.15872,2458301.80945,1301.8094500000589,4.3968,3907.778715065444,3933.435797598042,3912.599850000059
183537452,2,tess2018234235059-s0002-0000000183537452-0121-s_lc.fits,3.92273,2457866.07613,866.0761299999431,2.64864,1354.112221084502,1381.518982684906,1356.417379999943
183537452,29,tess2020238165205-s0029-0000000183537452-0193-s_lc.fits,3.92273,2457866.07613,866.0761299999431,2.64864,2088.243863360247,2114.438019897965,2089.967889999943
183537452,69,tess2023237165326-s0069-0000000183537452-0264-s_lc.fits,3.92273,2457866.07613,866.0761299999431,2.64864,3182.358629931257,3208.143139257421,3184.409559999943
183537452,96,tess2025232030459-s0096-0000000183537452-0293-s_lc.fits,3.92273,2457866.07613,866.0761299999431,2.64864,3907.778624766783,3933.438318956807,3910.1146099999432
183985250,2,tess2018234235059-s0002-0000000183985250-0121-s_lc.fits,0.792052,2458354.2143,1354.2143000001088,0.3656119,1354.112287431457,1381.519122391674,1354.2143000001088
183985250,29,tess2020238165205-s0029-0000000183985250-0193-s_lc.fits,0.792052,2458354.2143,1354.2143000001088,0.3656119,2088.243939633703,2114.438163937246,2088.4465040001087
183985250,69,tess2023237165326-s0069-0000000183985250-0264-s_lc.fits,0.792052,2458354.2143,1354.2143000001088,0.3656119,3182.358699623987,3208.143277477798,3183.062368000109
183985250,96,tess2025232030459-s0096-0000000183985250-0293-s_lc.fits,0.792052,2458354.2143,1354.2143000001088,0.3656119,3907.778679009291,3933.435667596587,3907.789948000109
184009313,75,tess2024030031500-s0075-0000000184009313-0270-s_lc.fits,40.6069821,2455032.25779,-1967.742209999822,5.719,3339.781614453214,3367.480484474331,3351.7724451001786
184009313,81,tess2024196212429-s0081-0000000184009313-0276-s_lc.fits,40.6069821,2455032.25779,-1967.742209999822,5.719,3506.554674864387,3533.179787210954,3514.200373500178
184009313,82,tess2024223182411-s0082-0000000184009313-0278-s_lc.fits,40.6069821,2455032.25779,-1967.742209999822,5.719,3533.395063851133,3559.248790786165,3554.807355600178
184015844,74,tess2024003055635-s0074-0000000184015844-0269-s_lc.fits,7.31946363,2454970.21851,-2029.7814899999648,4.839,3312.860982270965,3339.566173545524,3313.4269599000354
184015844,75,tess2024030031500-s0075-0000000184015844-0270-s_lc.fits,7.31946363,2454970.21851,-2029.7814899999648,4.839,3339.78145054142,3367.480366833436,3342.7048144200353
184015844,81,tess2024196212429-s0081-0000000184015844-0276-s_lc.fits,7.31946363,2454970.21851,-2029.7814899999648,4.839,3506.554854741658,3533.179945359306,3511.052477910035
184015844,82,tess2024223182411-s0082-0000000184015844-0278-s_lc.fits,7.31946363,2454970.21851,-2029.7814899999648,4.839,3533.395221735921,3559.248897242854,3540.330332430036
184166357,74,tess2024003055635-s0074-0000000184166357-0269-s_lc.fits,28.2274184,2454974.49347,-2025.5065299998969,5.648,3312.861037589197,3339.5662190092,3337.7029660001035
184166357,75,tess2024030031500-s0075-0000000184166357-0270-s_lc.fits,28.2274184,2454974.49347,-2025.5065299998969,5.648,3339.781495866561,3367.48039145225,3365.9303844001033
184167421,41,tess2021204101404-s0041-0000000184167421-0212-s_lc.fits,20.09838,2455040.5759,-1959.4240999999456,5.105,2419.991969575856,2446.582139266787,2422.022740000054
184167421,54,tess2022190063128-s0054-0000000184167421-0227-s_lc.fits,20.09838,2455040.5759,-1959.4240999999456,5.105,2769.901328912366,2796.132123243445,2783.793580000054
184167421,55,tess2022217014003-s0055-0000000184167421-0242-s_lc.fits,20.09838,2455040.5759,-1959.4240999999456,5.105,2797.102954187123,2824.266456243076,2803.8919600000545
184167421,74,tess2024003055635-s0074-0000000184167421-0269-s_lc.fits,20.09838,2455040.5759,-1959.4240999999456,5.105,3312.861011114025,3339.566193549169,3326.449840000054
184167421,75,tess2024030031500-s0075-0000000184167421-0270-s_lc.fits,20.09838,2455040.5759,-1959.4240999999456,5.105,3339.781470445646,3367.480372951527,3346.5482200000542
184167421,81,tess2024196212429-s0081-0000000184167421-0276-s_lc.fits,20.09838,2455040.5759,-1959.4240999999456,5.105,3506.554827475327,3533.179928552659,3507.3352600000544
184167421,82,tess2024223182411-s0082-0000000184167421-0278-s_lc.fits,20.09838,2455040.5759,-1959.4240999999456,5.105,3533.395205022406,3559.248893892188,3547.532020000054
184296619,41,tess2021204101404-s0041-0000000184296619-0212-s_lc.fits,0.9867873,2454966.17036,-2033.8296400001273,1.1879,2419.991883863446,2446.582084802112,2420.528232199873
184296619,54,tess2022190063128-s0054-0000000184296619-0227-s_lc.fits,0.9867873,2454966.17036,-2033.8296400001273,1.1879,2769.901232278801,2796.132048253118,2770.837723699873
184296619,55,tess2022217014003-s0055-0000000184296619-0242-s_lc.fits,0.9867873,2454966.17036,-2033.8296400001273,1.1879,2797.102880255012,2824.266420252115,2797.4809807998727
184296619,81,tess2024196212429-s0081-0000000184296619-0276-s_lc.fits,0.9867873,2454966.17036,-2033.8296400001273,1.1879,3506.554733867164,3533.179860866928,3506.981049499873
184296619,82,tess2024223182411-s0082-0000000184296619-0278-s_lc.fits,0.9867873,2454966.17036,-2033.8296400001273,1.1879,3533.395137581846,3559.248864568799,3533.6243065998733
184298883,74,tess2024003055635-s0074-0000000184298883-0269-s_lc.fits,41.7083629,2454986.53949,-2013.4605100001208,8.401,3312.861049372989,3339.566215438276,3325.209941199879
184298883,75,tess2024030031500-s0075-0000000184298883-0270-s_lc.fits,41.7083629,2454986.53949,-2013.4605100001208,8.401,3339.781492169211,3367.480372636042,3366.9183040998787
184298883,82,tess2024223182411-s0082-0000000184298883-0278-s_lc.fits,41.7083629,2454986.53949,-2013.4605100001208,8.401,3533.3951888607,3559.248898410267,3533.751755699879
184417625,74,tess2024003055635-s0074-0000000184417625-0269-s_lc.fits,10.035385814,2454970.47131,-2029.5286900000647,3.4185,3312.861055641488,3339.566216946786,3319.3319488619354
184417625,75,tess2024030031500-s0075-0000000184417625-0270-s_lc.fits,10.035385814,2454970.47131,-2029.5286900000647,3.4185,3339.781493635112,3367.480368812962,3349.4381063039355
184417625,81,tess2024196212429-s0081-0000000184417625-0276-s_lc.fits,10.035385814,2454970.47131,-2029.5286900000647,3.4185,3506.554788191676,3533.179912238448,3510.0042793279354
184417625,82,tess2024223182411-s0082-0000000184417625-0278-s_lc.fits,10.035385814,2454970.47131,-2029.5286900000647,3.4185,3533.395188900747,3559.248903159546,3540.1104367699354
184427149,74,tess2024003055635-s0074-0000000184427149-0269-s_lc.fits,73.75039673,2455021.51889,-1978.4811100000516,13.234,3312.861227553714,3339.566375480097,3331.547454559949
184427149,82,tess2024223182411-s0082-0000000184427149-0278-s_lc.fits,73.75039673,2455021.51889,-1978.4811100000516,13.234,3533.395037751749,3559.248806841235,3552.798644749949
184554925,41,tess2021204101404-s0041-0000000184554925-0212-s_lc.fits,4.176255514,2454966.09034,-2033.9096599998884,3.7012,2419.991951143353,2446.5821525847,2422.1549734381115
184554925,54,tess2022190063128-s0054-0000000184554925-0227-s_lc.fits,4.176255514,2454966.09034,-2033.9096599998884,3.7012,2769.901293082058,2796.132117469478,2772.960436614112
184554925,55,tess2022217014003-s0055-0000000184554925-0242-s_lc.fits,4.176255514,2454966.09034,-2033.9096599998884,3.7012,2797.102949616658,2824.266483691481,2798.017969698112
184554925,74,tess2024003055635-s0074-0000000184554925-0269-s_lc.fits,4.176255514,2454966.09034,-2033.9096599998884,3.7012,3312.861049746915,3339.566201342243,3315.8736534341115
184554925,75,tess2024030031500-s0075-0000000184554925-0270-s_lc.fits,4.176255514,2454966.09034,-2033.9096599998884,3.7012,3339.781477966541,3367.480346658195,3340.9311865181116
184554925,81,tess2024196212429-s0081-0000000184554925-0276-s_lc.fits,4.176255514,2454966.09034,-2033.9096599998884,3.7012,3506.554798087444,3533.179930494932,3507.981407078112
184554925,82,tess2024223182411-s0082-0000000184554925-0278-s_lc.fits,4.176255514,2454966.09034,-2033.9096599998884,3.7012,3533.395207213808,3559.248926067986,3537.2151956761118
184556217,41,tess2021204101404-s0041-0000000184556217-0212-s_lc.fits,8.94340992,2454970.29881,-2029.7011899999343,2.469,2419.991920212035,2446.582125467846,2424.116950160066
184556217,75,tess2024030031500-s0075-0000000184556217-0270-s_lc.fits,8.94340992,2454970.29881,-2029.7011899999343,2.469,3339.781507711587,3367.480370382939,3345.288171920066
184998205,81,tess2024196212429-s0081-0000000184998205-0276-s_lc.fits,4.445879936,2454964.74309,-2035.2569099999964,2.3816,3506.554330715084,3533.179650067651,3508.7553701920033
187278212,91,tess2025099153000-s0091-0000000187278212-0288-s_lc.fits,6.00127,2458191.36145,1191.3614500002004,1.33,3775.296473018613,3802.753159378997,3777.9088200002
187960878,92,tess2025127075000-s0092-0000000187960878-0289-s_lc.fits,21.700156,2457314.3647,314.3646999998018,4.104,3802.986720175514,3829.64000316759,3808.089815999802
188507501,42,tess2021232031932-s0042-0000000188507501-0213-s_lc.fits,14.316941,2456982.29487,-17.705130000133067,3.84,2447.696142801684,2473.165193583324,2459.125662999867
188507501,92,tess2025127075000-s0092-0000000188507501-0289-s_lc.fits,14.316941,2456982.29487,-17.705130000133067,3.84,3802.975203087773,3829.634724913234,3804.918116999867
188570092,42,tess2021232031932-s0042-0000000188570092-0213-s_lc.fits,7.3279474,2458087.64782,1087.647820000071,3.08472,2447.696080086422,2473.165206646986,2450.6460364000714
188570092,92,tess2025127075000-s0092-0000000188570092-0289-s_lc.fits,7.3279474,2458087.64782,1087.647820000071,3.08472,3802.969498334111,3829.637327582605,3806.316305400071
188570092,96,tess2025232030459-s0096-0000000188570092-0293-s_lc.fits,7.3279474,2458087.64782,1087.647820000071,3.08472,3907.779703296671,3933.440540419638,3908.9075690000714
190496853,35,tess2021039152502-s0035-0000000190496853-0205-s_lc.fits,4.6615983,2459259.49383,2259.4938300000504,4.241,2254.992297672121,2279.982619977944,2259.4938300000504
190496853,62,tess2023043185947-s0062-0000000190496853-0254-s_lc.fits,4.6615983,2459259.49383,2259.4938300000504,4.241,2988.443401561011,3014.155858196824,2991.3647631000504
190496853,89,tess2025042113628-s0089-0000000190496853-0286-s_lc.fits,4.6615983,2459259.49383,2259.4938300000504,4.241,3718.141193629468,3746.942512197423,3718.57409790005
192826603,5,tess2018319095959-s0005-0000000192826603-0125-s_lc.fits,2.647298,2457720.6594,720.6593999997713,1.23,1437.990651944698,1464.275630934399,1438.0771579997713
192826603,6,tess2018349182500-s0006-0000000192826603-0126-s_lc.fits,2.647298,2457720.6594,720.6593999997713,1.23,1468.272850422673,1490.047523644881,1469.8447339997713
192826603,32,tess2020324010417-s0032-0000000192826603-0200-s_lc.fits,2.647298,2457720.6594,720.6593999997713,1.23,2174.230719787931,2200.226673706692,2176.673299999771
192826603,33,tess2020351194500-s0033-0000000192826603-0203-s_lc.fits,2.647298,2457720.6594,720.6593999997713,1.23,2201.734999844577,2227.574788190729,2203.1462799997717
192826603,87,tess2024353092137-s0087-0000000192826603-0284-s_lc.fits,2.647298,2457720.6594,720.6593999997713,1.23,3663.043559792281,3689.940259559418,3664.4547759997713
192826603,98,tess2025312202959-s0098-0000000192826603-0298-s_lc.fits,2.647298,2457720.6594,720.6593999997713,1.23,3988.502749601649,4045.901450013377,3990.0724299997714
194736418,18,tess2019306063752-s0018-0000000194736418-0162-s_lc.fits,5.8267311,2459883.058,2883.0580000001937,5.042,1790.660998041797,1815.019572922305,1793.4592843001938
194736418,86,tess2024326142117-s0086-0000000194736418-0283-s_lc.fits,5.8267311,2459883.058,2883.0580000001937,5.042,3636.265479804915,3662.831544039242,3640.5330430001936
194795551,66,tess2023153011303-s0066-0000000194795551-0260-s_lc.fits,2.0180231,2459371.653,2371.652999999933,2.12304,3097.678825275801,3126.433293276186,3098.141315999933
194795551,91,tess2025099153000-s0091-0000000194795551-0288-s_lc.fits,2.0180231,2459371.653,2371.652999999933,2.12304,3775.292554640317,3802.760078688258,3776.197077599933
194795551,92,tess2025127075000-s0092-0000000194795551-0289-s_lc.fits,2.0180231,2459371.653,2371.652999999933,2.12304,3802.975361003698,3829.647537304748,3804.449400999933
194795551,93,tess2025154050500-s0093-0000000194795551-0290-s_lc.fits,2.0180231,2459371.653,2371.652999999933,2.12304,3829.876711945953,3855.299198584707,3830.683701299933
195193025,72,tess2023315124025-s0072-0000000195193025-0267-s_lc.fits,10.1346454,2457140.74221,140.74220999982208,2.856,3260.184259759459,3285.586543452076,3262.212993199822
198108326,23,tess2020078014623-s0023-0000000198108326-0177-s_lc.fits,3.2130598,2454419.19556,-2580.8044400000945,2.3376,1928.108150124528,1954.878784474633,1930.3315191999054
198108326,49,tess2022057073128-s0049-0000000198108326-0221-s_lc.fits,3.2130598,2454419.19556,-2580.8044400000945,2.3376,2637.475515464096,2664.318981312261,2640.4177349999054
198108326,50,tess2022085151738-s0050-0000000198108326-0222-s_lc.fits,3.2130598,2454419.19556,-2580.8044400000945,2.3376,2665.274533111267,2691.513046947025,2666.1222133999054
198108326,76,tess2024058030222-s0076-0000000198108326-0271-s_lc.fits,3.2130598,2454419.19556,-2580.8044400000945,2.3376,3367.701549042363,3394.781125496947,3369.7823095999056
198108326,77,tess2024085201119-s0077-0000000198108326-0272-s_lc.fits,3.2130598,2454419.19556,-2580.8044400000945,2.3376,3395.489459116278,3423.552470792501,3398.699847799905
198241702,14,tess2019198215352-s0014-0000000198241702-0150-s_lc.fits,4.2529913,2458686.60586,1686.6058600000106,2.6216334,1683.352892084744,1710.203950225028,1686.6058600000106
198241702,15,tess2019226182529-s0015-0000000198241702-0151-s_lc.fits,4.2529913,2458686.60586,1686.6058600000106,2.6216334,1711.363661351799,1737.409303940877,1712.1238078000106
198241702,16,tess2019253231442-s0016-0000000198241702-0152-s_lc.fits,4.2529913,2458686.60586,1686.6058600000106,2.6216334,1738.650964803276,1763.31899481359,1741.8947469000107
198241702,17,tess2019279210107-s0017-0000000198241702-0161-s_lc.fits,4.2529913,2458686.60586,1686.6058600000106,2.6216334,1764.682893925215,1789.694142839386,1767.4126947000107
198241702,18,tess2019306063752-s0018-0000000198241702-0162-s_lc.fits,4.2529913,2458686.60586,1686.6058600000106,2.6216334,1790.655261398797,1815.01385876184,1792.9306425000107
198241702,19,tess2019331140908-s0019-0000000198241702-0164-s_lc.fits,4.2529913,2458686.60586,1686.6058600000106,2.6216334,1816.083317249937,1841.139223435746,1818.4485903000107
198241702,20,tess2019357164649-s0020-0000000198241702-0165-s_lc.fits,4.2529913,2458686.60586,1686.6058600000106,2.6216334,1842.503132266167,1868.822951380096,1843.9665381000107
198241702,21,tess2020020091053-s0021-0000000198241702-0167-s_lc.fits,4.2529913,2458686.60586,1686.6058600000106,2.6216334,1870.434082674514,1897.781605263989,1873.7374772000105
198241702,22,tess2020049080258-s0022-0000000198241702-0174-s_lc.fits,4.2529913,2458686.60586,1686.6058600000106,2.6216334,1899.31911655451,1926.494250158563,1903.5084163000106
198241702,23,tess2020078014623-s0023-0000000198241702-0177-s_lc.fits,4.2529913,2458686.60586,1686.6058600000106,2.6216334,1928.105362029179,1954.876134213338,1929.0263641000106
198241702,24,tess2020106103520-s0024-0000000198241702-0180-s_lc.fits,4.2529913,2458686.60586,1686.6058600000106,2.6216334,1955.795579149216,1982.28145926905,1958.7973032000104
198241702,25,tess2020133194932-s0025-0000000198241702-0182-s_lc.fits,4.2529913,2458686.60586,1686.6058600000106,2.6216334,1983.632819877936,2009.306093887991,1984.3152510000104
198241702,26,tess2020160202036-s0026-0000000198241702-0188-s_lc.fits,4.2529913,2458686.60586,1686.6058600000106,2.6216334,2010.267188737887,2035.134875503083,2014.0861901000105
198241702,40,tess2021175071901-s0040-0000000198241702-0211-s_lc.fits,4.2529913,2458686.60586,1686.6058600000106,2.6216334,2390.652916076333,2418.853897514176,2392.6024158000105
198241702,41,tess2021204101404-s0041-0000000198241702-0212-s_lc.fits,4.2529913,2458686.60586,1686.6058600000106,2.6216334,2419.98860030455,2446.578577349893,2422.373354900011
198241702,47,tess2021364111932-s0047-0000000198241702-0218-s_lc.fits,4.2529913,2458686.60586,1686.6058600000106,2.6216334,2579.814020714298,2606.94078643257,2583.9870243000105
198241702,48,tess2022027120115-s0048-0000000198241702-0219-s_lc.fits,4.2529913,2458686.60586,1686.6058600000106,2.6216334,2607.933851502848,2635.986900489171,2609.5049721000105
198241702,49,tess2022057073128-s0049-0000000198241702-0221-s_lc.fits,4.2529913,2458686.60586,1686.6058600000106,2.6216334,2637.473016834027,2664.316157187281,2639.2759112000103
198241702,50,tess2022085151738-s0050-0000000198241702-0222-s_lc.fits,4.2529913,2458686.60586,1686.6058600000106,2.6216334,2665.271710209251,2691.510497314959,2669.0468503000106
198241702,51,tess2022112184951-s0051-0000000198241702-0223-s_lc.fits,4.2529913,2458686.60586,1686.6058600000106,2.6216334,2692.954927094046,2717.535244431638,2694.5647981000106
198241702,52,tess2022138205153-s0052-0000000198241702-0224-s_lc.fits,4.2529913,2458686.60586,1686.6058600000106,2.6216334,2718.635222909255,2743.076558857244,2720.08274590001
198241702,53,tess2022164095748-s0053-0000000198241702-0226-s_lc.fits,4.2529913,2458686.60586,1686.6058600000106,2.6216334,2743.995987935659,2768.978949409171,2745.60069370001
198241702,54,tess2022190063128-s0054-0000000198241702-0227-s_lc.fits,4.2529913,2458686.60586,1686.6058600000106,2.6216334,2769.898384675842,2796.128587552621,2771.11864150001
198241702,55,tess2022217014003-s0055-0000000198241702-0242-s_lc.fits,4.2529913,2458686.60586,1686.6058600000106,2.6216334,2797.099405623315,2824.263045390096,2800.8895806000105
198241702,56,tess2022244194134-s0056-0000000198241702-0243-s_lc.fits,4.2529913,2458686.60586,1686.6058600000106,2.6216334,2825.25609063565,2853.13795788531,2826.4075284000105
198241702,57,tess2022273165103-s0057-0000000198241702-0245-s_lc.fits,4.2529913,2458686.60586,1686.6058600000106,2.6216334,2853.353235269923,2882.114468075616,2856.178467500011
198241702,58,tess2022302161335-s0058-0000000198241702-0247-s_lc.fits,4.2529913,2458686.60586,1686.6058600000106,2.6216334,2882.328358177444,2910.048090277284,2885.9494066000107
198241702,59,tess2022330142927-s0059-0000000198241702-0248-s_lc.fits,4.2529913,2458686.60586,1686.6058600000106,2.6216334,2910.263370611793,2936.687349731769,2911.4673544000107
198241702,60,tess2022357055054-s0060-0000000198241702-0249-s_lc.fits,4.2529913,2458686.60586,1686.6058600000106,2.6216334,2936.902630165826,2962.583552361209,2936.9853022000107
198241702,73,tess2023341045131-s0073-0000000198241702-0268-s_lc.fits,4.2529913,2458686.60586,1686.6058600000106,2.6216334,3285.79806275988,3312.649838253391,3289.9835801000104
198241702,74,tess2024003055635-s0074-0000000198241702-0269-s_lc.fits,4.2529913,2458686.60586,1686.6058600000106,2.6216334,3312.86372418284,3339.569640326685,3315.5015279000104
198241702,76,tess2024058030222-s0076-0000000198241702-0271-s_lc.fits,4.2529913,2458686.60586,1686.6058600000106,2.6216334,3367.699078666196,3394.778327194244,3370.7904148000107
198241702,77,tess2024085201119-s0077-0000000198241702-0272-s_lc.fits,4.2529913,2458686.60586,1686.6058600000106,2.6216334,3395.4866601691,3423.549980320954,3396.3083626000107
198241702,78,tess2024114025118-s0078-0000000198241702-0273-s_lc.fits,4.2529913,2458686.60586,1686.6058600000106,2.6216334,3434.27209091787,3452.323284016716,3434.5852843000102
198241702,79,tess2024142205832-s0079-0000000198241702-0274-s_lc.fits,4.2529913,2458686.60586,1686.6058600000106,2.6216334,3452.538558858188,3479.674288338073,3455.8502408000104
198241702,80,tess2024170053053-s0080-0000000198241702-0275-s_lc.fits,4.2529913,2458686.60586,1686.6058600000106,2.6216334,3479.888179955819,3506.336396774427,3481.3681886000104
198241702,81,tess2024196212429-s0081-0000000198241702-0276-s_lc.fits,4.2529913,2458686.60586,1686.6058600000106,2.6216334,3506.551672618195,3533.176331202809,3506.8861364000104
198241702,82,tess2024223182411-s0082-0000000198241702-0278-s_lc.fits,4.2529913,2458686.60586,1686.6058600000106,2.6216334,3533.391606503096,3559.24555844636,3536.6570755000103
198241702,83,tess2024249191853-s0083-0000000198241702-0280-s_lc.fits,4.2529913,2458686.60586,1686.6058600000106,2.6216334,3559.426112803014,3584.374664835853,3562.1750233000103
198241702,84,tess2024274222008-s0084-0000000198241702-0281-s_lc.fits,4.2529913,2458686.60586,1686.6058600000106,2.6216334,3584.588554231661,3610.340046542171,3587.6929711000103
198241702,85,tess2024300212641-s0085-0000000198241702-0282-s_lc.fits,4.2529913,2458686.60586,1686.6058600000106,2.6216334,3610.553937228894,3636.04446280194,3613.2109189000103
198241702,86,tess2024326142117-s0086-0000000198241702-0283-s_lc.fits,4.2529913,2458686.60586,1686.6058600000106,2.6216334,3636.259743604944,3662.826769194125,3638.7288667000103
198356533,14,tess2019198215352-s0014-0000000198356533-0150-s_lc.fits,18.840942,2459360.1652,2360.165200000163,4.65,1683.353691680704,1710.204551565823,1700.7322300001633
198356533,15,tess2019226182529-s0015-0000000198356533-0151-s_lc.fits,18.840942,2459360.1652,2360.165200000163,4.65,1711.364249851436,1737.409578495734,1719.5731720001631
198356533,16,tess2019253231442-s0016-0000000198356533-0152-s_lc.fits,18.840942,2459360.1652,2360.165200000163,4.65,1738.651222686322,1763.31890311976,1757.2550560001632
198356533,17,tess2019279210107-s0017-0000000198356533-0161-s_lc.fits,18.840942,2459360.1652,2360.165200000163,4.65,1764.682782987282,1789.693696253029,1776.0959980001633
198356533,18,tess2019306063752-s0018-0000000198356533-0162-s_lc.fits,18.840942,2459360.1652,2360.165200000163,4.65,1790.654802371728,1815.013155703634,1794.9369400001633
198356533,19,tess2019331140908-s0019-0000000198356533-0164-s_lc.fits,18.840942,2459360.1652,2360.165200000163,4.65,1816.08260582927,1841.138398216093,1832.6188240001632
198356533,20,tess2019357164649-s0020-0000000198356533-0165-s_lc.fits,18.840942,2459360.1652,2360.165200000163,4.65,1842.502305386934,1868.822183237857,1851.4597660001632
198356533,21,tess2020020091053-s0021-0000000198356533-0167-s_lc.fits,18.840942,2459360.1652,2360.165200000163,4.65,1870.433323443199,1897.781086085025,1889.1416500001633
198356533,22,tess2020049080258-s0022-0000000198356533-0174-s_lc.fits,18.840942,2459360.1652,2360.165200000163,4.65,1899.318614433632,1926.494105301698,1907.982592000163
198356533,23,tess2020078014623-s0023-0000000198356533-0177-s_lc.fits,18.840942,2459360.1652,2360.165200000163,4.65,1928.114962602485,1954.87639368259,1945.6644760001632
198356533,24,tess2020106103520-s0024-0000000198356533-0180-s_lc.fits,18.840942,2459360.1652,2360.165200000163,4.65,1955.795850858687,1982.282051252323,1964.5054180001632
198356533,25,tess2020133194932-s0025-0000000198356533-0182-s_lc.fits,18.840942,2459360.1652,2360.165200000163,4.65,1983.633437357428,2009.306902869407,2002.187302000163
198356533,26,tess2020160202036-s0026-0000000198356533-0188-s_lc.fits,18.840942,2459360.1652,2360.165200000163,4.65,2010.268001615054,2035.13572776466,2021.0282440001633
198356533,40,tess2021175071901-s0040-0000000198356533-0211-s_lc.fits,18.840942,2459360.1652,2360.165200000163,4.65,2390.653772272761,2418.854685831814,2397.8470840001632
198356533,41,tess2021204101404-s0041-0000000198356533-0212-s_lc.fits,18.840942,2459360.1652,2360.165200000163,4.65,2419.989370122315,2446.579119031594,2435.5289680001633
198356533,47,tess2021364111932-s0047-0000000198356533-0218-s_lc.fits,18.840942,2459360.1652,2360.165200000163,4.65,2579.81319547193,2606.940069712288,2586.256504000163
198356533,48,tess2022027120115-s0048-0000000198356533-0219-s_lc.fits,18.840942,2459360.1652,2360.165200000163,4.65,2607.933142363993,2635.986475532472,2623.9383880001633
198356533,49,tess2022057073128-s0049-0000000198356533-0221-s_lc.fits,18.840942,2459360.1652,2360.165200000163,4.65,2637.472610970459,2664.316120264415,2642.779330000163
198356533,50,tess2022085151738-s0050-0000000198356533-0222-s_lc.fits,18.840942,2459360.1652,2360.165200000163,4.65,2665.271687902493,2691.510842085734,2680.461214000163
198356533,51,tess2022112184951-s0051-0000000198356533-0223-s_lc.fits,18.840942,2459360.1652,2360.165200000163,4.65,2692.959458053596,2717.535886465387,2699.302156000163
198356533,52,tess2022138205153-s0052-0000000198356533-0224-s_lc.fits,18.840942,2459360.1652,2360.165200000163,4.65,2718.635887506277,2743.07738512897,2736.984040000163
198356533,53,tess2022164095748-s0053-0000000198356533-0226-s_lc.fits,18.840942,2459360.1652,2360.165200000163,4.65,2743.996818533756,2768.979799262667,2755.824982000163
198356533,54,tess2022190063128-s0054-0000000198356533-0227-s_lc.fits,18.840942,2459360.1652,2360.165200000163,4.65,2769.899220621791,2796.129282291849,2774.665924000163
198356533,55,tess2022217014003-s0055-0000000198356533-0242-s_lc.fits,18.840942,2459360.1652,2360.165200000163,4.65,2797.100093403043,2824.263442416955,2812.3478080001632
198356533,56,tess2022244194134-s0056-0000000198356533-0243-s_lc.fits,18.840942,2459360.1652,2360.165200000163,4.65,2825.256475271116,2853.137956787514,2831.188750000163
198356533,57,tess2022273165103-s0057-0000000198356533-0245-s_lc.fits,18.840942,2459360.1652,2360.165200000163,4.65,2853.353231431524,2882.114068115575,2868.870634000163
198356533,58,tess2022302161335-s0058-0000000198356533-0247-s_lc.fits,18.840942,2459360.1652,2360.165200000163,4.65,2882.327955421583,2910.04739829198,2887.7115760001634
198356533,59,tess2022330142927-s0059-0000000198356533-0248-s_lc.fits,18.840942,2459360.1652,2360.165200000163,4.65,2910.262677109539,2936.686530379227,2925.393460000163
198356533,60,tess2022357055054-s0060-0000000198356533-0249-s_lc.fits,18.840942,2459360.1652,2360.165200000163,4.65,2936.901810920149,2962.582779495301,2944.234402000163
198356533,73,tess2023341045131-s0073-0000000198356533-0268-s_lc.fits,18.840942,2459360.1652,2360.165200000163,4.65,3285.797303327369,3312.649020531904,3302.212300000163
198356533,74,tess2024003055635-s0074-0000000198356533-0269-s_lc.fits,18.840942,2459360.1652,2360.165200000163,4.65,3312.862906663838,3339.568944571227,3321.053242000163
198356533,75,tess2024030031500-s0075-0000000198356533-0270-s_lc.fits,18.840942,2459360.1652,2360.165200000163,4.65,3339.784225745374,3367.483381142806,3339.894184000163
198356533,76,tess2024058030222-s0076-0000000198356533-0271-s_lc.fits,18.840942,2459360.1652,2360.165200000163,4.65,3367.698663014849,3394.778282876895,3377.576068000163
198356533,77,tess2024085201119-s0077-0000000198356533-0272-s_lc.fits,18.840942,2459360.1652,2360.165200000163,4.65,3395.486637812712,3423.550349606197,3396.417010000163
198356533,79,tess2024142205832-s0079-0000000198356533-0274-s_lc.fits,18.840942,2459360.1652,2360.165200000163,4.65,3452.53925836572,3479.675139658046,3452.9398360001633
198356533,80,tess2024170053053-s0080-0000000198356533-0275-s_lc.fits,18.840942,2459360.1652,2360.165200000163,4.65,3479.889020207364,3506.337219147918,3490.621720000163
198356533,81,tess2024196212429-s0081-0000000198356533-0276-s_lc.fits,18.840942,2459360.1652,2360.165200000163,4.65,3506.552493671568,3533.176973206631,3509.462662000163
198356533,82,tess2024223182411-s0082-0000000198356533-0278-s_lc.fits,18.840942,2459360.1652,2360.165200000163,4.65,3533.392247383529,3559.245902480528,3547.1445460001632
198356533,83,tess2024249191853-s0083-0000000198356533-0280-s_lc.fits,18.840942,2459360.1652,2360.165200000163,4.65,3559.426454641443,3584.374657227297,3565.985488000163
198356533,84,tess2024274222008-s0084-0000000198356533-0281-s_lc.fits,18.840942,2459360.1652,2360.165200000163,4.65,3584.588543980292,3610.3396797357,3584.826430000163
198356533,86,tess2024326142117-s0086-0000000198356533-0283-s_lc.fits,18.840942,2459360.1652,2360.165200000163,4.65,3636.259091500503,3662.825963175437,3641.349256000163
198390247,14,tess2019198215352-s0014-0000000198390247-0150-s_lc.fits,4.3135225,2459392.90013,2392.9001299999654,1.998,1683.353733224734,1710.204637599914,1685.4824399999652
198390247,15,tess2019226182529-s0015-0000000198390247-0151-s_lc.fits,4.3135225,2459392.90013,2392.9001299999654,1.998,1711.364337647725,1737.409691966331,1715.6770974999654
198390247,16,tess2019253231442-s0016-0000000198390247-0152-s_lc.fits,4.3135225,2459392.90013,2392.9001299999654,1.998,1738.651336344902,1763.319019707757,1741.5582324999655
198390247,17,tess2019279210107-s0017-0000000198390247-0161-s_lc.fits,4.3135225,2459392.90013,2392.9001299999654,1.998,1764.682900025658,1789.69379393538,1767.4393674999653
198390247,19,tess2019331140908-s0019-0000000198390247-0164-s_lc.fits,4.3135225,2459392.90013,2392.9001299999654,1.998,1816.082663662073,1841.13840644101,1819.2016374999653
198390247,20,tess2019357164649-s0020-0000000198390247-0165-s_lc.fits,4.3135225,2459392.90013,2392.9001299999654,1.998,1842.502310984706,1868.822135337784,1845.0827724999654
198390247,21,tess2020020091053-s0021-0000000198390247-0167-s_lc.fits,4.3135225,2459392.90013,2392.9001299999654,1.998,1870.433272717783,1897.780991496441,1870.9639074999654
198390247,22,tess2020049080258-s0022-0000000198390247-0174-s_lc.fits,4.3135225,2459392.90013,2392.9001299999654,1.998,1899.318518159805,1926.493987712968,1901.1585649999654
198390247,23,tess2020078014623-s0023-0000000198390247-0177-s_lc.fits,4.3135225,2459392.90013,2392.9001299999654,1.998,1928.11484476905,1954.876281255657,1931.3532224999653
198390247,24,tess2020106103520-s0024-0000000198390247-0180-s_lc.fits,4.3135225,2459392.90013,2392.9001299999654,1.998,1955.795739207663,1982.281968445988,1957.2343574999654
198390247,25,tess2020133194932-s0025-0000000198390247-0182-s_lc.fits,4.3135225,2459392.90013,2392.9001299999654,1.998,1983.633356732483,2009.306866453763,1987.4290149999654
198390247,26,tess2020160202036-s0026-0000000198390247-0188-s_lc.fits,4.3135225,2459392.90013,2392.9001299999654,1.998,2010.267967173814,2035.135742568032,2013.3101499999655
198390247,40,tess2021175071901-s0040-0000000198390247-0211-s_lc.fits,4.3135225,2459392.90013,2392.9001299999654,1.998,2390.65376737121,2418.854735772066,2392.9001299999654
198390247,41,tess2021204101404-s0041-0000000198390247-0212-s_lc.fits,4.3135225,2459392.90013,2392.9001299999654,1.998,2419.989422259645,2446.579212086831,2423.0947874999656
198390247,47,tess2021364111932-s0047-0000000198390247-0218-s_lc.fits,4.3135225,2459392.90013,2392.9001299999654,1.998,2579.813186353292,2606.940007256719,2582.6951199999653
198390247,49,tess2022057073128-s0049-0000000198390247-0221-s_lc.fits,4.3135225,2459392.90013,2392.9001299999654,1.998,2637.472505726934,2664.316000771654,2638.7709124999656
198390247,50,tess2022085151738-s0050-0000000198390247-0222-s_lc.fits,4.3135225,2459392.90013,2392.9001299999654,1.998,2665.271568473295,2691.510733811569,2668.9655699999653
198390247,51,tess2022112184951-s0051-0000000198390247-0223-s_lc.fits,4.3135225,2459392.90013,2392.9001299999654,1.998,2692.959351225542,2717.535810284946,2694.8467049999654
198390247,52,tess2022138205153-s0052-0000000198390247-0224-s_lc.fits,4.3135225,2459392.90013,2392.9001299999654,1.998,2718.635813170088,2743.077354439446,2720.7278399999655
198390247,53,tess2022164095748-s0053-0000000198390247-0226-s_lc.fits,4.3135225,2459392.90013,2392.9001299999654,1.998,2743.996789725155,2768.979820160324,2746.6089749999655
198390247,54,tess2022190063128-s0054-0000000198390247-0227-s_lc.fits,4.3135225,2459392.90013,2392.9001299999654,1.998,2769.899243423827,2796.129352721794,2772.4901099999656
198390247,56,tess2022244194134-s0056-0000000198390247-0243-s_lc.fits,4.3135225,2459392.90013,2392.9001299999654,1.998,2825.25658235674,2853.138074525721,2828.5659024999654
198390247,57,tess2022273165103-s0057-0000000198390247-0245-s_lc.fits,4.3135225,2459392.90013,2392.9001299999654,1.998,2853.353349171536,2882.114168760462,2854.4470374999655
198390247,59,tess2022330142927-s0059-0000000198390247-0248-s_lc.fits,4.3135225,2459392.90013,2392.9001299999654,1.998,2910.262736932579,2936.686538401697,2910.5228299999653
198390247,60,tess2022357055054-s0060-0000000198390247-0249-s_lc.fits,4.3135225,2459392.90013,2392.9001299999654,1.998,2936.901818514736,2962.582734838064,2940.7174874999655
198390247,73,tess2023341045131-s0073-0000000198390247-0268-s_lc.fits,4.3135225,2459392.90013,2392.9001299999654,1.998,3285.797344032219,3312.64900645863,3285.7992874999654
198390247,74,tess2024003055635-s0074-0000000198390247-0269-s_lc.fits,4.3135225,2459392.90013,2392.9001299999654,1.998,3312.8628921614,3339.568878456565,3315.9939449999656
198390247,75,tess2024030031500-s0075-0000000198390247-0270-s_lc.fits,4.3135225,2459392.90013,2392.9001299999654,1.998,3339.784159266274,3367.483276310634,3341.8750799999652
198390247,76,tess2024058030222-s0076-0000000198390247-0271-s_lc.fits,4.3135225,2459392.90013,2392.9001299999654,1.998,3367.698557978805,3394.778163500433,3367.756214999966
198390247,77,tess2024085201119-s0077-0000000198390247-0272-s_lc.fits,4.3135225,2459392.90013,2392.9001299999654,1.998,3395.48651839696,3423.550242813184,3397.9508724999655
198390247,78,tess2024114025118-s0078-0000000198390247-0273-s_lc.fits,4.3135225,2459392.90013,2392.9001299999654,1.998,3434.272508045323,3452.32391209368,3436.7725749999654
198390247,79,tess2024142205832-s0079-0000000198390247-0274-s_lc.fits,4.3135225,2459392.90013,2392.9001299999654,1.998,3452.539189549247,3479.67512111,3454.0266649999658
198390247,80,tess2024170053053-s0080-0000000198390247-0275-s_lc.fits,4.3135225,2459392.90013,2392.9001299999654,1.998,3479.889002082488,3506.337253587121,3479.9077999999654
198390247,81,tess2024196212429-s0081-0000000198390247-0276-s_lc.fits,4.3135225,2459392.90013,2392.9001299999654,1.998,3506.552528516013,3533.177053896469,3510.1024574999656
198390247,82,tess2024223182411-s0082-0000000198390247-0278-s_lc.fits,4.3135225,2459392.90013,2392.9001299999654,1.998,3533.392327695312,3559.246011728888,3535.983592499965
198390247,83,tess2024249191853-s0083-0000000198390247-0280-s_lc.fits,4.3135225,2459392.90013,2392.9001299999654,1.998,3559.42656471897,3584.374775146996,3561.8647274999657
198390247,84,tess2024274222008-s0084-0000000198390247-0281-s_lc.fits,4.3135225,2459392.90013,2392.9001299999654,1.998,3584.588661861515,3610.339783004472,3587.7458624999654
198390247,85,tess2024300212641-s0085-0000000198390247-0282-s_lc.fits,4.3135225,2459392.90013,2392.9001299999654,1.998,3610.553670933899,3636.043880927999,3613.6269974999655
198390247,86,tess2024326142117-s0086-0000000198390247-0283-s_lc.fits,4.3135225,2459392.90013,2392.9001299999654,1.998,3636.25915942861,3662.825980525802,3639.5081324999655
198485881,14,tess2019198215352-s0014-0000000198485881-0150-s_lc.fits,35.189346,2459007.97949,2007.9794899998233,3.846,1683.350920946007,1710.202432872517,1691.2753759998232
198485881,20,tess2019357164649-s0020-0000000198485881-0165-s_lc.fits,35.189346,2459007.97949,2007.9794899998233,3.846,1842.505139348296,1868.824851024846,1867.2221059998233
198485881,40,tess2021175071901-s0040-0000000198485881-0211-s_lc.fits,35.189346,2459007.97949,2007.9794899998233,3.846,2390.650866518658,2418.851976692655,2395.062295999823
198485881,41,tess2021204101404-s0041-0000000198485881-0212-s_lc.fits,35.189346,2459007.97949,2007.9794899998233,3.846,2419.986694881506,2446.577200492108,2430.2516419998233
198485881,47,tess2021364111932-s0047-0000000198485881-0218-s_lc.fits,35.189346,2459007.97949,2007.9794899998233,3.846,2579.813255913464,2606.942570017588,2606.1983719998234
198485881,53,tess2022164095748-s0053-0000000198485881-0226-s_lc.fits,35.189346,2459007.97949,2007.9794899998233,3.846,2743.994016594879,2768.976897838749,2746.9557559998234
198485881,75,tess2024030031500-s0075-0000000198485881-0270-s_lc.fits,35.189346,2459007.97949,2007.9794899998233,3.846,3339.786667030299,3367.484862285393,3345.174637999823
199376584,14,tess2019198215352-s0014-0000000199376584-0150-s_lc.fits,18.712024,2458692.2582,1692.2582000000402,6.1681657,1683.356516622265,1710.20825931165,1692.2582000000402
199376584,15,tess2019226182529-s0015-0000000199376584-0151-s_lc.fits,18.712024,2458692.2582,1692.2582000000402,6.1681657,1711.367983719974,1737.413415211869,1729.6822480000403
199376584,41,tess2021204101404-s0041-0000000199376584-0212-s_lc.fits,18.712024,2458692.2582,1692.2582000000402,6.1681657,2419.992441274394,2446.58290752777,2422.02713600004
199376584,55,tess2022217014003-s0055-0000000199376584-0242-s_lc.fits,18.712024,2458692.2582,1692.2582000000402,6.1681657,2797.103585167591,2824.26732499206,2814.9796400000405
199376584,75,tess2024030031500-s0075-0000000199376584-0270-s_lc.fits,18.712024,2458692.2582,1692.2582000000402,6.1681657,3339.780893660812,3367.47952425659,3357.6283360000402
199376584,81,tess2024196212429-s0081-0000000199376584-0276-s_lc.fits,18.712024,2458692.2582,1692.2582000000402,6.1681657,3506.555180819127,3533.180621401954,3507.32452800004
199376584,82,tess2024223182411-s0082-0000000199376584-0278-s_lc.fits,18.712024,2458692.2582,1692.2582000000402,6.1681657,3533.395900665765,3559.249787579895,3544.74857600004
199444169,16,tess2019253231442-s0016-0000000199444169-0152-s_lc.fits,1.21687,2458739.72931,1739.7293099998496,1.1120799,1738.655611209066,1763.323551383597,1739.7293099998496
199444169,56,tess2022244194134-s0056-0000000199444169-0243-s_lc.fits,1.21687,2458739.72931,1739.7293099998496,1.1120799,2825.260537186277,2853.142595421326,2826.3942199998496
199444169,83,tess2024249191853-s0083-0000000199444169-0280-s_lc.fits,1.21687,2458739.72931,1739.7293099998496,1.1120799,3559.430651069822,3584.379305714386,3560.1668299998496
201248411,1,tess2018206045859-s0001-0000000201248411-0120-s_lc.fits,0.9809734,2458326.10418,1326.104179999791,0.78576,1325.297057024037,1353.180818864795,1326.104179999791
201248411,2,tess2018234235059-s0002-0000000201248411-0121-s_lc.fits,0.9809734,2458326.10418,1326.104179999791,0.78576,1354.11137437896,1381.517891054565,1354.552408599791
201248411,28,tess2020212050318-s0028-0000000201248411-0190-s_lc.fits,0.9809734,2458326.10418,1326.104179999791,0.78576,2061.853833827886,2087.101311681936,2062.8152033997912
201248411,29,tess2020238165205-s0029-0000000201248411-0193-s_lc.fits,0.9809734,2458326.10418,1326.104179999791,0.78576,2088.242979179681,2114.436924140002,2088.3205117997913
201248411,68,tess2023209231226-s0068-0000000201248411-0262-s_lc.fits,0.9809734,2458326.10418,1326.104179999791,0.78576,3154.615762658807,3182.139715263361,3154.638597599791
201248411,69,tess2023237165326-s0069-0000000201248411-0264-s_lc.fits,0.9809734,2458326.10418,1326.104179999791,0.78576,3182.357771501294,3208.142056716788,3183.086826199791
201248411,95,tess2025206162959-s0095-0000000201248411-0292-s_lc.fits,0.9809734,2458326.10418,1326.104179999791,0.78576,3882.556582791647,3907.545883307148,3883.5018337997913
201248411,96,tess2025232030459-s0096-0000000201248411-0293-s_lc.fits,0.9809734,2458326.10418,1326.104179999791,0.78576,3907.777827547764,3933.43726107294,3908.026168799791
201604954,13,tess2019169103026-s0013-0000000201604954-0146-s_lc.fits,4.6058749,2457031.95618,31.956180000212044,3.2112,1653.924725828703,1682.362175062709,1657.830019700212
201604954,67,tess2023181235917-s0067-0000000201604954-0261-s_lc.fits,4.6058749,2457031.95618,31.956180000212044,3.2112,3126.646448121705,3154.386238185855,3127.104112800212
201604954,94,tess2025180145000-s0094-0000000201604954-0291-s_lc.fits,4.6058749,2457031.95618,31.956180000212044,3.2112,3856.506779929471,3881.635572742851,3859.438221900212
202425357,48,tess2022027120115-s0048-0000000202425357-0219-s_lc.fits,3.62156552,2459621.28242,2621.2824200000614,2.223,2607.934671438823,2635.987984402214,2610.4177234400613
202425357,49,tess2022057073128-s0049-0000000202425357-0221-s_lc.fits,3.62156552,2459621.28242,2621.2824200000614,2.223,2637.474106250721,2664.317249128208,2639.3902476000612
202425357,50,tess2022085151738-s0050-0000000202425357-0222-s_lc.fits,3.62156552,2459621.28242,2621.2824200000614,2.223,2665.272797131144,2691.511356805201,2668.3627717600616
202425357,75,tess2024030031500-s0075-0000000202425357-0270-s_lc.fits,3.62156552,2459621.28242,2621.2824200000614,2.223,3339.785772910241,3367.484891302748,3341.9739584800614
202425357,76,tess2024058030222-s0076-0000000202425357-0271-s_lc.fits,3.62156552,2459621.28242,2621.2824200000614,2.223,3367.700171862381,3394.779422983173,3370.9464826400613
206241306,42,tess2021232031932-s0042-0000000206241306-0213-s_lc.fits,5.628466,2456979.46712,-20.53287999983877,8.208,2447.696159571544,2473.165081774789,2450.3636940001616
206241306,92,tess2025127075000-s0092-0000000206241306-0289-s_lc.fits,5.628466,2456979.46712,-20.53287999983877,8.208,3802.975501891562,3829.63502882521,3806.8240000001615
210083929,83,tess2024249191853-s0083-0000000210083929-0280-s_lc.fits,2.392679,2459849.63919,2849.6391900000162,2.42,3559.432196663617,3584.380446914181,3560.264853000016
211438925,2,tess2018234235059-s0002-0000000211438925-0121-s_lc.fits,4.89964477,2455715.66591,-1284.3340900000185,3.07,1354.112373261723,1381.519740010856,1356.5744410299817
211438925,29,tess2020238165205-s0029-0000000211438925-0193-s_lc.fits,4.89964477,2455715.66591,-1284.3340900000185,3.07,2088.244094844707,2114.438819254037,2091.5211565299815
211438925,69,tess2023237165326-s0069-0000000211438925-0264-s_lc.fits,4.89964477,2455715.66591,-1284.3340900000185,3.07,3182.35880956573,3208.143886931144,3184.1419402399815
212253390,27,tess2020186164531-s0027-0000000212253390-0189-s_lc.fits,3.092686757,2459038.1032,2038.1031999997795,2.0586,2036.283445814542,2060.647630144144,2038.1031999997795
212253390,67,tess2023181235917-s0067-0000000212253390-0261-s_lc.fits,3.092686757,2459038.1032,2038.1031999997795,2.0586,3126.646677819471,3154.401345528944,3126.7289384637797
212253390,92,tess2025127075000-s0092-0000000212253390-0289-s_lc.fits,3.092686757,2459038.1032,2038.1031999997795,2.0586,3802.983697397901,3829.645708465395,3804.0273382467794
212253390,95,tess2025206162959-s0095-0000000212253390-0292-s_lc.fits,3.092686757,2459038.1032,2038.1031999997795,2.0586,3882.422808133828,3907.547297693006,3884.4371939287794
218299312,80,tess2024170053053-s0080-0000000218299312-0275-s_lc.fits,3.7681,2454923.3093,-2076.690700000152,4.72001,3479.893579439726,3506.342139595894,3481.256799999848
219016883,74,tess2024003055635-s0074-0000000219016883-0269-s_lc.fits,4.872171,2459661.51574,2661.515740000177,2.584,3312.864728995424,3339.570740740376,3314.3866540001773
219016883,75,tess2024030031500-s0075-0000000219016883-0270-s_lc.fits,4.872171,2459661.51574,2661.515740000177,2.584,3339.786019632259,3367.484736659312,3343.619680000177
219016883,76,tess2024058030222-s0076-0000000219016883-0271-s_lc.fits,4.872171,2459661.51574,2661.515740000177,2.584,3367.700013550953,3394.778905566333,3367.980535000177
219344917,4,tess2018292075959-s0004-0000000219344917-0124-s_lc.fits,14.362565,2458417.0523,1417.0523000000976,4.032,1410.902058528343,1436.839780527929,1417.0523000000976
219344917,5,tess2018319095959-s0005-0000000219344917-0125-s_lc.fits,14.362565,2458417.0523,1417.0523000000976,4.032,1437.99116913835,1464.188244079632,1445.7774300000976
219344917,6,tess2018349182500-s0006-0000000219344917-0126-s_lc.fits,14.362565,2458417.0523,1417.0523000000976,4.032,1468.271529984961,1490.046106656258,1474.5025600000977
219344917,31,tess2020294194027-s0031-0000000219344917-0198-s_lc.fits,14.362565,2458417.0523,1417.0523000000976,4.032,2144.515671101284,2169.946407159705,2149.5431150000977
219344917,32,tess2020324010417-s0032-0000000219344917-0200-s_lc.fits,14.362565,2458417.0523,1417.0523000000976,4.032,2174.220016967774,2200.232286844184,2178.2682450000975
219344917,97,tess2025258001959-s0097-0000000219344917-0294-s_lc.fits,14.362565,2458417.0523,1417.0523000000976,4.032,3933.674706993232,3988.286742363881,3944.8637400000976
219344917,98,tess2025312202959-s0098-0000000219344917-0298-s_lc.fits,14.362565,2458417.0523,1417.0523000000976,4.032,3988.502020205272,4045.900048668693,4002.3140000000976
219698776,14,tess2019198215352-s0014-0000000219698776-0150-s_lc.fits,4.6594779,2459369.83103,2369.831030000001,0.9011821,1683.349611260413,1710.201477800101,1684.8877787000013
219698776,20,tess2019357164649-s0020-0000000219698776-0165-s_lc.fits,4.6594779,2459369.83103,2369.831030000001,0.9011821,1842.506531481098,1868.826116466812,1843.3100273000014
219698776,40,tess2021175071901-s0040-0000000219698776-0211-s_lc.fits,4.6594779,2459369.83103,2369.831030000001,0.9011821,2390.64945756791,2418.850710243108,2393.128419500001
219698776,47,tess2021364111932-s0047-0000000219698776-0218-s_lc.fits,4.6594779,2459369.83103,2369.831030000001,0.9011821,2579.821582307179,2606.943741489619,2584.167013400001
219698776,53,tess2022164095748-s0053-0000000219698776-0226-s_lc.fits,4.6594779,2459369.83103,2369.831030000001,0.9011821,2743.992637120257,2768.975512962922,2747.248739900001
219698776,60,tess2022357055054-s0060-0000000219698776-0249-s_lc.fits,4.6594779,2459369.83103,2369.831030000001,0.9011821,2936.905997049749,2962.586735365057,2938.2873338000013
219698776,74,tess2024003055635-s0074-0000000219698776-0269-s_lc.fits,4.6594779,2459369.83103,2369.831030000001,0.9011821,3312.867074480641,3339.572497014238,3315.705043700001
219850915,14,tess2019198215352-s0014-0000000219850915-0150-s_lc.fits,6.400316483,2459913.8083,2913.8083000001498,2.2098,1683.352686030148,1710.203993705627,1684.9475352641498
219850915,15,tess2019226182529-s0015-0000000219850915-0151-s_lc.fits,6.400316483,2459913.8083,2913.8083000001498,2.2098,1711.363716158174,1737.40959171579,1716.9491176791498
219850915,16,tess2019253231442-s0016-0000000219850915-0152-s_lc.fits,6.400316483,2459913.8083,2913.8083000001498,2.2098,1738.651263510984,1763.319460009848,1742.5503836111498
219850915,17,tess2019279210107-s0017-0000000219850915-0161-s_lc.fits,6.400316483,2459913.8083,2913.8083000001498,2.2098,1764.683367362522,1789.694695829161,1768.1516495431497
219850915,19,tess2019331140908-s0019-0000000219850915-0164-s_lc.fits,6.400316483,2459913.8083,2913.8083000001498,2.2098,1816.083843655615,1841.146565441828,1819.3541814071498
219850915,20,tess2019357164649-s0020-0000000219850915-0165-s_lc.fits,6.400316483,2459913.8083,2913.8083000001498,2.2098,1842.503521303653,1868.823120482548,1844.9554473391497
219850915,21,tess2020020091053-s0021-0000000219850915-0167-s_lc.fits,6.400316483,2459913.8083,2913.8083000001498,2.2098,1870.434237565071,1897.78149426326,1870.5567132711496
219850915,22,tess2020049080258-s0022-0000000219850915-0174-s_lc.fits,6.400316483,2459913.8083,2913.8083000001498,2.2098,1899.318991510204,1926.493888630094,1902.55829568615
219850915,23,tess2020078014623-s0023-0000000219850915-0177-s_lc.fits,6.400316483,2459913.8083,2913.8083000001498,2.2098,1928.104989658038,1954.875611442477,1928.1595616181498
219850915,24,tess2020106103520-s0024-0000000219850915-0180-s_lc.fits,6.400316483,2459913.8083,2913.8083000001498,2.2098,1955.795041711893,1982.280883515516,1960.1611440331499
219850915,25,tess2020133194932-s0025-0000000219850915-0182-s_lc.fits,6.400316483,2459913.8083,2913.8083000001498,2.2098,1983.632257830436,2009.305606569379,1985.7624099651498
219850915,26,tess2020160202036-s0026-0000000219850915-0188-s_lc.fits,6.400316483,2459913.8083,2913.8083000001498,2.2098,2010.266706845393,2035.134554393537,2011.3636758971497
219850915,40,tess2021175071901-s0040-0000000219850915-0211-s_lc.fits,6.400316483,2459913.8083,2913.8083000001498,2.2098,2390.652521859142,2418.853732169378,2395.3826648771496
219850915,41,tess2021204101404-s0041-0000000219850915-0212-s_lc.fits,6.400316483,2459913.8083,2913.8083000001498,2.2098,2419.988445931547,2446.578672853822,2420.9839308091496
219850915,47,tess2021364111932-s0047-0000000219850915-0218-s_lc.fits,6.400316483,2459913.8083,2913.8083000001498,2.2098,2579.814355713255,2606.940879833339,2580.9918428841497
219850915,49,tess2022057073128-s0049-0000000219850915-0221-s_lc.fits,6.400316483,2459913.8083,2913.8083000001498,2.2098,2637.472816366562,2664.315740600708,2638.5946912311497
219850915,50,tess2022085151738-s0050-0000000219850915-0222-s_lc.fits,6.400316483,2459913.8083,2913.8083000001498,2.2098,2665.271287682373,2691.509951528411,2670.5962736461497
219850915,51,tess2022112184951-s0051-0000000219850915-0223-s_lc.fits,6.400316483,2459913.8083,2913.8083000001498,2.2098,2692.954377855755,2717.534682357868,2696.1975395781496
219850915,52,tess2022138205153-s0052-0000000219850915-0224-s_lc.fits,6.400316483,2459913.8083,2913.8083000001498,2.2098,2718.634662632175,2743.076084566977,2721.7988055101496
219850915,53,tess2022164095748-s0053-0000000219850915-0226-s_lc.fits,6.400316483,2459913.8083,2913.8083000001498,2.2098,2743.995518540918,2768.978651443863,2747.40007144215
219850915,54,tess2022190063128-s0054-0000000219850915-0227-s_lc.fits,6.400316483,2459913.8083,2913.8083000001498,2.2098,2769.898094251395,2796.128532567103,2773.00133737415
219850915,56,tess2022244194134-s0056-0000000219850915-0243-s_lc.fits,6.400316483,2459913.8083,2913.8083000001498,2.2098,2825.256306771299,2853.138384544099,2830.60418572115
219850915,57,tess2022273165103-s0057-0000000219850915-0245-s_lc.fits,6.400316483,2459913.8083,2913.8083000001498,2.2098,2853.353663496699,2882.115010980812,2856.20545165315
219850915,58,tess2022302161335-s0058-0000000219850915-0247-s_lc.fits,6.400316483,2459913.8083,2913.8083000001498,2.2098,2882.328901253956,2910.048616492172,2888.20703406815
219850915,59,tess2022330142927-s0059-0000000219850915-0248-s_lc.fits,6.400316483,2459913.8083,2913.8083000001498,2.2098,2910.263896198387,2936.687743802767,2913.8083000001498
219850915,60,tess2022357055054-s0060-0000000219850915-0249-s_lc.fits,6.400316483,2459913.8083,2913.8083000001498,2.2098,2936.903022977003,2962.583735244324,2939.4095659321497
219850915,73,tess2023341045131-s0073-0000000219850915-0268-s_lc.fits,6.400316483,2459913.8083,2913.8083000001498,2.2098,3285.798548813115,3312.650151893032,3291.42697249715
219850915,74,tess2024003055635-s0074-0000000219850915-0269-s_lc.fits,6.400316483,2459913.8083,2913.8083000001498,2.2098,3312.864036079132,3339.569710993754,3317.02823842915
219850915,76,tess2024058030222-s0076-0000000219850915-0271-s_lc.fits,6.400316483,2459913.8083,2913.8083000001498,2.2098,3367.698866866791,3394.777897906163,3368.23077029315
219850915,77,tess2024085201119-s0077-0000000219850915-0272-s_lc.fits,6.400316483,2459913.8083,2913.8083000001498,2.2098,3395.486225671152,3423.549416945017,3400.23235270815
219850915,78,tess2024114025118-s0078-0000000219850915-0273-s_lc.fits,6.400316483,2459913.8083,2913.8083000001498,2.2098,3434.271523089521,3452.322727749595,3438.6342516061495
219850915,79,tess2024142205832-s0079-0000000219850915-0274-s_lc.fits,6.400316483,2459913.8083,2913.8083000001498,2.2098,3452.538002995791,3479.67384686081,3457.83520105515
219850915,80,tess2024170053053-s0080-0000000219850915-0275-s_lc.fits,6.400316483,2459913.8083,2913.8083000001498,2.2098,3479.887740378786,3506.336155553466,3483.4364669871497
219850915,81,tess2024196212429-s0081-0000000219850915-0276-s_lc.fits,6.400316483,2459913.8083,2913.8083000001498,2.2098,3506.551432449137,3533.176336907276,3509.0377329191497
219850915,82,tess2024223182411-s0082-0000000219850915-0278-s_lc.fits,6.400316483,2459913.8083,2913.8083000001498,2.2098,3533.391613936399,3559.245803019303,3534.6389988511496
219850915,83,tess2024249191853-s0083-0000000219850915-0280-s_lc.fits,6.400316483,2459913.8083,2913.8083000001498,2.2098,3559.426358847098,3584.375095060851,3560.2402647831495
219850915,84,tess2024274222008-s0084-0000000219850915-0281-s_lc.fits,6.400316483,2459913.8083,2913.8083000001498,2.2098,3584.588985828254,3610.34058416281,3585.84153071515
219850915,85,tess2024300212641-s0085-0000000219850915-0282-s_lc.fits,6.400316483,2459913.8083,2913.8083000001498,2.2098,3610.554474943462,3636.044999866481,3611.44279664715
219850915,86,tess2024326142117-s0086-0000000219850915-0283-s_lc.fits,6.400316483,2459913.8083,2913.8083000001498,2.2098,3636.260280068702,3662.827191079908,3637.04406257915
219852882,14,tess2019198215352-s0014-0000000219852882-0150-s_lc.fits,1.7622538,2459978.0239,2978.023899999913,0.8779711,1683.352747435214,1710.204034561584,1684.5296107999127
219852882,15,tess2019226182529-s0015-0000000219852882-0151-s_lc.fits,1.7622538,2459978.0239,2978.023899999913,0.8779711,1711.363755850676,1737.409603219544,1712.7256715999129
219852882,16,tess2019253231442-s0016-0000000219852882-0152-s_lc.fits,1.7622538,2459978.0239,2978.023899999913,0.8779711,1738.651273509081,1763.319441110868,1739.1594785999127
219852882,17,tess2019279210107-s0017-0000000219852882-0161-s_lc.fits,1.7622538,2459978.0239,2978.023899999913,0.8779711,1764.683346897756,1789.694649774765,1765.5932855999129
219852882,18,tess2019306063752-s0018-0000000219852882-0162-s_lc.fits,1.7622538,2459978.0239,2978.023899999913,0.8779711,1790.655769234154,1815.014324706104,1792.0270925999127
219852882,19,tess2019331140908-s0019-0000000219852882-0164-s_lc.fits,1.7622538,2459978.0239,2978.023899999913,0.8779711,1816.083779818284,1841.146497108042,1816.6986457999128
219852882,20,tess2019357164649-s0020-0000000219852882-0165-s_lc.fits,1.7622538,2459978.0239,2978.023899999913,0.8779711,1842.503453072226,1868.823062252827,1843.1324527999127
219852882,21,tess2020020091053-s0021-0000000219852882-0167-s_lc.fits,1.7622538,2459978.0239,2978.023899999913,0.8779711,1870.434180340275,1897.781460944613,1871.3285135999129
219852882,22,tess2020049080258-s0022-0000000219852882-0174-s_lc.fits,1.7622538,2459978.0239,2978.023899999913,0.8779711,1899.318959770032,1926.493888197669,1899.5245743999128
219852882,23,tess2020078014623-s0023-0000000219852882-0177-s_lc.fits,1.7622538,2459978.0239,2978.023899999913,0.8779711,1928.104991120418,1954.87564357881,1929.4828889999128
219852882,24,tess2020106103520-s0024-0000000219852882-0180-s_lc.fits,1.7622538,2459978.0239,2978.023899999913,0.8779711,1955.795074813542,1982.280940023746,1955.916695999913
219852882,25,tess2020133194932-s0025-0000000219852882-0182-s_lc.fits,1.7622538,2459978.0239,2978.023899999913,0.8779711,1983.632315227804,2009.305675345907,1984.1127567999129
219852882,26,tess2020160202036-s0026-0000000219852882-0188-s_lc.fits,1.7622538,2459978.0239,2978.023899999913,0.8779711,2010.26677574615,2035.134621736482,2010.5465637999127
219852882,40,tess2021175071901-s0040-0000000219852882-0211-s_lc.fits,1.7622538,2459978.0239,2978.023899999913,0.8779711,2390.652591432867,2418.853790866449,2391.193384599913
219852882,41,tess2021204101404-s0041-0000000219852882-0212-s_lc.fits,1.7622538,2459978.0239,2978.023899999913,0.8779711,2419.988503861558,2446.578708148328,2421.151699199913
219852882,47,tess2021364111932-s0047-0000000219852882-0218-s_lc.fits,1.7622538,2459978.0239,2978.023899999913,0.8779711,2579.814289051048,2606.940827237595,2581.5167949999127
219852882,48,tess2022027120115-s0048-0000000219852882-0219-s_lc.fits,1.7622538,2459978.0239,2978.023899999913,0.8779711,2607.933883714996,2635.986688837617,2607.9506019999126
219852882,49,tess2022057073128-s0049-0000000219852882-0221-s_lc.fits,1.7622538,2459978.0239,2978.023899999913,0.8779711,2637.472793375584,2664.315749187793,2637.908916599913
219852882,50,tess2022085151738-s0050-0000000219852882-0222-s_lc.fits,1.7622538,2459978.0239,2978.023899999913,0.8779711,2665.271297437947,2691.50999023927,2666.104977399913
219852882,51,tess2022112184951-s0051-0000000219852882-0223-s_lc.fits,1.7622538,2459978.0239,2978.023899999913,0.8779711,2692.954418017993,2717.534742275937,2694.301038199913
219852882,52,tess2022138205153-s0052-0000000219852882-0224-s_lc.fits,1.7622538,2459978.0239,2978.023899999913,0.8779711,2718.634723266928,2743.076154196494,2718.9725913999127
219852882,53,tess2022164095748-s0053-0000000219852882-0226-s_lc.fits,1.7622538,2459978.0239,2978.023899999913,0.8779711,2743.995588339339,2768.978717994778,2745.4063983999126
219852882,54,tess2022190063128-s0054-0000000219852882-0227-s_lc.fits,1.7622538,2459978.0239,2978.023899999913,0.8779711,2769.898160499048,2796.128582639545,2770.077951599913
219852882,56,tess2022244194134-s0056-0000000219852882-0243-s_lc.fits,1.7622538,2459978.0239,2978.023899999913,0.8779711,2825.256327848235,2853.13837302978,2826.470073199913
219852882,57,tess2022273165103-s0057-0000000219852882-0245-s_lc.fits,1.7622538,2459978.0239,2978.023899999913,0.8779711,2853.353651738315,2882.114968470637,2854.6661339999127
219852882,58,tess2022302161335-s0058-0000000219852882-0247-s_lc.fits,1.7622538,2459978.0239,2978.023899999913,0.8779711,2882.328858553238,2910.048554035272,2882.8621947999127
219852882,59,tess2022330142927-s0059-0000000219852882-0248-s_lc.fits,1.7622538,2459978.0239,2978.023899999913,0.8779711,2910.263833651884,2936.687675989008,2911.0582555999126
219852882,60,tess2022357055054-s0060-0000000219852882-0249-s_lc.fits,1.7622538,2459978.0239,2978.023899999913,0.8779711,2936.902955194153,2962.583676329324,2937.492062599913
219852882,73,tess2023341045131-s0073-0000000219852882-0268-s_lc.fits,1.7622538,2459978.0239,2978.023899999913,0.8779711,3285.798482715595,3312.650086342766,3286.418314999913
219852882,74,tess2024003055635-s0074-0000000219852882-0269-s_lc.fits,1.7622538,2459978.0239,2978.023899999913,0.8779711,3312.863970605292,3339.569660493951,3314.614375799913
219852882,75,tess2024030031500-s0075-0000000219852882-0270-s_lc.fits,1.7622538,2459978.0239,2978.023899999913,0.8779711,3339.784937864403,3367.483566993813,3341.048182799913
219852882,76,tess2024058030222-s0076-0000000219852882-0271-s_lc.fits,1.7622538,2459978.0239,2978.023899999913,0.8779711,3367.698843988851,3394.777906802593,3369.244243599913
219852882,77,tess2024085201119-s0077-0000000219852882-0272-s_lc.fits,1.7622538,2459978.0239,2978.023899999913,0.8779711,3395.48623545877,3423.549457550623,3395.6780505999127
219852882,78,tess2024114025118-s0078-0000000219852882-0273-s_lc.fits,1.7622538,2459978.0239,2978.023899999913,0.8779711,3434.2715732866,3452.322790570527,3434.447634199913
219852882,79,tess2024142205832-s0079-0000000219852882-0274-s_lc.fits,1.7622538,2459978.0239,2978.023899999913,0.8779711,3452.538065946306,3479.673917354537,3453.8324259999126
219852882,80,tess2024170053053-s0080-0000000219852882-0275-s_lc.fits,1.7622538,2459978.0239,2978.023899999913,0.8779711,3479.887810891139,3506.336219501363,3480.266232999913
219852882,81,tess2024196212429-s0081-0000000219852882-0276-s_lc.fits,1.7622538,2459978.0239,2978.023899999913,0.8779711,3506.551496306433,3533.176381665591,3506.700039999913
219852882,82,tess2024223182411-s0082-0000000219852882-0278-s_lc.fits,1.7622538,2459978.0239,2978.023899999913,0.8779711,3533.391658514503,3559.245820502906,3534.896100799913
219852882,83,tess2024249191853-s0083-0000000219852882-0280-s_lc.fits,1.7622538,2459978.0239,2978.023899999913,0.8779711,3559.426376137335,3584.375083001359,3559.567653999913
219852882,84,tess2024274222008-s0084-0000000219852882-0281-s_lc.fits,1.7622538,2459978.0239,2978.023899999913,0.8779711,3584.588973537851,3610.340544119664,3586.001460999913
219852882,86,tess2024326142117-s0086-0000000219852882-0283-s_lc.fits,1.7622538,2459978.0239,2978.023899999913,0.8779711,3636.260220134104,3662.827123461727,3637.1068211999127
219854185,23,tess2020078014623-s0023-0000000219854185-0177-s_lc.fits,3.9443736,2458930.75531,1930.7553099999204,4.8636539,1928.104958701807,1954.875553327017,1930.7553099999204
219854185,24,tess2020106103520-s0024-0000000219854185-0180-s_lc.fits,3.9443736,2458930.75531,1930.7553099999204,4.8636539,1955.794982892964,1982.280810181714,1958.3659251999204
219854185,25,tess2020133194932-s0025-0000000219854185-0182-s_lc.fits,3.9443736,2458930.75531,1930.7553099999204,4.8636539,1983.632184217508,2009.305533481599,1985.9765403999204
219854185,26,tess2020160202036-s0026-0000000219854185-0188-s_lc.fits,3.9443736,2458930.75531,1930.7553099999204,4.8636539,2010.266634138233,2035.134495503536,2013.5871555999204
219854185,40,tess2021175071901-s0040-0000000219854185-0211-s_lc.fits,3.9443736,2458930.75531,1930.7553099999204,4.8636539,2390.652455940799,2418.853690139663,2392.2470211999203
219854185,47,tess2021364111932-s0047-0000000219854185-0218-s_lc.fits,3.9443736,2458930.75531,1930.7553099999204,4.8636539,2579.814415404629,2606.94091304407,2581.5769539999205
219854185,48,tess2022027120115-s0048-0000000219854185-0219-s_lc.fits,3.9443736,2458930.75531,1930.7553099999204,4.8636539,2607.933967346086,2635.986710114332,2609.1875691999203
219854185,49,tess2022057073128-s0049-0000000219854185-0221-s_lc.fits,3.9443736,2458930.75531,1930.7553099999204,4.8636539,2637.472811302729,2664.315702594191,2640.7425579999203
219854185,50,tess2022085151738-s0050-0000000219854185-0222-s_lc.fits,3.9443736,2458930.75531,1930.7553099999204,4.8636539,2665.271248605678,2691.509888330883,2668.3531731999205
219854185,52,tess2022138205153-s0052-0000000219854185-0224-s_lc.fits,3.9443736,2458930.75531,1930.7553099999204,4.8636539,2718.634587576114,2743.076012112322,2719.63002999992
219854185,53,tess2022164095748-s0053-0000000219854185-0226-s_lc.fits,3.9443736,2458930.75531,1930.7553099999204,4.8636539,2743.995446401952,2768.978594811942,2747.2406451999204
219854185,54,tess2022190063128-s0054-0000000219854185-0227-s_lc.fits,3.9443736,2458930.75531,1930.7553099999204,4.8636539,2769.898038380568,2796.12850370175,2770.9068867999204
219854185,55,tess2022217014003-s0055-0000000219854185-0242-s_lc.fits,3.9443736,2458930.75531,1930.7553099999204,4.8636539,2797.099332154082,2824.263258518271,2798.5175019999206
219854185,56,tess2022244194134-s0056-0000000219854185-0243-s_lc.fits,3.9443736,2458930.75531,1930.7553099999204,4.8636539,2825.256314078049,2853.138424830378,2826.1281171999203
219854185,57,tess2022273165103-s0057-0000000219854185-0245-s_lc.fits,3.9443736,2458930.75531,1930.7553099999204,4.8636539,2853.353704010919,2882.115075793965,2853.7387323999205
219854185,58,tess2022302161335-s0058-0000000219854185-0247-s_lc.fits,3.9443736,2458930.75531,1930.7553099999204,4.8636539,2882.328966193289,2910.048689687214,2885.2937211999206
219854185,59,tess2022330142927-s0059-0000000219854185-0248-s_lc.fits,3.9443736,2458930.75531,1930.7553099999204,4.8636539,2910.263969386648,2936.687808873315,2912.9043363999203
219854185,60,tess2022357055054-s0060-0000000219854185-0249-s_lc.fits,3.9443736,2458930.75531,1930.7553099999204,4.8636539,2936.90308791181,2962.583778804726,2940.5149515999206
219854185,73,tess2023341045131-s0073-0000000219854185-0268-s_lc.fits,3.9443736,2458930.75531,1930.7553099999204,4.8636539,3285.798620504988,3312.650209311223,3287.61982839992
219854185,74,tess2024003055635-s0074-0000000219854185-0269-s_lc.fits,3.9443736,2458930.75531,1930.7553099999204,4.8636539,3312.864093318974,3339.569741338804,3315.2304435999204
219854185,75,tess2024030031500-s0075-0000000219854185-0270-s_lc.fits,3.9443736,2458930.75531,1930.7553099999204,4.8636539,3339.785018027364,3367.483585061656,3342.8410587999206
219854185,76,tess2024058030222-s0076-0000000219854185-0271-s_lc.fits,3.9443736,2458930.75531,1930.7553099999204,4.8636539,3367.698861745448,3394.777859632472,3370.4516739999203
219854185,77,tess2024085201119-s0077-0000000219854185-0272-s_lc.fits,3.9443736,2458930.75531,1930.7553099999204,4.8636539,3395.486186558573,3423.549352345412,3398.0622891999205
219854185,78,tess2024114025118-s0078-0000000219854185-0273-s_lc.fits,3.9443736,2458930.75531,1930.7553099999204,4.8636539,3434.271452498639,3452.322651943539,3437.5060251999203
219854185,79,tess2024142205832-s0079-0000000219854185-0274-s_lc.fits,3.9443736,2458930.75531,1930.7553099999204,4.8636539,3452.537927159431,3479.673776641707,3453.2835195999205
219854185,80,tess2024170053053-s0080-0000000219854185-0275-s_lc.fits,3.9443736,2458930.75531,1930.7553099999204,4.8636539,3479.887670248275,3506.336104737189,3480.8941347999207
219854185,81,tess2024196212429-s0081-0000000219854185-0276-s_lc.fits,3.9443736,2458930.75531,1930.7553099999204,4.8636539,3506.5513818186,3533.176315559384,3508.5047499999205
219854185,82,tess2024223182411-s0082-0000000219854185-0278-s_lc.fits,3.9443736,2458930.75531,1930.7553099999204,4.8636539,3533.391592835715,3559.245814387609,3536.1153651999202
219854185,83,tess2024249191853-s0083-0000000219854185-0280-s_lc.fits,3.9443736,2458930.75531,1930.7553099999204,4.8636539,3559.426370429433,3584.375135908077,3559.78160679992
219854185,84,tess2024274222008-s0084-0000000219854185-0281-s_lc.fits,3.9443736,2458930.75531,1930.7553099999204,4.8636539,3584.58902688072,3610.340647352304,3587.3922219999204
219854185,85,tess2024300212641-s0085-0000000219854185-0282-s_lc.fits,3.9443736,2458930.75531,1930.7553099999204,4.8636539,3610.554538250143,3636.04507267263,3611.0584635999203
219854185,86,tess2024326142117-s0086-0000000219854185-0283-s_lc.fits,3.9443736,2458930.75531,1930.7553099999204,4.8636539,3636.260352875951,3662.827258321835,3638.6690787999205
220479565,3,tess2018263035959-s0003-0000000220479565-0123-s_lc.fits,3.6977104,2458381.84668,1381.8466799999587,0.9308263,1382.034680850233,1409.385115884625,1385.5443903999587
220479565,4,tess2018292075959-s0004-0000000220479565-0124-s_lc.fits,3.6977104,2458381.84668,1381.8466799999587,0.9308263,1410.901792966251,1436.839443608483,1411.4283631999588
220479565,5,tess2018319095959-s0005-0000000220479565-0125-s_lc.fits,3.6977104,2458381.84668,1381.8466799999587,0.9308263,1437.990830203406,1464.187904744918,1441.0100463999588
220479565,6,tess2018349182500-s0006-0000000220479565-0126-s_lc.fits,3.6977104,2458381.84668,1381.8466799999587,0.9308263,1468.271201720745,1490.045841355211,1470.5917295999586
220479565,10,tess2019085135100-s0010-0000000220479565-0140-s_lc.fits,3.6977104,2458381.84668,1381.8466799999587,0.9308263,1569.435673488703,1595.679732307852,1570.4299103999588
220479565,13,tess2019169103026-s0013-0000000220479565-0146-s_lc.fits,3.6977104,2458381.84668,1381.8466799999587,0.9308263,1653.918707337209,1682.356686734683,1655.4772495999587
220479565,30,tess2020266004630-s0030-0000000220479565-0195-s_lc.fits,3.6977104,2458381.84668,1381.8466799999587,0.9308263,2115.885816240566,2143.223717217913,2117.6910495999587
220479565,31,tess2020294194027-s0031-0000000220479565-0198-s_lc.fits,3.6977104,2458381.84668,1381.8466799999587,0.9308263,2144.515394958786,2169.946067299725,2147.2727327999587
220479565,32,tess2020324010417-s0032-0000000220479565-0200-s_lc.fits,3.6977104,2458381.84668,1381.8466799999587,0.9308263,2174.219672538377,2200.231957763564,2176.8544159999587
220479565,33,tess2020351194500-s0033-0000000220479565-0203-s_lc.fits,3.6977104,2458381.84668,1381.8466799999587,0.9308263,2201.73333582181,2227.573146768483,2202.7383887999586
220479565,36,tess2021065132309-s0036-0000000220479565-0207-s_lc.fits,3.6977104,2458381.84668,1381.8466799999587,0.9308263,2280.902418239361,2305.98801404584,2284.0880175999587
220479565,63,tess2023069172124-s0063-0000000220479565-0255-s_lc.fits,3.6977104,2458381.84668,1381.8466799999587,0.9308263,3014.367286053767,3040.898710681395,3016.234676799959
220479565,64,tess2023096110322-s0064-0000000220479565-0257-s_lc.fits,3.6977104,2458381.84668,1381.8466799999587,0.9308263,3041.112596842826,3068.030359561369,3042.1186495999586
220479565,66,tess2023153011303-s0066-0000000220479565-0260-s_lc.fits,3.6977104,2458381.84668,1381.8466799999587,0.9308263,3097.672037439592,3126.426533679308,3101.2820159999587
220479565,67,tess2023181235917-s0067-0000000220479565-0261-s_lc.fits,3.6977104,2458381.84668,1381.8466799999587,0.9308263,3126.640426896198,3154.384025011106,3127.1659887999585
220479565,87,tess2024353092137-s0087-0000000220479565-0284-s_lc.fits,3.6977104,2458381.84668,1381.8466799999587,0.9308263,3663.041912504332,3689.938646699613,3663.3339967999586
220479565,90,tess2025071122000-s0090-0000000220479565-0287-s_lc.fits,3.6977104,2458381.84668,1381.8466799999587,0.9308263,3747.15810448914,3775.075637553125,3748.3813359999585
220479565,93,tess2025154050500-s0093-0000000220479565-0290-s_lc.fits,3.6977104,2458381.84668,1381.8466799999587,0.9308263,3829.871253483427,3856.047948303521,3833.428675199959
220479565,94,tess2025180145000-s0094-0000000220479565-0291-s_lc.fits,3.6977104,2458381.84668,1381.8466799999587,0.9308263,3856.278506853725,3882.117892722043,3859.3126479999587
220479565,97,tess2025258001959-s0097-0000000220479565-0294-s_lc.fits,3.6977104,2458381.84668,1381.8466799999587,0.9308263,3933.660731405234,3988.286424038411,3936.9645663999586
220479565,98,tess2025312202959-s0098-0000000220479565-0298-s_lc.fits,3.6977104,2458381.84668,1381.8466799999587,0.9308263,3988.501696390117,4045.899778180487,3988.7325119999587
224297258,15,tess2019226182529-s0015-0000000224297258-0151-s_lc.fits,9.61419,2458717.4814,1717.4813999999315,2.7649671,1711.360750726476,1737.406659883475,1717.4813999999315
224297258,21,tess2020020091053-s0021-0000000224297258-0167-s_lc.fits,9.61419,2458717.4814,1717.4813999999315,2.7649671,1870.436737397535,1897.784486807218,1871.3084399999316
224297258,22,tess2020049080258-s0022-0000000224297258-0174-s_lc.fits,9.61419,2458717.4814,1717.4813999999315,2.7649671,1899.324766276985,1926.496678546469,1900.1510099999314
224297258,41,tess2021204101404-s0041-0000000224297258-0212-s_lc.fits,9.61419,2458717.4814,1717.4813999999315,2.7649671,2419.985908717757,2446.575683160975,2428.9314599999316
224297258,48,tess2022027120115-s0048-0000000224297258-0219-s_lc.fits,9.61419,2458717.4814,1717.4813999999315,2.7649671,2607.93662763145,2635.989729970536,2611.6010699999315
224297258,49,tess2022057073128-s0049-0000000224297258-0221-s_lc.fits,9.61419,2458717.4814,1717.4813999999315,2.7649671,2637.475826638341,2664.318370443629,2640.4436399999313
224297258,75,tess2024030031500-s0075-0000000224297258-0270-s_lc.fits,9.61419,2458717.4814,1717.4813999999315,2.7649671,3339.787691216488,3367.486581446839,3342.2795099999316
224297258,76,tess2024058030222-s0076-0000000224297258-0271-s_lc.fits,9.61419,2458717.4814,1717.4813999999315,2.7649671,3367.701857747206,3394.780506262711,3371.122079999932
229455001,14,tess2019198215352-s0014-0000000229455001-0150-s_lc.fits,22.341702927,2459908.3844,2908.3843999998644,2.7826,1683.354045450807,1710.205728330656,1701.9324419418645
229455001,15,tess2019226182529-s0015-0000000229455001-0151-s_lc.fits,22.341702927,2459908.3844,2908.3843999998644,2.7826,1711.365461011173,1737.411350962204,1724.2741448688644
229455001,16,tess2019253231442-s0016-0000000229455001-0152-s_lc.fits,22.341702927,2459908.3844,2908.3843999998644,2.7826,1738.654405670636,1763.320897160988,1746.6158477958643
229455001,17,tess2019279210107-s0017-0000000229455001-0161-s_lc.fits,22.341702927,2459908.3844,2908.3843999998644,2.7826,1764.684769479215,1789.695507337573,1768.9575507228644
229455001,18,tess2019306063752-s0018-0000000229455001-0162-s_lc.fits,22.341702927,2459908.3844,2908.3843999998644,2.7826,1790.656602310717,1815.015835647918,1791.2992536498643
229455001,19,tess2019331140908-s0019-0000000229455001-0164-s_lc.fits,22.341702927,2459908.3844,2908.3843999998644,2.7826,1816.083872103773,1841.147225106137,1835.9826595038644
229455001,20,tess2019357164649-s0020-0000000229455001-0165-s_lc.fits,22.341702927,2459908.3844,2908.3843999998644,2.7826,1842.5027562896,1868.821722396794,1858.3243624308643
229455001,21,tess2020020091053-s0021-0000000229455001-0167-s_lc.fits,22.341702927,2459908.3844,2908.3843999998644,2.7826,1870.438367361331,1897.779743892285,1880.6660653578645
229455001,23,tess2020078014623-s0023-0000000229455001-0177-s_lc.fits,22.341702927,2459908.3844,2908.3843999998644,2.7826,1928.115840995087,1954.87441893291,1947.6911741388644
229455001,25,tess2020133194932-s0025-0000000229455001-0182-s_lc.fits,22.341702927,2459908.3844,2908.3843999998644,2.7826,1983.631827797204,2009.305942877124,1992.3745799928643
229455001,26,tess2020160202036-s0026-0000000229455001-0188-s_lc.fits,22.341702927,2459908.3844,2908.3843999998644,2.7826,2010.267072724354,2035.135597680835,2014.7162829198644
229455001,40,tess2021175071901-s0040-0000000229455001-0211-s_lc.fits,22.341702927,2459908.3844,2908.3843999998644,2.7826,2390.653325381825,2418.855176879044,2394.5252326788645
229455001,41,tess2021204101404-s0041-0000000229455001-0212-s_lc.fits,22.341702927,2459908.3844,2908.3843999998644,2.7826,2419.989912454011,2446.580437864938,2439.2086385328644
229455001,47,tess2021364111932-s0047-0000000229455001-0218-s_lc.fits,22.341702927,2459908.3844,2908.3843999998644,2.7826,2579.816179580253,2606.939345164939,2595.6005590218642
229455001,48,tess2022027120115-s0048-0000000229455001-0219-s_lc.fits,22.341702927,2459908.3844,2908.3843999998644,2.7826,2607.932387681232,2635.984937740677,2617.942261948864
229455001,49,tess2022057073128-s0049-0000000229455001-0221-s_lc.fits,22.341702927,2459908.3844,2908.3843999998644,2.7826,2637.471043009848,2664.314156385946,2640.2839648758645
229455001,50,tess2022085151738-s0050-0000000229455001-0222-s_lc.fits,22.341702927,2459908.3844,2908.3843999998644,2.7826,2665.26971892061,2691.508899030881,2684.9673707298643
229455001,51,tess2022112184951-s0051-0000000229455001-0223-s_lc.fits,22.341702927,2459908.3844,2908.3843999998644,2.7826,2692.958919567269,2717.534346549197,2707.3090736568643
229455001,53,tess2022164095748-s0053-0000000229455001-0226-s_lc.fits,22.341702927,2459908.3844,2908.3843999998644,2.7826,2743.995975200933,2768.979771100225,2751.9924795108645
229455001,54,tess2022190063128-s0054-0000000229455001-0227-s_lc.fits,22.341702927,2459908.3844,2908.3843999998644,2.7826,2769.899236521378,2796.130148357193,2774.3341824378645
229455001,55,tess2022217014003-s0055-0000000229455001-0242-s_lc.fits,22.341702927,2459908.3844,2908.3843999998644,2.7826,2797.100989778531,2824.265028345787,2819.0175882918643
229455001,56,tess2022244194134-s0056-0000000229455001-0243-s_lc.fits,22.341702927,2459908.3844,2908.3843999998644,2.7826,2825.258077347371,2853.139902120806,2841.359291218864
229455001,57,tess2022273165103-s0057-0000000229455001-0245-s_lc.fits,22.341702927,2459908.3844,2908.3843999998644,2.7826,2853.355183204567,2882.115908020769,2863.7009941458646
229455001,58,tess2022302161335-s0058-0000000229455001-0247-s_lc.fits,22.341702927,2459908.3844,2908.3843999998644,2.7826,2882.329793290081,2910.048694274178,2886.0426970728645
229455001,59,tess2022330142927-s0059-0000000229455001-0248-s_lc.fits,22.341702927,2459908.3844,2908.3843999998644,2.7826,2910.263967789484,2936.687017174311,2930.7261029268643
229455001,60,tess2022357055054-s0060-0000000229455001-0249-s_lc.fits,22.341702927,2459908.3844,2908.3843999998644,2.7826,2936.902291394956,2962.582374112344,2953.0678058538642
229455001,73,tess2023341045131-s0073-0000000229455001-0268-s_lc.fits,22.341702927,2459908.3844,2908.3843999998644,2.7826,3285.798306491982,3312.649141280252,3288.1933497588643
229455001,74,tess2024003055635-s0074-0000000229455001-0269-s_lc.fits,22.341702927,2459908.3844,2908.3843999998644,2.7826,3312.863020375743,3339.568150331675,3332.876755612864
229455001,75,tess2024030031500-s0075-0000000229455001-0270-s_lc.fits,22.341702927,2459908.3844,2908.3843999998644,2.7826,3339.783424686621,3367.481820522171,3355.2184585398645
229455001,76,tess2024058030222-s0076-0000000229455001-0271-s_lc.fits,22.341702927,2459908.3844,2908.3843999998644,2.7826,3367.697097561796,3394.776319091443,3377.5601614668644
229455001,77,tess2024085201119-s0077-0000000229455001-0272-s_lc.fits,22.341702927,2459908.3844,2908.3843999998644,2.7826,3395.48465734231,3423.548408817821,3399.9018643938643
229455001,80,tess2024170053053-s0080-0000000229455001-0275-s_lc.fits,22.341702927,2459908.3844,2908.3843999998644,2.7826,3479.888356298049,3506.337433962291,3489.2686761018645
229455001,81,tess2024196212429-s0081-0000000229455001-0276-s_lc.fits,22.341702927,2459908.3844,2908.3843999998644,2.7826,3506.552715466669,3533.178032147563,3511.6103790288644
229455001,82,tess2024223182411-s0082-0000000229455001-0278-s_lc.fits,22.341702927,2459908.3844,2908.3843999998644,2.7826,3533.393306125738,3559.247569135748,3533.9520819558643
229455001,83,tess2024249191853-s0083-0000000229455001-0280-s_lc.fits,22.341702927,2459908.3844,2908.3843999998644,2.7826,3559.428124736115,3584.376608432229,3578.6354878098646
229455001,84,tess2024274222008-s0084-0000000229455001-0281-s_lc.fits,22.341702927,2459908.3844,2908.3843999998644,2.7826,3584.590500873397,3610.341548768182,3600.9771907368645
229455001,85,tess2024300212641-s0085-0000000229455001-0282-s_lc.fits,22.341702927,2459908.3844,2908.3843999998644,2.7826,3610.555434336589,3636.045224863875,3623.3188936638644
229455001,86,tess2024326142117-s0086-0000000229455001-0283-s_lc.fits,22.341702927,2459908.3844,2908.3843999998644,2.7826,3636.260498495871,3662.82659868606,3645.6605965908643
229747848,14,tess2019198215352-s0014-0000000229747848-0150-s_lc.fits,0.84742346,2458682.71214,1682.7121399999596,0.8769615,1683.35300099329,1710.20461327708,1683.5595634599597
229747848,15,tess2019226182529-s0015-0000000229747848-0151-s_lc.fits,0.84742346,2458682.71214,1682.7121399999596,0.8769615,1711.364347409445,1737.410392608849,1711.5245376399596
229747848,16,tess2019253231442-s0016-0000000229747848-0152-s_lc.fits,0.84742346,2458682.71214,1682.7121399999596,0.8769615,1738.652070017998,1763.320276243799,1739.4895118199597
229747848,17,tess2019279210107-s0017-0000000229747848-0161-s_lc.fits,0.84742346,2458682.71214,1682.7121399999596,0.8769615,1764.684181015381,1789.695363978671,1764.9122156199596
229747848,19,tess2019331140908-s0019-0000000229747848-0164-s_lc.fits,0.84742346,2458682.71214,1682.7121399999596,0.8769615,1816.084225362577,1841.145208260234,1816.6050466799597
229747848,20,tess2019357164649-s0020-0000000229747848-0165-s_lc.fits,0.84742346,2458682.71214,1682.7121399999596,0.8769615,1842.503534668725,1868.822762074868,1842.8751739399595
229747848,21,tess2020020091053-s0021-0000000229747848-0167-s_lc.fits,0.84742346,2458682.71214,1682.7121399999596,0.8769615,1870.433859688485,1897.780817460503,1870.8401481199596
229747848,22,tess2020049080258-s0022-0000000229747848-0174-s_lc.fits,0.84742346,2458682.71214,1682.7121399999596,0.8769615,1899.321082144151,1926.493063671103,1899.6525457599596
229747848,23,tess2020078014623-s0023-0000000229747848-0177-s_lc.fits,0.84742346,2458682.71214,1682.7121399999596,0.8769615,1928.105552576704,1954.874834974891,1928.4649433999596
229747848,24,tess2020106103520-s0024-0000000229747848-0180-s_lc.fits,0.84742346,2458682.71214,1682.7121399999596,0.8769615,1955.794270342748,1982.2803234717,1956.4299175799597
229747848,25,tess2020133194932-s0025-0000000229747848-0182-s_lc.fits,0.84742346,2458682.71214,1682.7121399999596,0.8769615,1983.631713667523,2009.305377030688,1984.3948917599596
229747848,26,tess2020160202036-s0026-0000000229747848-0188-s_lc.fits,0.84742346,2458682.71214,1682.7121399999596,0.8769615,2010.266491240714,2035.13468388255,2010.6650190199596
229747848,40,tess2021175071901-s0040-0000000229747848-0211-s_lc.fits,0.84742346,2458682.71214,1682.7121399999596,0.8769615,2390.652513870217,2418.854105049972,2391.1581525599595
229747848,41,tess2021204101404-s0041-0000000229747848-0212-s_lc.fits,0.84742346,2458682.71214,1682.7121399999596,0.8769615,2419.988834012664,2446.579339595624,2420.8179736599595
229747848,47,tess2021364111932-s0047-0000000229747848-0218-s_lc.fits,0.84742346,2458682.71214,1682.7121399999596,0.8769615,2579.81565524245,2606.940421257492,2580.1335841399596
229747848,49,tess2022057073128-s0049-0000000229747848-0221-s_lc.fits,0.84742346,2458682.71214,1682.7121399999596,0.8769615,2637.472069540879,2664.314905574528,2637.7583794199595
229747848,50,tess2022085151738-s0050-0000000229747848-0222-s_lc.fits,0.84742346,2458682.71214,1682.7121399999596,0.8769615,2665.2704535672,2691.509206612957,2665.7233535999594
229747848,51,tess2022112184951-s0051-0000000229747848-0223-s_lc.fits,0.84742346,2458682.71214,1682.7121399999596,0.8769615,2692.955032551716,2717.534170744152,2693.6883277799598
229747848,52,tess2022138205153-s0052-0000000229747848-0224-s_lc.fits,0.84742346,2458682.71214,1682.7121399999596,0.8769615,2718.634163808397,2743.075895511511,2719.1110315799597
229747848,53,tess2022164095748-s0053-0000000229747848-0226-s_lc.fits,0.84742346,2458682.71214,1682.7121399999596,0.8769615,2743.995342779208,2768.978823383928,2744.5337353799596
229747848,54,tess2022190063128-s0054-0000000229747848-0227-s_lc.fits,0.84742346,2458682.71214,1682.7121399999596,0.8769615,2769.898279018034,2796.129045573057,2769.9564391799595
229747848,55,tess2022217014003-s0055-0000000229747848-0242-s_lc.fits,0.84742346,2458682.71214,1682.7121399999596,0.8769615,2797.099884294633,2824.264005580621,2797.92141335996
229747848,56,tess2022244194134-s0056-0000000229747848-0243-s_lc.fits,0.84742346,2458682.71214,1682.7121399999596,0.8769615,2825.257066259063,2853.139206479298,2825.8863875399597
229747848,57,tess2022273165103-s0057-0000000229747848-0245-s_lc.fits,0.84742346,2458682.71214,1682.7121399999596,0.8769615,2853.354485364202,2882.115701238276,2853.8513617199596
229747848,58,tess2022302161335-s0058-0000000229747848-0247-s_lc.fits,0.84742346,2458682.71214,1682.7121399999596,0.8769615,2882.329590238175,2910.049015408554,2882.66375935996
229747848,59,tess2022330142927-s0059-0000000229747848-0248-s_lc.fits,0.84742346,2458682.71214,1682.7121399999596,0.8769615,2910.264292323256,2936.687774263516,2910.6287335399597
229747848,60,tess2022357055054-s0060-0000000229747848-0249-s_lc.fits,0.84742346,2458682.71214,1682.7121399999596,0.8769615,2936.903050453125,2962.583399225231,2937.74628425996
229747848,73,tess2023341045131-s0073-0000000229747848-0268-s_lc.fits,0.84742346,2458682.71214,1682.7121399999596,0.8769615,3285.798809359172,3312.650028074929,3286.03732631996
229747848,74,tess2024003055635-s0074-0000000229747848-0269-s_lc.fits,0.84742346,2458682.71214,1682.7121399999596,0.8769615,3312.863909288101,3339.569227470983,3313.1548770399595
229747848,75,tess2024030031500-s0075-0000000229747848-0270-s_lc.fits,0.84742346,2458682.71214,1682.7121399999596,0.8769615,3339.784502173763,3367.482845101788,3340.2724277599596
229747848,76,tess2024058030222-s0076-0000000229747848-0271-s_lc.fits,0.84742346,2458682.71214,1682.7121399999596,0.8769615,3367.69812074679,3394.777063066686,3368.2374019399595
229747848,77,tess2024085201119-s0077-0000000229747848-0272-s_lc.fits,0.84742346,2458682.71214,1682.7121399999596,0.8769615,3395.485390892735,3423.548682396583,3396.20237611996
229747848,79,tess2024142205832-s0079-0000000229747848-0274-s_lc.fits,0.84742346,2458682.71214,1682.7121399999596,0.8769615,3452.537543734848,3479.673743348108,3452.9797479399595
229747848,80,tess2024170053053-s0080-0000000229747848-0275-s_lc.fits,0.84742346,2458682.71214,1682.7121399999596,0.8769615,3479.887639383615,3506.336421124853,3480.09729865996
229747848,82,tess2024223182411-s0082-0000000229747848-0278-s_lc.fits,0.84742346,2458682.71214,1682.7121399999596,0.8769615,3533.392199155697,3559.246581180857,3533.4849766399598
229747848,83,tess2024249191853-s0083-0000000229747848-0280-s_lc.fits,0.84742346,2458682.71214,1682.7121399999596,0.8769615,3559.427137891138,3584.375918087851,3559.75510389996
229747848,84,tess2024274222008-s0084-0000000229747848-0281-s_lc.fits,0.84742346,2458682.71214,1682.7121399999596,0.8769615,3584.589808494424,3610.34129377502,3585.17780769996
229747848,85,tess2024300212641-s0085-0000000229747848-0282-s_lc.fits,0.84742346,2458682.71214,1682.7121399999596,0.8769615,3610.555183157949,3636.04545675591,3610.60051149996
229747848,86,tess2024326142117-s0086-0000000229747848-0283-s_lc.fits,0.84742346,2458682.71214,1682.7121399999596,0.8769615,3636.260734058084,3662.827287075353,3636.8706387599595
230055368,22,tess2020049080258-s0022-0000000230055368-0174-s_lc.fits,1.4344555,2460076.9025,3076.902499999851,1.02,1899.327886204912,1926.498615324102,1900.648989999851
230055368,49,tess2022057073128-s0049-0000000230055368-0221-s_lc.fits,1.4344555,2460076.9025,3076.902499999851,1.02,2637.477665145144,2664.320294839562,2637.959116999851
230741378,41,tess2021204101404-s0041-0000000230741378-0212-s_lc.fits,0.71912603,2459790.58344,2790.5834400001913,0.456,2419.992405248509,2446.583071303173,2420.2335345501915
230741378,55,tess2022217014003-s0055-0000000230741378-0242-s_lc.fits,0.71912603,2459790.58344,2790.5834400001913,0.456,2797.103638361895,2824.267572063044,2797.7747003001914
231702397,1,tess2018206045859-s0001-0000000231702397-0120-s_lc.fits,5.07803,2458425.60256,1425.6025600000285,1.2100353,1325.297829108099,1353.180918799385,1329.1199900000286
231702397,27,tess2020186164531-s0027-0000000231702397-0189-s_lc.fits,5.07803,2458425.60256,1425.6025600000285,1.2100353,2036.2818534935,2060.646134440834,2040.0441900000285
231702397,28,tess2020212050318-s0028-0000000231702397-0190-s_lc.fits,5.07803,2458425.60256,1425.6025600000285,1.2100353,2061.854473715365,2087.101328865022,2065.4343400000284
231702397,67,tess2023181235917-s0067-0000000231702397-0261-s_lc.fits,5.07803,2458425.60256,1425.6025600000285,1.2100353,3126.645085939643,3154.395650742012,3126.7426100000284
231702397,68,tess2023209231226-s0068-0000000231702397-0262-s_lc.fits,5.07803,2458425.60256,1425.6025600000285,1.2100353,3154.624819842162,3182.134209567526,3157.2107900000283
231702397,95,tess2025206162959-s0095-0000000231702397-0292-s_lc.fits,5.07803,2458425.60256,1425.6025600000285,1.2100353,3882.555976402465,3907.546062912193,3883.3690800000286
232038798,32,tess2020324010417-s0032-0000000232038798-0200-s_lc.fits,4.153658,2457424.5278,424.52779999980703,1.9128,2174.229400772443,2200.224292736271,2177.371475999807
232038798,33,tess2020351194500-s0033-0000000232038798-0203-s_lc.fits,4.153658,2457424.5278,424.52779999980703,1.9128,2201.734031667569,2227.574356305697,2202.293423999807
232038798,34,tess2021014023720-s0034-0000000232038798-0204-s_lc.fits,4.153658,2457424.5278,424.52779999980703,1.9128,2228.768792721316,2254.067053848242,2231.369029999807
232038798,61,tess2023018032328-s0061-0000000232038798-0250-s_lc.fits,4.153658,2457424.5278,424.52779999980703,1.9128,2962.800367000987,2988.222187007815,2966.566495999807
232038798,88,tess2025014115807-s0088-0000000232038798-0285-s_lc.fits,4.153658,2457424.5278,424.52779999980703,1.9128,3690.153753622987,3717.925568891025,3693.4566459998073
232038798,98,tess2025312202959-s0098-0000000232038798-0298-s_lc.fits,4.153658,2457424.5278,424.52779999980703,1.9128,3988.501378510096,4045.900843703316,3992.520021999807
232540264,14,tess2019198215352-s0014-0000000232540264-0150-s_lc.fits,15.923475568,2459834.13926,2834.1392600000836,4.4904,1683.351815769882,1710.203040718421,1687.6490191040834
232540264,15,tess2019226182529-s0015-0000000232540264-0151-s_lc.fits,15.923475568,2459834.13926,2834.1392600000836,4.4904,1711.362762862256,1737.408751505657,1719.4959702400836
232540264,16,tess2019253231442-s0016-0000000232540264-0152-s_lc.fits,15.923475568,2459834.13926,2834.1392600000836,4.4904,1738.650432467103,1763.318894792292,1751.3429213760835
232540264,20,tess2019357164649-s0020-0000000232540264-0165-s_lc.fits,15.923475568,2459834.13926,2834.1392600000836,4.4904,1842.504151841592,1868.8239953557,1846.8837747840835
232540264,21,tess2020020091053-s0021-0000000232540264-0167-s_lc.fits,15.923475568,2459834.13926,2834.1392600000836,4.4904,1870.435120645211,1897.782422990605,1878.7307259200836
232540264,22,tess2020049080258-s0022-0000000232540264-0174-s_lc.fits,15.923475568,2459834.13926,2834.1392600000836,4.4904,1899.321304836735,1926.494641331688,1910.5776770560835
232540264,26,tess2020160202036-s0026-0000000232540264-0188-s_lc.fits,15.923475568,2459834.13926,2834.1392600000836,4.4904,2010.266249664203,2035.133796974787,2022.0420060320835
232540264,40,tess2021175071901-s0040-0000000232540264-0211-s_lc.fits,15.923475568,2459834.13926,2834.1392600000836,4.4904,2390.65186869008,2418.852834676949,2404.205419664084
232540264,41,tess2021204101404-s0041-0000000232540264-0212-s_lc.fits,15.923475568,2459834.13926,2834.1392600000836,4.4904,2419.987541934004,2446.577729572336,2420.128895232084
232540264,47,tess2021364111932-s0047-0000000232540264-0218-s_lc.fits,15.923475568,2459834.13926,2834.1392600000836,4.4904,2579.812287396893,2606.941792545312,2595.2871264800838
232540264,49,tess2022057073128-s0049-0000000232540264-0221-s_lc.fits,15.923475568,2459834.13926,2834.1392600000836,4.4904,2637.473712154986,2664.316416632976,2643.0575531840836
232540264,53,tess2022164095748-s0053-0000000232540264-0226-s_lc.fits,15.923475568,2459834.13926,2834.1392600000836,4.4904,2743.995016297598,2768.977862652029,2754.521882160084
232540264,56,tess2022244194134-s0056-0000000232540264-0243-s_lc.fits,15.923475568,2459834.13926,2834.1392600000836,4.4904,2825.25541292497,2853.137743450917,2834.1392600000836
232540264,60,tess2022357055054-s0060-0000000232540264-0249-s_lc.fits,15.923475568,2459834.13926,2834.1392600000836,4.4904,2936.903636436464,2962.584596187684,2945.6035889760838
232540264,74,tess2024003055635-s0074-0000000232540264-0269-s_lc.fits,15.923475568,2459834.13926,2834.1392600000836,4.4904,3312.864785345446,3339.570643474443,3327.7670026080837
232540264,76,tess2024058030222-s0076-0000000232540264-0271-s_lc.fits,15.923475568,2459834.13926,2834.1392600000836,4.4904,3367.699777117255,3394.778587018389,3375.5374293120835
232540264,80,tess2024170053053-s0080-0000000232540264-0275-s_lc.fits,15.923475568,2459834.13926,2834.1392600000836,4.4904,3479.887161818211,3506.335304827896,3487.0017582880837
232540264,83,tess2024249191853-s0083-0000000232540264-0280-s_lc.fits,15.923475568,2459834.13926,2834.1392600000836,4.4904,3559.42548308781,3584.37445819698,3566.6191361280835
232567319,50,tess2022085151738-s0050-0000000232567319-0222-s_lc.fits,5.051928,2457357.23855,357.2385499998927,3.743,2665.272397007211,2691.511676957533,2665.9696459998927
232567319,52,tess2022138205153-s0052-0000000232567319-0224-s_lc.fits,5.051928,2457357.23855,357.2385499998927,3.743,2718.63668434976,2743.078001684003,2721.540853999893
232567319,78,tess2024114025118-s0078-0000000232567319-0273-s_lc.fits,5.051928,2457357.23855,357.2385499998927,3.743,3434.273446740342,3452.3247642374,3438.914629999893
232567319,79,tess2024142205832-s0079-0000000232567319-0274-s_lc.fits,5.051928,2457357.23855,357.2385499998927,3.743,3452.540039757584,3479.675695280263,3454.070413999893
232568235,23,tess2020078014623-s0023-0000000232568235-0177-s_lc.fits,0.3524728,2458928.239,1928.2390000000596,0.578,1928.117014460273,1954.877259049499,1928.2390000000596
232568235,24,tess2020106103520-s0024-0000000232568235-0180-s_lc.fits,0.3524728,2458928.239,1928.2390000000596,0.578,1955.796725442905,1982.282942505818,1956.0843512000597
232568235,25,tess2020133194932-s0025-0000000232568235-0182-s_lc.fits,0.3524728,2458928.239,1928.2390000000596,0.578,1983.634322727779,2009.307627895231,1983.9297024000596
232568235,50,tess2022085151738-s0050-0000000232568235-0222-s_lc.fits,0.3524728,2458928.239,1928.2390000000596,0.578,2665.272422564682,2691.511734126304,2665.6120976000593
232568235,52,tess2022138205153-s0052-0000000232568235-0224-s_lc.fits,0.3524728,2458928.239,1928.2390000000596,0.578,2718.636762381088,2743.078084661119,2718.83549040006
232568235,77,tess2024085201119-s0077-0000000232568235-0272-s_lc.fits,0.3524728,2458928.239,1928.2390000000596,0.578,3395.487378872455,3423.551254025101,3395.5832664000595
232976128,14,tess2019198215352-s0014-0000000232976128-0150-s_lc.fits,13.079151,2458694.3804,1694.38040000014,3.1451019,1683.351036180131,1710.202036336272,1694.38040000014
232976128,15,tess2019226182529-s0015-0000000232976128-0151-s_lc.fits,13.079151,2458694.3804,1694.38040000014,3.1451019,1711.361752481437,1737.407727860127,1720.5387020001401
232976128,21,tess2020020091053-s0021-0000000232976128-0167-s_lc.fits,13.079151,2458694.3804,1694.38040000014,3.1451019,1870.435951885136,1897.783449888713,1877.4885140001402
232976128,22,tess2020049080258-s0022-0000000232976128-0174-s_lc.fits,13.079151,2458694.3804,1694.38040000014,3.1451019,1899.320945205259,1926.495625247535,1903.64681600014
232976128,41,tess2021204101404-s0041-0000000232976128-0212-s_lc.fits,13.079151,2458694.3804,1694.38040000014,3.1451019,2419.986698709427,2446.576706079914,2426.81285600014
232976128,48,tess2022027120115-s0048-0000000232976128-0219-s_lc.fits,13.079151,2458694.3804,1694.38040000014,3.1451019,2607.935754995453,2635.988660048754,2609.92097000014
232976128,49,tess2022057073128-s0049-0000000232976128-0221-s_lc.fits,13.079151,2458694.3804,1694.38040000014,3.1451019,2637.474753907594,2664.3173519885,2649.15842300014
232976128,75,tess2024030031500-s0075-0000000232976128-0270-s_lc.fits,13.079151,2458694.3804,1694.38040000014,3.1451019,3339.786835491699,3367.485541705515,3342.3534260001397
232976128,76,tess2024058030222-s0076-0000000232976128-0271-s_lc.fits,13.079151,2458694.3804,1694.38040000014,3.1451019,3367.700817150832,3394.779520081187,3368.51172800014
233087860,14,tess2019198215352-s0014-0000000233087860-0150-s_lc.fits,5.748433803,2459960.5115,2960.5115000000224,1.8879,1683.353810249762,1710.20505747868,1684.3591957340223
233087860,15,tess2019226182529-s0015-0000000233087860-0151-s_lc.fits,5.748433803,2459960.5115,2960.5115000000224,1.8879,1711.36476040333,1737.410364231549,1713.1013647490224
233087860,16,tess2019253231442-s0016-0000000233087860-0152-s_lc.fits,5.748433803,2459960.5115,2960.5115000000224,1.8879,1738.652018882477,1763.319811951901,1741.8435337640224
233087860,17,tess2019279210107-s0017-0000000233087860-0161-s_lc.fits,5.748433803,2459960.5115,2960.5115000000224,1.8879,1764.683695691521,1789.694549662263,1764.8372689760224
233087860,18,tess2019306063752-s0018-0000000233087860-0162-s_lc.fits,5.748433803,2459960.5115,2960.5115000000224,1.8879,1790.655651578562,1815.013787961144,1793.5794379910224
233087860,19,tess2019331140908-s0019-0000000233087860-0164-s_lc.fits,5.748433803,2459960.5115,2960.5115000000224,1.8879,1816.083227000054,1841.14700753923,1816.5731732030224
233087860,20,tess2019357164649-s0020-0000000233087860-0165-s_lc.fits,5.748433803,2459960.5115,2960.5115000000224,1.8879,1842.502561767699,1868.822020376198,1845.3153422180224
233087860,21,tess2020020091053-s0021-0000000233087860-0167-s_lc.fits,5.748433803,2459960.5115,2960.5115000000224,1.8879,1870.433136929846,1897.780506148653,1874.0575112330223
233087860,22,tess2020049080258-s0022-0000000233087860-0174-s_lc.fits,5.748433803,2459960.5115,2960.5115000000224,1.8879,1899.316628628845,1926.493254927052,1902.7996802480222
233087860,24,tess2020106103520-s0024-0000000233087860-0180-s_lc.fits,5.748433803,2459960.5115,2960.5115000000224,1.8879,1955.794925849286,1982.281261197863,1960.2840182780224
233087860,25,tess2020133194932-s0025-0000000233087860-0182-s_lc.fits,5.748433803,2459960.5115,2960.5115000000224,1.8879,1983.632660062826,2009.306409893646,1989.0261872930223
233087860,26,tess2020160202036-s0026-0000000233087860-0188-s_lc.fits,5.748433803,2459960.5115,2960.5115000000224,1.8879,2010.267533895962,2035.135621767297,2012.0199225050224
233087860,40,tess2021175071901-s0040-0000000233087860-0211-s_lc.fits,5.748433803,2459960.5115,2960.5115000000224,1.8879,2390.653516671979,2418.854861993749,2391.4165535030224
233087860,41,tess2021204101404-s0041-0000000233087860-0212-s_lc.fits,5.748433803,2459960.5115,2960.5115000000224,1.8879,2419.98956464088,2446.57968161811,2420.1587225180224
233087860,47,tess2021364111932-s0047-0000000233087860-0218-s_lc.fits,5.748433803,2459960.5115,2960.5115000000224,1.8879,2579.813340280599,2606.93978354448,2581.1148690020223
233087860,48,tess2022027120115-s0048-0000000233087860-0219-s_lc.fits,5.748433803,2459960.5115,2960.5115000000224,1.8879,2607.932842075215,2635.985800798016,2609.857038017022
233087860,49,tess2022057073128-s0049-0000000233087860-0221-s_lc.fits,5.748433803,2459960.5115,2960.5115000000224,1.8879,2637.47192136153,2664.315227505227,2638.599207032022
233087860,50,tess2022085151738-s0050-0000000233087860-0222-s_lc.fits,5.748433803,2459960.5115,2960.5115000000224,1.8879,2665.270791678633,2691.509935087675,2667.341376047022
233087860,51,tess2022112184951-s0051-0000000233087860-0223-s_lc.fits,5.748433803,2459960.5115,2960.5115000000224,1.8879,2692.958556938528,2717.535144922226,2696.0835450620225
233087860,52,tess2022138205153-s0052-0000000233087860-0224-s_lc.fits,5.748433803,2459960.5115,2960.5115000000224,1.8879,2718.635156832184,2743.076942249415,2719.0772802740225
233087860,53,tess2022164095748-s0053-0000000233087860-0226-s_lc.fits,5.748433803,2459960.5115,2960.5115000000224,1.8879,2743.99638875238,2768.979739909723,2747.8194492890225
233087860,54,tess2022190063128-s0054-0000000233087860-0227-s_lc.fits,5.748433803,2459960.5115,2960.5115000000224,1.8879,2769.899176264294,2796.129634200844,2770.8131845010225
233087860,55,tess2022217014003-s0055-0000000233087860-0242-s_lc.fits,5.748433803,2459960.5115,2960.5115000000224,1.8879,2797.100459175374,2824.2641404691,2799.5553535160225
233087860,56,tess2022244194134-s0056-0000000233087860-0243-s_lc.fits,5.748433803,2459960.5115,2960.5115000000224,1.8879,2825.25718382503,2853.138845619335,2828.2975225310224
233087860,57,tess2022273165103-s0057-0000000233087860-0245-s_lc.fits,5.748433803,2459960.5115,2960.5115000000224,1.8879,2853.354121052278,2882.114931147818,2857.0396915460224
233087860,58,tess2022302161335-s0058-0000000233087860-0247-s_lc.fits,5.748433803,2459960.5115,2960.5115000000224,1.8879,2882.328818494733,2910.048032179567,2885.7818605610223
233087860,59,tess2022330142927-s0059-0000000233087860-0248-s_lc.fits,5.748433803,2459960.5115,2960.5115000000224,1.8879,2910.263308665414,2936.686803254868,2914.5240295760223
233087860,60,tess2022357055054-s0060-0000000233087860-0249-s_lc.fits,5.748433803,2459960.5115,2960.5115000000224,1.8879,2936.902080367777,2962.582642277784,2937.5177647880223
233087860,73,tess2023341045131-s0073-0000000233087860-0268-s_lc.fits,5.748433803,2459960.5115,2960.5115000000224,1.8879,3285.797807600989,3312.649126148472,3288.1722267710225
233087860,75,tess2024030031500-s0075-0000000233087860-0270-s_lc.fits,5.748433803,2459960.5115,2960.5115000000224,1.8879,3339.78390318912,3367.482694684843,3339.9081309980224
233087860,76,tess2024058030222-s0076-0000000233087860-0271-s_lc.fits,5.748433803,2459960.5115,2960.5115000000224,1.8879,3367.69797427471,3394.777389697957,3368.6503000130224
233087860,77,tess2024085201119-s0077-0000000233087860-0272-s_lc.fits,5.748433803,2459960.5115,2960.5115000000224,1.8879,3395.485730186006,3423.549435947465,3397.3924690280223
233087860,78,tess2024114025118-s0078-0000000233087860-0273-s_lc.fits,5.748433803,2459960.5115,2960.5115000000224,1.8879,3434.271743573946,3452.323269906499,3437.6315056490225
233087860,79,tess2024142205832-s0079-0000000233087860-0274-s_lc.fits,5.748433803,2459960.5115,2960.5115000000224,1.8879,3452.538548966658,3479.674770647549,3454.876807058022
233087860,80,tess2024170053053-s0080-0000000233087860-0275-s_lc.fits,5.748433803,2459960.5115,2960.5115000000224,1.8879,3479.888666008673,3506.337266607466,3483.618976073022
233087860,81,tess2024196212429-s0081-0000000233087860-0276-s_lc.fits,5.748433803,2459960.5115,2960.5115000000224,1.8879,3506.552544122011,3533.17741628718,3506.612711285022
233087860,82,tess2024223182411-s0082-0000000233087860-0278-s_lc.fits,5.748433803,2459960.5115,2960.5115000000224,1.8879,3533.392692634099,3559.246643130407,3535.354880300022
233087860,83,tess2024249191853-s0083-0000000233087860-0280-s_lc.fits,5.748433803,2459960.5115,2960.5115000000224,1.8879,3559.427196882313,3584.375549146024,3564.0970493150226
233087860,84,tess2024274222008-s0084-0000000233087860-0281-s_lc.fits,5.748433803,2459960.5115,2960.5115000000224,1.8879,3584.589436351263,3610.340554023326,3587.090784527022
233087860,85,tess2024300212641-s0085-0000000233087860-0282-s_lc.fits,5.748433803,2459960.5115,2960.5115000000224,1.8879,3610.554441847656,3636.044496840023,3615.8329535420226
233087860,86,tess2024326142117-s0086-0000000233087860-0283-s_lc.fits,5.748433803,2459960.5115,2960.5115000000224,1.8879,3636.259773557665,3662.826303041285,3638.826688754022
235678745,14,tess2019198215352-s0014-0000000235678745-0150-s_lc.fits,17.66484,2459240.4115,2240.411499999929,2.7644951,1683.352534733293,1710.204312917768,1692.8014599999292
235678745,15,tess2019226182529-s0015-0000000235678745-0151-s_lc.fits,17.66484,2459240.4115,2240.411499999929,2.7644951,1711.364056305904,1737.410323109383,1728.131139999929
235678745,16,tess2019253231442-s0016-0000000235678745-0152-s_lc.fits,17.66484,2459240.4115,2240.411499999929,2.7644951,1738.652012267064,1763.320441723813,1745.7959799999292
235678745,17,tess2019279210107-s0017-0000000235678745-0161-s_lc.fits,17.66484,2459240.4115,2240.411499999929,2.7644951,1764.684358506925,1789.695735433828,1781.1256599999292
235678745,18,tess2019306063752-s0018-0000000235678745-0162-s_lc.fits,17.66484,2459240.4115,2240.411499999929,2.7644951,1790.656855174564,1815.015280412896,1798.7904999999291
235678745,19,tess2019331140908-s0019-0000000235678745-0164-s_lc.fits,17.66484,2459240.4115,2240.411499999929,2.7644951,1816.084727150333,1841.14573633553,1816.455339999929
235678745,20,tess2019357164649-s0020-0000000235678745-0165-s_lc.fits,17.66484,2459240.4115,2240.411499999929,2.7644951,1842.504061503121,1868.823202790112,1851.7850199999293
235678745,21,tess2020020091053-s0021-0000000235678745-0167-s_lc.fits,17.66484,2459240.4115,2240.411499999929,2.7644951,1870.434292177313,1897.781058279261,1887.1146999999291
235678745,22,tess2020049080258-s0022-0000000235678745-0174-s_lc.fits,17.66484,2459240.4115,2240.411499999929,2.7644951,1899.321310489909,1926.493047129795,1904.779539999929
235678745,23,tess2020078014623-s0023-0000000235678745-0177-s_lc.fits,17.66484,2459240.4115,2240.411499999929,2.7644951,1928.105521374982,1954.87456827612,1940.109219999929
235678745,24,tess2020106103520-s0024-0000000235678745-0180-s_lc.fits,17.66484,2459240.4115,2240.411499999929,2.7644951,1955.793997020089,1982.279874623024,1957.7740599999292
235678745,26,tess2020160202036-s0026-0000000235678745-0188-s_lc.fits,17.66484,2459240.4115,2240.411499999929,2.7644951,2010.265954585948,2035.134167550669,2010.7685799999292
235678745,40,tess2021175071901-s0040-0000000235678745-0211-s_lc.fits,17.66484,2459240.4115,2240.411499999929,2.7644951,2390.651976983407,2418.853661267362,2399.3950599999293
235678745,41,tess2021204101404-s0041-0000000235678745-0212-s_lc.fits,17.66484,2459240.4115,2240.411499999929,2.7644951,2419.98839630514,2446.579083266075,2434.724739999929
235678745,47,tess2021364111932-s0047-0000000235678745-0218-s_lc.fits,17.66484,2459240.4115,2240.411499999929,2.7644951,2579.816167556799,2606.940816083563,2593.7082999999293
235678745,48,tess2022027120115-s0048-0000000235678745-0219-s_lc.fits,17.66484,2459240.4115,2240.411499999929,2.7644951,2607.933854234631,2635.98614690729,2611.373139999929
235678745,49,tess2022057073128-s0049-0000000235678745-0221-s_lc.fits,17.66484,2459240.4115,2240.411499999929,2.7644951,2637.472228940019,2664.314819120784,2646.7028199999295
235678745,50,tess2022085151738-s0050-0000000235678745-0222-s_lc.fits,17.66484,2459240.4115,2240.411499999929,2.7644951,2665.270358124943,2691.508889851174,2682.0324999999293
235678745,51,tess2022112184951-s0051-0000000235678745-0223-s_lc.fits,17.66484,2459240.4115,2240.411499999929,2.7644951,2692.954704857603,2717.533695941119,2699.697339999929
235678745,52,tess2022138205153-s0052-0000000235678745-0224-s_lc.fits,17.66484,2459240.4115,2240.411499999929,2.7644951,2718.633684035351,2743.075353780426,2735.0270199999295
235678745,53,tess2022164095748-s0053-0000000235678745-0226-s_lc.fits,17.66484,2459240.4115,2240.411499999929,2.7644951,2743.994800071224,2768.978314117235,2752.6918599999294
235678745,54,tess2022190063128-s0054-0000000235678745-0227-s_lc.fits,17.66484,2459240.4115,2240.411499999929,2.7644951,2769.897772190135,2796.128671488486,2770.3566999999293
235678745,55,tess2022217014003-s0055-0000000235678745-0242-s_lc.fits,17.66484,2459240.4115,2240.411499999929,2.7644951,2797.099516855721,2824.263852712948,2805.686379999929
235678745,56,tess2022244194134-s0056-0000000235678745-0243-s_lc.fits,17.66484,2459240.4115,2240.411499999929,2.7644951,2825.256921923055,2853.139315160393,2841.0160599999294
235678745,57,tess2022273165103-s0057-0000000235678745-0245-s_lc.fits,17.66484,2459240.4115,2240.411499999929,2.7644951,2853.354595933146,2882.116045963078,2858.6808999999294
235678745,58,tess2022302161335-s0058-0000000235678745-0247-s_lc.fits,17.66484,2459240.4115,2240.411499999929,2.7644951,2882.329936403907,2910.049507041634,2894.010579999929
235678745,59,tess2022330142927-s0059-0000000235678745-0248-s_lc.fits,17.66484,2459240.4115,2240.411499999929,2.7644951,2910.264784592662,2936.688298352896,2911.6754199999295
235678745,60,tess2022357055054-s0060-0000000235678745-0249-s_lc.fits,17.66484,2459240.4115,2240.411499999929,2.7644951,2936.903574236973,2962.583845792615,2947.0050999999294
235678745,73,tess2023341045131-s0073-0000000235678745-0268-s_lc.fits,17.66484,2459240.4115,2240.411499999929,2.7644951,3285.799325790869,3312.650530997326,3300.3018999999294
235678745,74,tess2024003055635-s0074-0000000235678745-0269-s_lc.fits,17.66484,2459240.4115,2240.411499999929,2.7644951,3312.864423360316,3339.569617339989,3317.9667399999294
235678745,75,tess2024030031500-s0075-0000000235678745-0270-s_lc.fits,17.66484,2459240.4115,2240.411499999929,2.7644951,3339.784878744522,3367.48300562039,3353.2964199999296
235678745,76,tess2024058030222-s0076-0000000235678745-0271-s_lc.fits,17.66484,2459240.4115,2240.411499999929,2.7644951,3367.698279269985,3394.776974192348,3370.961259999929
235678745,77,tess2024085201119-s0077-0000000235678745-0272-s_lc.fits,17.66484,2459240.4115,2240.411499999929,2.7644951,3395.485295834588,3423.54835189258,3406.2909399999294
235678745,78,tess2024114025118-s0078-0000000235678745-0273-s_lc.fits,17.66484,2459240.4115,2240.411499999929,2.7644951,3434.270471595904,3452.321770288977,3441.6206199999297
235678745,79,tess2024142205832-s0079-0000000235678745-0274-s_lc.fits,17.66484,2459240.4115,2240.411499999929,2.7644951,3452.537046948052,3479.673196933286,3459.285459999929
235678745,80,tess2024170053053-s0080-0000000235678745-0275-s_lc.fits,17.66484,2459240.4115,2240.411499999929,2.7644951,3479.887092663969,3506.335933936713,3494.6151399999294
235678745,81,tess2024196212429-s0081-0000000235678745-0276-s_lc.fits,17.66484,2459240.4115,2240.411499999929,2.7644951,3506.551214406102,3533.176588568865,3512.2799799999293
235678745,83,tess2024249191853-s0083-0000000235678745-0280-s_lc.fits,17.66484,2459240.4115,2240.411499999929,2.7644951,3559.427023254656,3584.376031050643,3565.2744999999295
235678745,84,tess2024274222008-s0084-0000000235678745-0281-s_lc.fits,17.66484,2459240.4115,2240.411499999929,2.7644951,3584.589923230746,3610.341619989727,3600.6041799999293
235678745,85,tess2024300212641-s0085-0000000235678745-0282-s_lc.fits,17.66484,2459240.4115,2240.411499999929,2.7644951,3610.555510768709,3636.045929603573,3618.2690199999292
237099296,14,tess2019198215352-s0014-0000000237099296-0150-s_lc.fits,11.3372712966,2458700.16159,1700.1615900001489,2.8857877,1683.352319956026,1710.20347502231,1688.824318703549
237099296,16,tess2019253231442-s0016-0000000237099296-0152-s_lc.fits,11.3372712966,2458700.16159,1700.1615900001489,2.8857877,1738.650696695774,1763.318959792438,1745.510675186549
237099296,17,tess2019279210107-s0017-0000000237099296-0161-s_lc.fits,11.3372712966,2458700.16159,1700.1615900001489,2.8857877,1764.682872424004,1789.694363371536,1768.1852177797489
237099296,18,tess2019306063752-s0018-0000000237099296-0162-s_lc.fits,11.3372712966,2458700.16159,1700.1615900001489,2.8857877,1790.655490982618,1815.01428327794,1790.8597603729488
237099296,19,tess2019331140908-s0019-0000000237099296-0164-s_lc.fits,11.3372712966,2458700.16159,1700.1615900001489,2.8857877,1816.083748593341,1841.146716879041,1824.871574262749
237099296,20,tess2019357164649-s0020-0000000237099296-0165-s_lc.fits,11.3372712966,2458700.16159,1700.1615900001489,2.8857877,1842.503684781615,1868.823508393534,1847.5461168559489
237099296,21,tess2020020091053-s0021-0000000237099296-0167-s_lc.fits,11.3372712966,2458700.16159,1700.1615900001489,2.8857877,1870.434636003669,1897.782033010901,1881.5579307457488
237099296,22,tess2020049080258-s0022-0000000237099296-0174-s_lc.fits,11.3372712966,2458700.16159,1700.1615900001489,2.8857877,1899.319533812122,1926.494444317503,1904.232473338949
237099296,23,tess2020078014623-s0023-0000000237099296-0177-s_lc.fits,11.3372712966,2458700.16159,1700.1615900001489,2.8857877,1928.105541218204,1954.876052156776,1938.2442872287488
237099296,24,tess2020106103520-s0024-0000000237099296-0180-s_lc.fits,11.3372712966,2458700.16159,1700.1615900001489,2.8857877,1955.795476081149,1982.28111673164,1960.9188298219487
237099296,25,tess2020133194932-s0025-0000000237099296-0182-s_lc.fits,11.3372712966,2458700.16159,1700.1615900001489,2.8857877,1983.632478284939,2009.305586889253,1994.9306437117489
237099296,26,tess2020160202036-s0026-0000000237099296-0188-s_lc.fits,11.3372712966,2458700.16159,1700.1615900001489,2.8857877,2010.266677508703,2035.134297182061,2017.6051863049488
237099296,40,tess2021175071901-s0040-0000000237099296-0211-s_lc.fits,11.3372712966,2458700.16159,1700.1615900001489,2.8857877,2390.652352034273,2418.85333401131,2391.735139092749
237099296,41,tess2021204101404-s0041-0000000237099296-0212-s_lc.fits,11.3372712966,2458700.16159,1700.1615900001489,2.8857877,2419.988039544254,2446.578136520021,2425.746952982549
237099296,47,tess2021364111932-s0047-0000000237099296-0218-s_lc.fits,11.3372712966,2458700.16159,1700.1615900001489,2.8857877,2579.814584249512,2606.941320732273,2584.468751134949
237099296,48,tess2022027120115-s0048-0000000237099296-0219-s_lc.fits,11.3372712966,2458700.16159,1700.1615900001489,2.8857877,2607.934381909127,2635.98727225277,2618.480565024749
237099296,49,tess2022057073128-s0049-0000000237099296-0221-s_lc.fits,11.3372712966,2458700.16159,1700.1615900001489,2.8857877,2637.47337663311,2664.316280170474,2641.155107617949
237099296,50,tess2022085151738-s0050-0000000237099296-0222-s_lc.fits,11.3372712966,2458700.16159,1700.1615900001489,2.8857877,2665.271823699172,2691.510354352869,2675.166921507749
237099296,51,tess2022112184951-s0051-0000000237099296-0223-s_lc.fits,11.3372712966,2458700.16159,1700.1615900001489,2.8857877,2692.954769838832,2717.534874817764,2697.841464100949
237099296,52,tess2022138205153-s0052-0000000237099296-0224-s_lc.fits,11.3372712966,2458700.16159,1700.1615900001489,2.8857877,2718.634844398573,2743.076035482901,2720.516006694149
237099296,53,tess2022164095748-s0053-0000000237099296-0226-s_lc.fits,11.3372712966,2458700.16159,1700.1615900001489,2.8857877,2743.995460114774,2768.978367668885,2754.527820583949
237099296,54,tess2022190063128-s0054-0000000237099296-0227-s_lc.fits,11.3372712966,2458700.16159,1700.1615900001489,2.8857877,2769.897802337444,2796.12806108668,2777.202363177149
237099296,55,tess2022217014003-s0055-0000000237099296-0242-s_lc.fits,11.3372712966,2458700.16159,1700.1615900001489,2.8857877,2797.098882983189,2824.262690534483,2799.876905770349
237099296,56,tess2022244194134-s0056-0000000237099296-0243-s_lc.fits,11.3372712966,2458700.16159,1700.1615900001489,2.8857877,2825.255743142619,2853.137861400244,2833.888719660149
237099296,57,tess2022273165103-s0057-0000000237099296-0245-s_lc.fits,11.3372712966,2458700.16159,1700.1615900001489,2.8857877,2853.353141023396,2882.114654715686,2856.563262253349
237099296,58,tess2022302161335-s0058-0000000237099296-0247-s_lc.fits,11.3372712966,2458700.16159,1700.1615900001489,2.8857877,2882.328546721429,2910.048506772387,2890.575076143149
237099296,59,tess2022330142927-s0059-0000000237099296-0248-s_lc.fits,11.3372712966,2458700.16159,1700.1615900001489,2.8857877,2910.263788201074,2936.687894733049,2913.249618736349
237099296,60,tess2022357055054-s0060-0000000237099296-0249-s_lc.fits,11.3372712966,2458700.16159,1700.1615900001489,2.8857877,2936.903175839983,2962.584109818073,2947.261432626149
237099296,73,tess2023341045131-s0073-0000000237099296-0268-s_lc.fits,11.3372712966,2458700.16159,1700.1615900001489,2.8857877,3285.798540867711,3312.650400731714,3287.379571524149
237099296,74,tess2024003055635-s0074-0000000237099296-0269-s_lc.fits,11.3372712966,2458700.16159,1700.1615900001489,2.8857877,3312.864298072294,3339.570174683679,3321.391385413949
237099296,75,tess2024030031500-s0075-0000000237099296-0270-s_lc.fits,11.3372712966,2458700.16159,1700.1615900001489,2.8857877,3339.785453068923,3367.484160208473,3344.065928007149
237099296,76,tess2024058030222-s0076-0000000237099296-0271-s_lc.fits,11.3372712966,2458700.16159,1700.1615900001489,2.8857877,3367.69943766368,3394.778447874372,3378.077741896949
237099296,77,tess2024085201119-s0077-0000000237099296-0272-s_lc.fits,11.3372712966,2458700.16159,1700.1615900001489,2.8857877,3395.486773343419,3423.54981930407,3400.7522844901487
237099296,78,tess2024114025118-s0078-0000000237099296-0273-s_lc.fits,11.3372712966,2458700.16159,1700.1615900001489,2.8857877,3434.271832038658,3452.322879075667,3434.7640983799492
237099296,79,tess2024142205832-s0079-0000000237099296-0274-s_lc.fits,11.3372712966,2458700.16159,1700.1615900001489,2.8857877,3452.538152264405,3479.673738087077,3457.4386409731487
237099296,80,tess2024170053053-s0080-0000000237099296-0275-s_lc.fits,11.3372712966,2458700.16159,1700.1615900001489,2.8857877,3479.887629556755,3506.335815137137,3480.113183566349
237099296,81,tess2024196212429-s0081-0000000237099296-0276-s_lc.fits,11.3372712966,2458700.16159,1700.1615900001489,2.8857877,3506.551090373017,3533.17583181286,3514.124997456149
237099296,83,tess2024249191853-s0083-0000000237099296-0280-s_lc.fits,11.3372712966,2458700.16159,1700.1615900001489,2.8857877,3559.42579163917,3584.374572579457,3559.474082642549
237099296,84,tess2024274222008-s0084-0000000237099296-0281-s_lc.fits,11.3372712966,2458700.16159,1700.1615900001489,2.8857877,3584.588464171371,3610.340208671577,3593.485896532349
237099296,85,tess2024300212641-s0085-0000000237099296-0282-s_lc.fits,11.3372712966,2458700.16159,1700.1615900001489,2.8857877,3610.554101249176,3636.044844586664,3616.1604391255487
237104103,23,tess2020078014623-s0023-0000000237104103-0177-s_lc.fits,4.537143,2458934.12245,1934.1224500001408,4.029272,1928.10545430689,1954.875930023017,1929.5853070001408
237104103,24,tess2020106103520-s0024-0000000237104103-0180-s_lc.fits,4.537143,2458934.12245,1934.1224500001408,4.029272,1955.795353275558,1982.280984890997,1956.808165000141
237104103,25,tess2020133194932-s0025-0000000237104103-0182-s_lc.fits,4.537143,2458934.12245,1934.1224500001408,4.029272,1983.632346884127,2009.305472883379,1984.0310230001407
237104103,26,tess2020160202036-s0026-0000000237104103-0188-s_lc.fits,4.537143,2458934.12245,1934.1224500001408,4.029272,2010.266564768875,2035.134221972059,2011.2538810001408
237104103,40,tess2021175071901-s0040-0000000237104103-0211-s_lc.fits,4.537143,2458934.12245,1934.1224500001408,4.029272,2390.652259748995,2418.853295183948,2392.373893000141
237104103,41,tess2021204101404-s0041-0000000237104103-0212-s_lc.fits,4.537143,2458934.12245,1934.1224500001408,4.029272,2419.988003281289,2446.578158664311,2424.133894000141
237104103,47,tess2021364111932-s0047-0000000237104103-0218-s_lc.fits,4.537143,2458934.12245,1934.1224500001408,4.029272,2579.814662704824,2606.941342744664,2582.9338990001406
237104103,48,tess2022027120115-s0048-0000000237104103-0219-s_lc.fits,4.537143,2458934.12245,1934.1224500001408,4.029272,2607.934401728021,2635.98722871635,2610.1567570001407
237104103,49,tess2022057073128-s0049-0000000237104103-0221-s_lc.fits,4.537143,2458934.12245,1934.1224500001408,4.029272,2637.47332999655,2664.316182965369,2641.916758000141
237104103,50,tess2022085151738-s0050-0000000237104103-0222-s_lc.fits,4.537143,2458934.12245,1934.1224500001408,4.029272,2665.271725049527,2691.510226817439,2669.139616000141
237104103,51,tess2022112184951-s0051-0000000237104103-0223-s_lc.fits,4.537143,2458934.12245,1934.1224500001408,4.029272,2692.954641492686,2717.534743393757,2696.362474000141
237104103,52,tess2022138205153-s0052-0000000237104103-0224-s_lc.fits,4.537143,2458934.12245,1934.1224500001408,4.029272,2718.634713391236,2743.075924505397,2719.048189000141
237104103,53,tess2022164095748-s0053-0000000237104103-0226-s_lc.fits,4.537143,2458934.12245,1934.1224500001408,4.029272,2743.995350279217,2768.978297854268,2746.271047000141
237104103,54,tess2022190063128-s0054-0000000237104103-0227-s_lc.fits,4.537143,2458934.12245,1934.1224500001408,4.029272,2769.897734283957,2796.128048045952,2773.493905000141
237104103,55,tess2022217014003-s0055-0000000237104103-0242-s_lc.fits,4.537143,2458934.12245,1934.1224500001408,4.029272,2797.098872153537,2824.262738827983,2800.716763000141
237104103,56,tess2022244194134-s0056-0000000237104103-0243-s_lc.fits,4.537143,2458934.12245,1934.1224500001408,4.029272,2825.255793550569,2853.137961073762,2827.939621000141
237104103,57,tess2022273165103-s0057-0000000237104103-0245-s_lc.fits,4.537143,2458934.12245,1934.1224500001408,4.029272,2853.353241010013,2882.114781593311,2855.162479000141
237104103,59,tess2022330142927-s0059-0000000237104103-0248-s_lc.fits,4.537143,2458934.12245,1934.1224500001408,4.029272,2910.263911174796,2936.687987035672,2914.145338000141
237104103,60,tess2022357055054-s0060-0000000237104103-0249-s_lc.fits,4.537143,2458934.12245,1934.1224500001408,4.029272,2936.903267794816,2962.584152743429,2941.368196000141
237104103,73,tess2023341045131-s0073-0000000237104103-0268-s_lc.fits,4.537143,2458934.12245,1934.1224500001408,4.029272,3285.798654579578,3312.650474204218,3286.1910640001406
237104103,74,tess2024003055635-s0074-0000000237104103-0269-s_lc.fits,4.537143,2458934.12245,1934.1224500001408,4.029272,3312.864371138101,3339.570191388579,3313.4139220001407
237104103,75,tess2024030031500-s0075-0000000237104103-0270-s_lc.fits,4.537143,2458934.12245,1934.1224500001408,4.029272,3339.785469273936,3367.4841140491,3340.636780000141
237104103,76,tess2024058030222-s0076-0000000237104103-0271-s_lc.fits,4.537143,2458934.12245,1934.1224500001408,4.029272,3367.699391032243,3394.778350351162,3367.859638000141
237104103,77,tess2024085201119-s0077-0000000237104103-0272-s_lc.fits,4.537143,2458934.12245,1934.1224500001408,4.029272,3395.486674654484,3423.549690406872,3399.619639000141
237104103,78,tess2024114025118-s0078-0000000237104103-0273-s_lc.fits,4.537143,2458934.12245,1934.1224500001408,4.029272,3434.271699308194,3452.322748987569,3435.9167830001406
237104103,79,tess2024142205832-s0079-0000000237104103-0274-s_lc.fits,4.537143,2458934.12245,1934.1224500001408,4.029272,3452.538022270094,3479.673634754917,3454.0653550001407
237104103,80,tess2024170053053-s0080-0000000237104103-0275-s_lc.fits,4.537143,2458934.12245,1934.1224500001408,4.029272,3479.887526505621,3506.33575840539,3481.288213000141
237104103,81,tess2024196212429-s0081-0000000237104103-0276-s_lc.fits,4.537143,2458934.12245,1934.1224500001408,4.029272,3506.551034048781,3533.175832951052,3508.511071000141
237104103,82,tess2024223182411-s0082-0000000237104103-0278-s_lc.fits,4.537143,2458934.12245,1934.1224500001408,4.029272,3533.391109446993,3559.245292964081,3535.733929000141
237104103,83,tess2024249191853-s0083-0000000237104103-0280-s_lc.fits,4.537143,2458934.12245,1934.1224500001408,4.029272,3559.425849038327,3584.374673087324,3562.956787000141
237104103,84,tess2024274222008-s0084-0000000237104103-0281-s_lc.fits,4.537143,2458934.12245,1934.1224500001408,4.029272,3584.588564946294,3610.340334308943,3585.6425020001407
237104103,85,tess2024300212641-s0085-0000000237104103-0282-s_lc.fits,4.537143,2458934.12245,1934.1224500001408,4.029272,3610.554226963434,3636.044970233612,3612.8653600001408
237104103,86,tess2024326142117-s0086-0000000237104103-0283-s_lc.fits,4.537143,2458934.12245,1934.1224500001408,4.029272,3636.260252114575,3662.827396311564,3640.088218000141
237157859,74,tess2024003055635-s0074-0000000237157859-0269-s_lc.fits,9.95661537,2454969.59034,-2030.4096599998884,2.87,3312.861166768666,3339.566760112177,3316.2927936901115
237157859,80,tess2024170053053-s0080-0000000237157859-0275-s_lc.fits,9.95661537,2454969.59034,-2030.4096599998884,2.87,3479.890375354079,3506.3392288729,3485.5552549801114
237157859,81,tess2024196212429-s0081-0000000237157859-0276-s_lc.fits,9.95661537,2454969.59034,-2030.4096599998884,2.87,3506.554507271677,3533.17924676232,3515.4251010901116
237158650,40,tess2021175071901-s0040-0000000237158650-0211-s_lc.fits,4.147020258,2455003.32607,-1996.6739300000481,2.8969,2390.655380863102,2418.856879223523,2390.873502963952
237158650,41,tess2021204101404-s0041-0000000237158650-0212-s_lc.fits,4.147020258,2455003.32607,-1996.6739300000481,2.8969,2419.99159100152,2446.581424457993,2424.049665027952
237158650,53,tess2022164095748-s0053-0000000237158650-0226-s_lc.fits,4.147020258,2455003.32607,-1996.6739300000481,2.8969,2743.998062637038,2768.981733431972,2747.517245151952
237158650,54,tess2022190063128-s0054-0000000237158650-0227-s_lc.fits,4.147020258,2455003.32607,-1996.6739300000481,2.8969,2769.901170915772,2796.131577541687,2772.399366699952
237158650,74,tess2024003055635-s0074-0000000237158650-0269-s_lc.fits,4.147020258,2455003.32607,-1996.6739300000481,2.8969,3312.86110253721,3339.566704363674,3315.659020497952
237158650,80,tess2024170053053-s0080-0000000237158650-0275-s_lc.fits,4.147020258,2455003.32607,-1996.6739300000481,2.8969,3479.89044067099,3506.339293844058,3481.539830817952
237158650,81,tess2024196212429-s0081-0000000237158650-0276-s_lc.fits,4.147020258,2455003.32607,-1996.6739300000481,2.8969,3506.554572201159,3533.17929860998,3510.5689726239525
237159318,74,tess2024003055635-s0074-0000000237159318-0269-s_lc.fits,15.37563332,2455006.61329,-1993.3867100002244,3.2673,3312.86104654796,3339.566655738391,3326.582418719776
237159318,80,tess2024170053053-s0080-0000000237159318-0275-s_lc.fits,15.37563332,2455006.61329,-1993.3867100002244,3.2673,3479.890497585743,3506.33935048733,3480.338751919776
237159318,81,tess2024196212429-s0081-0000000237159318-0276-s_lc.fits,15.37563332,2455006.61329,-1993.3867100002244,3.2673,3506.554628808808,3533.179343842687,3511.0900185597757
237189544,40,tess2021175071901-s0040-0000000237189544-0211-s_lc.fits,0.727330983,2454965.37091,-2034.629089999944,0.9332,2390.655331157019,2418.856837513543,2391.179941555056
237189544,41,tess2021204101404-s0041-0000000237189544-0212-s_lc.fits,0.727330983,2454965.37091,-2034.629089999944,0.9332,2419.99154983357,2446.581399634987,2420.273180875056
237189544,53,tess2022164095748-s0053-0000000237189544-0226-s_lc.fits,0.727330983,2454965.37091,-2034.629089999944,0.9332,2743.998012678799,2768.98168599948,2744.662799293056
237189544,54,tess2022190063128-s0054-0000000237189544-0227-s_lc.fits,0.727330983,2454965.37091,-2034.629089999944,0.9332,2769.901123699813,2796.131542077156,2770.1193836980556
237189544,74,tess2024003055635-s0074-0000000237189544-0269-s_lc.fits,0.727330983,2454965.37091,-2034.629089999944,0.9332,3312.861149259801,3339.566740189092,3313.435627999056
237189544,80,tess2024170053053-s0080-0000000237189544-0275-s_lc.fits,0.727330983,2454965.37091,-2034.629089999944,0.9332,3479.890390252911,3506.339248325201,3479.9944231060563
237189544,81,tess2024196212429-s0081-0000000237189544-0276-s_lc.fits,0.727330983,2454965.37091,-2034.629089999944,0.9332,3506.554526748892,3533.179266982498,3506.905669477056
237191392,40,tess2021175071901-s0040-0000000237191392-0211-s_lc.fits,0.539915238,2454964.55175,-2035.4482499998994,1.139,2390.655414555326,2418.856922435028,2390.7768711241006
237191392,41,tess2021204101404-s0041-0000000237191392-0212-s_lc.fits,0.539915238,2454964.55175,-2035.4482499998994,1.139,2419.99163444376,2446.581467679976,2420.4722092141
237191392,53,tess2022164095748-s0053-0000000237191392-0226-s_lc.fits,0.539915238,2454964.55175,-2035.4482499998994,1.139,2743.998089896151,2768.981772648336,2744.4213520141
237191392,54,tess2022190063128-s0054-0000000237191392-0227-s_lc.fits,0.539915238,2454964.55175,-2035.4482499998994,1.139,2769.901210508856,2796.131622011874,2770.3372834381007
237191392,74,tess2024003055635-s0074-0000000237191392-0269-s_lc.fits,0.539915238,2454964.55175,-2035.4482499998994,1.139,3312.861065575811,3339.566660816194,3312.9520976281
237191392,80,tess2024170053053-s0080-0000000237191392-0275-s_lc.fits,0.539915238,2454964.55175,-2035.4482499998994,1.139,3479.890471204168,3506.339335454619,3480.3258214081006
237191392,81,tess2024196212429-s0081-0000000237191392-0276-s_lc.fits,0.539915238,2454964.55175,-2035.4482499998994,1.139,3506.554613876214,3533.179343211716,3506.7816680701
237232044,14,tess2019198215352-s0014-0000000237232044-0150-s_lc.fits,23.540678,2458693.25,1693.25,4.260461,1683.352492507069,1710.204402772788,1693.25
237232044,16,tess2019253231442-s0016-0000000237232044-0152-s_lc.fits,23.540678,2458693.25,1693.25,4.260461,1738.653622944255,1763.320728781777,1740.331356
237232044,17,tess2019279210107-s0017-0000000237232044-0161-s_lc.fits,23.540678,2458693.25,1693.25,4.260461,1764.68463691178,1789.696027309915,1787.412712
237232044,18,tess2019306063752-s0018-0000000237232044-0162-s_lc.fits,23.540678,2458693.25,1693.25,4.260461,1790.657141315002,1815.015525278107,1810.95339
237232044,19,tess2019331140908-s0019-0000000237232044-0164-s_lc.fits,23.540678,2458693.25,1693.25,4.260461,1816.084969970106,1841.150054823952,1834.494068
237232044,20,tess2019357164649-s0020-0000000237232044-0165-s_lc.fits,23.540678,2458693.25,1693.25,4.260461,1842.504212942691,1868.823225648377,1858.034746
237232044,23,tess2020078014623-s0023-0000000237232044-0177-s_lc.fits,23.540678,2458693.25,1693.25,4.260461,1928.105280366365,1954.874275184948,1928.65678
237232044,24,tess2020106103520-s0024-0000000237232044-0180-s_lc.fits,23.540678,2458693.25,1693.25,4.260461,1955.793703501206,1982.279591301891,1975.738136
237232044,25,tess2020133194932-s0025-0000000237232044-0182-s_lc.fits,23.540678,2458693.25,1693.25,4.260461,1983.630977128319,2009.304626159391,1999.278814
237232044,26,tess2020160202036-s0026-0000000237232044-0188-s_lc.fits,23.540678,2458693.25,1693.25,4.260461,2010.265743505645,2035.134059116084,2022.819492
237232044,40,tess2021175071901-s0040-0000000237232044-0211-s_lc.fits,23.540678,2458693.25,1693.25,4.260461,2390.651824166178,2418.853641531357,2399.47034
237232044,47,tess2021364111932-s0047-0000000237232044-0218-s_lc.fits,23.540678,2458693.25,1693.25,4.260461,2579.816286072254,2606.940797923122,2587.795764
237232044,49,tess2022057073128-s0049-0000000237232044-0221-s_lc.fits,23.540678,2458693.25,1693.25,4.260461,2637.472063590804,2664.314560083713,2658.417798
237232044,50,tess2022085151738-s0050-0000000237232044-0222-s_lc.fits,23.540678,2458693.25,1693.25,4.260461,2665.270096834129,2691.50859159931,2681.958476
237232044,52,tess2022138205153-s0052-0000000237232044-0224-s_lc.fits,23.540678,2458693.25,1693.25,4.260461,2718.633409323131,2743.075148721356,2729.039832
237232044,53,tess2022164095748-s0053-0000000237232044-0226-s_lc.fits,23.540678,2458693.25,1693.25,4.260461,2743.994598481447,2768.978219570531,2752.58051
237232044,54,tess2022190063128-s0054-0000000237232044-0227-s_lc.fits,23.540678,2458693.25,1693.25,4.260461,2769.89768213555,2796.128710832674,2776.121188
237232044,57,tess2022273165103-s0057-0000000237232044-0245-s_lc.fits,23.540678,2458693.25,1693.25,4.260461,2853.354857852312,2882.11633651692,2870.2839
237232044,58,tess2022302161335-s0058-0000000237232044-0247-s_lc.fits,23.540678,2458693.25,1693.25,4.260461,2882.330221386187,2910.049751288796,2893.8245779999997
237232044,59,tess2022330142927-s0059-0000000237232044-0248-s_lc.fits,23.540678,2458693.25,1693.25,4.260461,2910.265028764715,2936.688448708868,2917.365256
237232044,60,tess2022357055054-s0060-0000000237232044-0249-s_lc.fits,23.540678,2458693.25,1693.25,4.260461,2936.903728763994,2962.583876564503,2940.905934
237232044,73,tess2023341045131-s0073-0000000237232044-0268-s_lc.fits,23.540678,2458693.25,1693.25,4.260461,3285.799538633813,3312.650632080572,3294.0161040000003
237232044,74,tess2024003055635-s0074-0000000237232044-0269-s_lc.fits,23.540678,2458693.25,1693.25,4.260461,3312.86452852107,3339.569587477917,3317.5567819999997
237232044,76,tess2024058030222-s0076-0000000237232044-0271-s_lc.fits,23.540678,2458693.25,1693.25,4.260461,3367.698114065133,3394.77671473883,3388.178816
237232044,77,tess2024085201119-s0077-0000000237232044-0272-s_lc.fits,23.540678,2458693.25,1693.25,4.260461,3395.485034472354,3423.548052712887,3411.719494
237232044,78,tess2024114025118-s0078-0000000237232044-0273-s_lc.fits,23.540678,2458693.25,1693.25,4.260461,3434.270176320082,3452.321501454916,3435.2601720000002
237232044,79,tess2024142205832-s0079-0000000237232044-0274-s_lc.fits,23.540678,2458693.25,1693.25,4.260461,3452.536778579419,3479.673014589406,3458.80085
237232044,80,tess2024170053053-s0080-0000000237232044-0275-s_lc.fits,23.540678,2458693.25,1693.25,4.260461,3479.886911137791,3506.33587206651,3482.341528
237232044,84,tess2024274222008-s0084-0000000237232044-0281-s_lc.fits,23.540678,2458693.25,1693.25,4.260461,3584.590186514473,3610.341910770288,3600.044918
237232044,85,tess2024300212641-s0085-0000000237232044-0282-s_lc.fits,23.540678,2458693.25,1693.25,4.260461,3610.555795926718,3636.046184855825,3623.585596
237232044,86,tess2024326142117-s0086-0000000237232044-0283-s_lc.fits,23.540678,2458693.25,1693.25,4.260461,3636.261462797039,3662.827980087785,3647.126274
237320326,28,tess2020212050318-s0028-0000000237320326-0190-s_lc.fits,1.7771255,2457203.85378,203.85378000000492,1.60368,2061.854114893308,2087.101171021911,2062.727053000005
237320326,68,tess2023209231226-s0068-0000000237320326-0262-s_lc.fits,1.7771255,2457203.85378,203.85378000000492,1.60368,3154.624435399887,3182.134040081952,3155.659235500005
237913194,28,tess2020212050318-s0028-0000000237913194-0190-s_lc.fits,15.168865,2458319.15055,1319.150549999904,2.0633315,2061.852700469669,2087.10026914327,2062.424934999904
237913194,29,tess2020238165205-s0029-0000000237913194-0193-s_lc.fits,15.168865,2458319.15055,1319.150549999904,2.0633315,2088.241944785993,2114.436189399119,2092.762664999904
237913194,68,tess2023209231226-s0068-0000000237913194-0262-s_lc.fits,15.168865,2458319.15055,1319.150549999904,2.0633315,3154.621571644703,3182.133105268252,3169.752079999904
237913194,69,tess2023237165326-s0069-0000000237913194-0264-s_lc.fits,15.168865,2458319.15055,1319.150549999904,2.0633315,3182.356719012008,3208.141285745827,3184.920944999904
237913194,95,tess2025206162959-s0095-0000000237913194-0292-s_lc.fits,15.168865,2458319.15055,1319.150549999904,2.0633315,3882.53738998054,3907.544790731081,3882.6887349999038
237913194,96,tess2025232030459-s0096-0000000237913194-0293-s_lc.fits,15.168865,2458319.15055,1319.150549999904,2.0633315,3907.776736693576,3933.437803003852,3913.026464999904
237922465,28,tess2020212050318-s0028-0000000237922465-0190-s_lc.fits,8.275479,2458359.4884,1359.4884000001475,3.755,2061.851089222566,2087.098760820641,2062.9041150001476
237922465,29,tess2020238165205-s0029-0000000237922465-0193-s_lc.fits,8.275479,2458359.4884,1359.4884000001475,3.755,2088.240440915964,2114.435094263752,2096.0060310001477
237922465,30,tess2020266004630-s0030-0000000237922465-0195-s_lc.fits,8.275479,2458359.4884,1359.4884000001475,3.755,2115.886489208735,2143.208590309162,2120.832468000148
237922465,31,tess2020294194027-s0031-0000000237922465-0198-s_lc.fits,8.275479,2458359.4884,1359.4884000001475,3.755,2144.515525051463,2169.945675397741,2145.6589050001476
237922465,38,tess2021118034608-s0038-0000000237922465-0209-s_lc.fits,8.275479,2458359.4884,1359.4884000001475,3.755,2333.853013151949,2360.550703513287,2335.9949220001477
237922465,62,tess2023043185947-s0062-0000000237922465-0254-s_lc.fits,8.275479,2458359.4884,1359.4884000001475,3.755,2988.439011653841,3014.151152633234,2989.757763000148
237922465,65,tess2023124020739-s0065-0000000237922465-0259-s_lc.fits,8.275479,2458359.4884,1359.4884000001475,3.755,3068.737456108515,3096.628266698816,3072.512553000148
237922465,69,tess2023237165326-s0069-0000000237922465-0264-s_lc.fits,8.275479,2458359.4884,1359.4884000001475,3.755,3182.355191549018,3208.140140590521,3188.3692590001474
237922465,95,tess2025206162959-s0095-0000000237922465-0292-s_lc.fits,8.275479,2458359.4884,1359.4884000001475,3.755,3882.349666124499,3907.543217044974,3883.5094950001476
237922465,96,tess2025232030459-s0096-0000000237922465-0293-s_lc.fits,8.275479,2458359.4884,1359.4884000001475,3.755,3907.775159319845,3933.433774424093,3908.3359320001477
237922465,97,tess2025258001959-s0097-0000000237922465-0294-s_lc.fits,8.275479,2458359.4884,1359.4884000001475,3.755,3933.674052485746,3988.286200592653,3941.437848000148
239154970,20,tess2019357164649-s0020-0000000239154970-0165-s_lc.fits,3.47447,2458078.12992,1078.1299200002104,4.4136,1842.50850277532,1868.828097003711,1842.5133200002106
239154970,44,tess2021284114741-s0044-0000000239154970-0215-s_lc.fits,3.47447,2458078.12992,1078.1299200002104,4.4136,2500.195917577473,2524.442650698851,2502.66262000021
239154970,45,tess2021310001228-s0045-0000000239154970-0216-s_lc.fits,3.47447,2458078.12992,1078.1299200002104,4.4136,2525.728880535508,2550.629388964229,2526.9839100002105
239154970,46,tess2021336043614-s0046-0000000239154970-0217-s_lc.fits,3.47447,2458078.12992,1078.1299200002104,4.4136,2552.007227125535,2578.706906956626,2554.7796700002104
239154970,47,tess2021364111932-s0047-0000000239154970-0218-s_lc.fits,3.47447,2458078.12992,1078.1299200002104,4.4136,2579.822202626005,2606.945635565229,2582.5754300002104
239154970,60,tess2022357055054-s0060-0000000239154970-0249-s_lc.fits,3.47447,2458078.12992,1078.1299200002104,4.4136,2936.907942467405,2962.588715693572,2936.9713700002103
239225129,74,tess2024003055635-s0074-0000000239225129-0269-s_lc.fits,24.81209946,2454989.50697,-2010.4930300000124,3.2245,3312.861130816074,3339.56626701082,3324.1083538999874
239225129,75,tess2024030031500-s0075-0000000239225129-0270-s_lc.fits,24.81209946,2454989.50697,-2010.4930300000124,3.2245,3339.781544118384,3367.480381530172,3348.9204533599877
239225129,81,tess2024196212429-s0081-0000000239225129-0276-s_lc.fits,24.81209946,2454989.50697,-2010.4930300000124,3.2245,3506.554717165524,3533.1798704209,3522.6051495799875
239225129,82,tess2024223182411-s0082-0000000239225129-0278-s_lc.fits,24.81209946,2454989.50697,-2010.4930300000124,3.2245,3533.395147340011,3559.248897931567,3547.417249039987
239287622,75,tess2024030031500-s0075-0000000239287622-0270-s_lc.fits,40.5286413,2455001.02881,-1998.971189999953,10.526,3339.781950773354,3367.480554586623,3350.8094616000462
239287622,81,tess2024196212429-s0081-0000000239287622-0276-s_lc.fits,40.5286413,2455001.02881,-1998.971189999953,10.526,3506.554191874679,3533.179512792101,3512.9240268000467
239287622,82,tess2024223182411-s0082-0000000239287622-0278-s_lc.fits,40.5286413,2455001.02881,-1998.971189999953,10.526,3533.394791256741,3559.248772978346,3553.452668100047
239289191,74,tess2024003055635-s0074-0000000239289191-0269-s_lc.fits,5.11177904,2454966.75648,-2033.2435200000182,2.96,3312.861616668668,3339.566620036092,3313.677355839982
239289191,75,tess2024030031500-s0075-0000000239289191-0270-s_lc.fits,5.11177904,2454966.75648,-2033.2435200000182,2.96,3339.781895358264,3367.480513525775,3344.348030079982
239289191,81,tess2024196212429-s0081-0000000239289191-0276-s_lc.fits,5.11177904,2454966.75648,-2033.2435200000182,2.96,3506.554251767102,3533.179566562009,3507.9249593599816
239289191,82,tess2024223182411-s0082-0000000239289191-0278-s_lc.fits,5.11177904,2454966.75648,-2033.2435200000182,2.96,3533.394844946789,3559.248810409597,3533.4838545599823
239309962,81,tess2024196212429-s0081-0000000239309962-0276-s_lc.fits,16.34359932,2454978.03975,-2021.9602500000037,5.3072,3506.554192996922,3533.179516003999,3518.519919479996
239309962,82,tess2024223182411-s0082-0000000239309962-0278-s_lc.fits,16.34359932,2454978.03975,-2021.9602500000037,5.3072,3533.394794483308,3559.248777612141,3534.863518799996
240681314,17,tess2019279210107-s0017-0000000240681314-0161-s_lc.fits,2.7325321,2456079.5642,-920.4358000000939,2.2344,1764.687783022798,1789.682389063512,1765.643254299906
240681314,57,tess2022273165103-s0057-0000000240681314-0245-s_lc.fits,2.7325321,2456079.5642,-920.4358000000939,2.2344,2853.357900748134,2882.119388112809,2855.923562199906
240681314,84,tess2024274222008-s0084-0000000240681314-0281-s_lc.fits,2.7325321,2456079.5642,-920.4358000000939,2.2344,3584.593239996989,3610.344992104704,3585.509632899906
240968774,17,tess2019279210107-s0017-0000000240968774-0161-s_lc.fits,5.97114713,2458766.9885,1766.9884999999776,1.5784,1764.68792076229,1789.682729773583,1766.9884999999776
240968774,18,tess2019306063752-s0018-0000000240968774-0162-s_lc.fits,5.97114713,2458766.9885,1766.9884999999776,1.5784,1790.660511013598,1815.018351438688,1790.8730885199777
240968774,58,tess2022302161335-s0058-0000000240968774-0247-s_lc.fits,5.97114713,2458766.9885,1766.9884999999776,1.5784,2882.333589601652,2910.052571697644,2883.593013309978
240968774,85,tess2024300212641-s0085-0000000240968774-0282-s_lc.fits,5.97114713,2458766.9885,1766.9884999999776,1.5784,3610.559173427934,3636.049145024876,3612.072963169978
242961495,5,tess2018319095959-s0005-0000000242961495-0125-s_lc.fits,5.605,2457066.4842,66.48419999983162,2.68,1437.993700831588,1464.011437766391,1439.7091999998318
242961495,32,tess2020324010417-s0032-0000000242961495-0200-s_lc.fits,5.605,2457066.4842,66.48419999983162,2.68,2174.232289703907,2200.231709556189,2179.5691999998317
242961495,42,tess2021232031932-s0042-0000000242961495-0213-s_lc.fits,5.605,2457066.4842,66.48419999983162,2.68,2447.690208412274,2473.146779387635,2448.6091999998316
242961495,43,tess2021258175143-s0043-0000000242961495-0214-s_lc.fits,5.605,2457066.4842,66.48419999983162,2.68,2474.16908913328,2498.882115627354,2476.6341999998317
242961495,44,tess2021284114741-s0044-0000000242961495-0215-s_lc.fits,5.605,2457066.4842,66.48419999983162,2.68,2500.19330656901,2524.445785179586,2504.659199999832
242961495,70,tess2023263165758-s0070-0000000242961495-0265-s_lc.fits,5.605,2457066.4842,66.48419999983162,2.68,3208.549620262156,3233.807026826208,3210.889199999832
242961495,71,tess2023289093419-s0071-0000000242961495-0266-s_lc.fits,5.605,2457066.4842,66.48419999983162,2.68,3234.550131441655,3259.867768333244,3238.914199999832
243014114,42,tess2021232031932-s0042-0000000243014114-0213-s_lc.fits,19.562307,2457083.77917,83.77916999999434,5.808,2447.689983078661,2473.146581465988,2450.8183169999943
243014114,43,tess2021258175143-s0043-0000000243014114-0214-s_lc.fits,19.562307,2457083.77917,83.77916999999434,5.808,2474.168892779747,2498.881982756959,2489.9429309999946
243014114,44,tess2021284114741-s0044-0000000243014114-0215-s_lc.fits,19.562307,2457083.77917,83.77916999999434,5.808,2500.193177415058,2524.445742818379,2509.5052379999943
243014114,71,tess2023289093419-s0071-0000000243014114-0266-s_lc.fits,19.562307,2457083.77917,83.77916999999434,5.808,3234.550014068468,3259.867743944234,3252.8729039999944
243200602,11,tess2019112060037-s0011-0000000243200602-0143-s_lc.fits,11.55098,2456921.14307,-78.85692999977618,3.72,1596.781843557852,1623.896851754685,1607.5861500002236
243200602,37,tess2021091135823-s0037-0000000243200602-0208-s_lc.fits,11.55098,2456921.14307,-78.85692999977618,3.72,2307.256079139009,2332.584364460585,2312.1959300002236
243200602,64,tess2023096110322-s0064-0000000243200602-0257-s_lc.fits,11.55098,2456921.14307,-78.85692999977618,3.72,3041.135044456162,3068.024305149452,3051.4586500002238
243200602,101,tess2026060005000-s0101-0000000243200602-0303-s_lc.fits,11.55098,2456921.14307,-78.85692999977618,3.72,4100.683479393575,4126.810069835405,4102.597830000223
243271051,40,tess2021175071901-s0040-0000000243271051-0211-s_lc.fits,12.98495573,2454972.78176,-2027.218239999842,3.4569,2390.654466884082,2418.856110616041,2400.651663930158
243271051,41,tess2021204101404-s0041-0000000243271051-0212-s_lc.fits,12.98495573,2454972.78176,-2027.218239999842,3.4569,2419.990832347082,2446.580965118989,2426.621575390158
243271051,53,tess2022164095748-s0053-0000000243271051-0226-s_lc.fits,12.98495573,2454972.78176,-2027.218239999842,3.4569,2743.997144012671,2768.980859738797,2751.245468640158
243271051,54,tess2022190063128-s0054-0000000243271051-0227-s_lc.fits,12.98495573,2454972.78176,-2027.218239999842,3.4569,2769.900302334167,2796.130923618643,2777.2153801001577
243271051,55,tess2022217014003-s0055-0000000243271051-0242-s_lc.fits,12.98495573,2454972.78176,-2027.218239999842,3.4569,2797.101751513266,2824.265328301686,2803.1852915601576
243271051,74,tess2024003055635-s0074-0000000243271051-0269-s_lc.fits,12.98495573,2454972.78176,-2027.218239999842,3.4569,3312.861961967222,3339.567364908469,3322.5835207601576
243271051,75,tess2024030031500-s0075-0000000243271051-0270-s_lc.fits,12.98495573,2454972.78176,-2027.218239999842,3.4569,3339.782637194895,3367.481498584631,3348.5534322201574
243271051,80,tess2024170053053-s0080-0000000243271051-0275-s_lc.fits,12.98495573,2454972.78176,-2027.218239999842,3.4569,3479.889514127313,3506.338455833767,3491.387945250158
243271051,81,tess2024196212429-s0081-0000000243271051-0276-s_lc.fits,12.98495573,2454972.78176,-2027.218239999842,3.4569,3506.553735635048,3533.178714927168,3517.3578567101576
243271051,82,tess2024223182411-s0082-0000000243271051-0278-s_lc.fits,12.98495573,2454972.78176,-2027.218239999842,3.4569,3533.393991587699,3559.247795553585,3543.3277681701575
243271716,40,tess2021175071901-s0040-0000000243271716-0211-s_lc.fits,4.385315,2454972.22656,-2027.7734400001355,2.488,2390.654528783273,2418.856171632804,2392.624079999865
243271716,41,tess2021204101404-s0041-0000000243271716-0212-s_lc.fits,4.385315,2454972.22656,-2027.7734400001355,2.488,2419.990893045333,2446.581012063701,2423.3212849998645
243271716,53,tess2022164095748-s0053-0000000243271716-0226-s_lc.fits,4.385315,2454972.22656,-2027.7734400001355,2.488,2743.997202218469,2768.98092310226,2747.8345949998647
243271716,54,tess2022190063128-s0054-0000000243271716-0227-s_lc.fits,4.385315,2454972.22656,-2027.7734400001355,2.488,2769.9003657421,2796.130980194277,2774.1464849998647
243271716,55,tess2022217014003-s0055-0000000243271716-0242-s_lc.fits,4.385315,2454972.22656,-2027.7734400001355,2.488,2797.101807658513,2824.265365559711,2800.4583749998646
243271716,74,tess2024003055635-s0074-0000000243271716-0269-s_lc.fits,4.385315,2454972.22656,-2027.7734400001355,2.488,3312.861900579793,3339.567308610136,3313.540229999865
243271716,75,tess2024030031500-s0075-0000000243271716-0270-s_lc.fits,4.385315,2454972.22656,-2027.7734400001355,2.488,3339.782586562363,3367.481466207069,3339.852119999865
243271716,80,tess2024170053053-s0080-0000000243271716-0275-s_lc.fits,4.385315,2454972.22656,-2027.7734400001355,2.488,3479.889574709148,3506.338519055552,3480.1821999998647
243271716,81,tess2024196212429-s0081-0000000243271716-0276-s_lc.fits,4.385315,2454972.22656,-2027.7734400001355,2.488,3506.553798840768,3533.178768382872,3510.879404999865
243271716,82,tess2024223182411-s0082-0000000243271716-0278-s_lc.fits,4.385315,2454972.22656,-2027.7734400001355,2.488,3533.394044934089,3559.247829189231,3537.191294999865
243272677,40,tess2021175071901-s0040-0000000243272677-0211-s_lc.fits,29.88485741,2455006.19442,-1993.8055799999274,4.5608,2390.654620211443,2418.856261659566,2399.2684592700725
243272677,41,tess2021204101404-s0041-0000000243272677-0212-s_lc.fits,29.88485741,2455006.19442,-1993.8055799999274,4.5608,2419.99098259875,2446.581081230234,2429.1533166800727
243272677,53,tess2022164095748-s0053-0000000243272677-0226-s_lc.fits,29.88485741,2455006.19442,-1993.8055799999274,4.5608,2743.997288930913,2768.981017343399,2757.8867481900725
243272677,54,tess2022190063128-s0054-0000000243272677-0227-s_lc.fits,29.88485741,2455006.19442,-1993.8055799999274,4.5608,2769.90045935166,2796.131063627276,2787.7716056000727
243272677,55,tess2022217014003-s0055-0000000243272677-0242-s_lc.fits,29.88485741,2455006.19442,-1993.8055799999274,4.5608,2797.101890453905,2824.26542039773,2817.656463010072
243272677,74,tess2024003055635-s0074-0000000243272677-0269-s_lc.fits,29.88485741,2455006.19442,-1993.8055799999274,4.5608,3312.861809934633,3339.567225573532,3325.699038980072
243272677,75,tess2024030031500-s0075-0000000243272677-0270-s_lc.fits,29.88485741,2455006.19442,-1993.8055799999274,4.5608,3339.782503689089,3367.481410365782,3355.5838963900724
243272677,80,tess2024170053053-s0080-0000000243272677-0275-s_lc.fits,29.88485741,2455006.19442,-1993.8055799999274,4.5608,3479.889664222286,3506.338612373958,3505.0081834400726
243272677,82,tess2024223182411-s0082-0000000243272677-0278-s_lc.fits,29.88485741,2455006.19442,-1993.8055799999274,4.5608,3533.394123583349,3559.247878672495,3534.893040850072
244089109,81,tess2024196212429-s0081-0000000244089109-0276-s_lc.fits,2.13775,2457103.32597,103.32597000012174,2.292,3506.557342925279,3533.182367151268,3506.623970000122
245509452,58,tess2022302161335-s0058-0000000245509452-0247-s_lc.fits,3.246075,2459108.0507,2108.0507000000216,3.482,2882.333351924919,2910.052982832371,2883.8626250000216
245509452,85,tess2024300212641-s0085-0000000245509452-0282-s_lc.fits,3.246075,2459108.0507,2108.0507000000216,3.482,3610.558875957964,3636.049445874246,3610.9834250000213
246965431,58,tess2022302161335-s0058-0000000246965431-0247-s_lc.fits,4.07853,2459496.5862,2496.586199999787,1.561,2882.334671077313,2910.053625982877,2884.0465499997867
246965431,70,tess2023263165758-s0070-0000000246965431-0265-s_lc.fits,4.07853,2459496.5862,2496.586199999787,1.561,3208.373314729194,3233.807870339796,3210.328949999787
246965431,71,tess2023289093419-s0071-0000000246965431-0266-s_lc.fits,4.07853,2459496.5862,2496.586199999787,1.561,3234.134262778615,3259.831662989059,3234.800129999787
248075138,10,tess2019085135100-s0010-0000000248075138-0140-s_lc.fits,4.9816819,2455650.56728,-1349.4327199999243,2.89032,1569.440980002715,1595.685885741234,1569.8328734000756
248075138,37,tess2021091135823-s0037-0000000248075138-0208-s_lc.fits,4.9816819,2455650.56728,-1349.4327199999243,2.89032,2307.256188954048,2332.584168511713,2312.1034765000754
248075138,64,tess2023096110322-s0064-0000000248075138-0257-s_lc.fits,4.9816819,2455650.56728,-1349.4327199999243,2.89032,3041.118460507809,3068.03656637914,3044.410715800075
248075138,101,tess2026060005000-s0101-0000000248075138-0303-s_lc.fits,4.9816819,2455650.56728,-1349.4327199999243,2.89032,4100.68394059569,4126.81025224145,4105.508960500076
248250955,12,tess2019140104343-s0012-0000000248250955-0144-s_lc.fits,0.30110032,2459361.88588,2361.885879999958,0.6404841,1624.959363518486,1652.897421950056,1625.093396959958
248250955,39,tess2021146024351-s0039-0000000248250955-0210-s_lc.fits,0.30110032,2459361.88588,2361.885879999958,0.6404841,2361.775949326145,2389.710968947193,2361.885879999958
248250955,66,tess2023153011303-s0066-0000000248250955-0260-s_lc.fits,0.30110032,2459361.88588,2361.885879999958,0.6404841,3097.678577270605,3126.432800579954,3097.775062079958
250111245,70,tess2023263165758-s0070-0000000250111245-0265-s_lc.fits,2.930289,2459448.9148,2448.9147999999113,1.94,3208.372161194273,3233.824260131587,3210.7899399999114
250111245,92,tess2025127075000-s0092-0000000250111245-0289-s_lc.fits,2.930289,2459448.9148,2448.9147999999113,1.94,3802.967587530785,3829.639347973587,3805.6386069999116
250707118,58,tess2022302161335-s0058-0000000250707118-0247-s_lc.fits,5.72319,2456210.61536,-789.3846399998292,3.8928,2882.333559595883,2910.052971314239,2884.903340000171
250707118,85,tess2024300212641-s0085-0000000250707118-0282-s_lc.fits,5.72319,2456210.61536,-789.3846399998292,3.8928,3610.559102156194,3636.04947348796,3611.7484700001705
251018878,92,tess2025127075000-s0092-0000000251018878-0289-s_lc.fits,19.5666,2456997.9992,-2.000800000037998,5.12,3802.969105431935,3829.636935032293,3813.486199999962
256364928,41,tess2021204101404-s0041-0000000256364928-0212-s_lc.fits,2.21857567,2453955.52555,-3044.474450000096,1.8233621,2419.993273680828,2446.583337454771,2422.096000879904
256364928,54,tess2022190063128-s0054-0000000256364928-0227-s_lc.fits,2.21857567,2453955.52555,-3044.474450000096,1.8233621,2769.902587924063,2796.133428005432,2770.412381069904
256364928,81,tess2024196212429-s0081-0000000256364928-0276-s_lc.fits,2.21857567,2453955.52555,-3044.474450000096,1.8233621,3506.556126563375,3533.181213629423,3506.979503509903
257060897,40,tess2021175071901-s0040-0000000257060897-0211-s_lc.fits,3.66003639,2459473.94542,2473.945419999771,4.74168,2390.651797082783,2418.852795124727,2393.424619419771
257060897,41,tess2021204101404-s0041-0000000257060897-0212-s_lc.fits,3.66003639,2459473.94542,2473.945419999771,4.74168,2419.987504001352,2446.577730104121,2422.704910539771
257060897,47,tess2021364111932-s0047-0000000257060897-0218-s_lc.fits,3.66003639,2459473.94542,2473.945419999771,4.74168,2579.812350679098,2606.94182114681,2580.086475309771
257060897,48,tess2022027120115-s0048-0000000257060897-0219-s_lc.fits,3.66003639,2459473.94542,2473.945419999771,4.74168,2607.93487829388,2635.987601815181,2609.366766429771
257060897,49,tess2022057073128-s0049-0000000257060897-0221-s_lc.fits,3.66003639,2459473.94542,2473.945419999771,4.74168,2637.473694585469,2664.316361920918,2638.647057549771
257060897,53,tess2022164095748-s0053-0000000257060897-0226-s_lc.fits,3.66003639,2459473.94542,2473.945419999771,4.74168,2743.994935241393,2768.977804027019,2744.788112859771
257060897,56,tess2022244194134-s0056-0000000257060897-0243-s_lc.fits,3.66003639,2459473.94542,2473.945419999771,4.74168,2825.255433124775,2853.13780041468,2825.308913439771
257060897,60,tess2022357055054-s0060-0000000257060897-0249-s_lc.fits,3.66003639,2459473.94542,2473.945419999771,4.74168,2936.903707281124,2962.584637984277,2938.770041529771
257060897,74,tess2024003055635-s0074-0000000257060897-0269-s_lc.fits,3.66003639,2459473.94542,2473.945419999771,4.74168,3312.864845347183,3339.570668553679,3315.753789699771
257060897,75,tess2024030031500-s0075-0000000257060897-0270-s_lc.fits,3.66003639,2459473.94542,2473.945419999771,4.74168,3339.785946149559,3367.484484061278,3341.374044429771
257060897,76,tess2024058030222-s0076-0000000257060897-0271-s_lc.fits,3.66003639,2459473.94542,2473.945419999771,4.74168,3367.699759500124,3394.778532029379,3370.6543355497706
257060897,80,tess2024170053053-s0080-0000000257060897-0275-s_lc.fits,3.66003639,2459473.94542,2473.945419999771,4.74168,3479.887084168958,3506.33525404276,3480.4554272497708
257060897,83,tess2024249191853-s0083-0000000257060897-0280-s_lc.fits,3.66003639,2459473.94542,2473.945419999771,4.74168,3559.425508245161,3584.374515787174,3560.976227829771
257605131,4,tess2018292075959-s0004-0000000257605131-0124-s_lc.fits,1.8587033,2460312.4427,3312.442700000014,2.059,1410.903421573968,1436.84111719489,1410.989224100014
257605131,5,tess2018319095959-s0005-0000000257605131-0125-s_lc.fits,1.8587033,2460312.4427,3312.442700000014,2.059,1437.993889691593,1464.275374720155,1438.8697736000142
257605131,31,tess2020294194027-s0031-0000000257605131-0198-s_lc.fits,1.8587033,2460312.4427,3312.442700000014,2.059,2144.51703845544,2169.947719536144,2145.1770276000143
258202719,40,tess2021175071901-s0040-0000000258202719-0211-s_lc.fits,4.069427,2455004.01577,-1995.98423000006,2.067,2390.655354016332,2418.856844148285,2390.8580759999404
258202719,41,tess2021204101404-s0041-0000000258202719-0212-s_lc.fits,4.069427,2455004.01577,-1995.98423000006,2.067,2419.991555716502,2446.58138888054,2423.4134919999397
258202719,53,tess2022164095748-s0053-0000000258202719-0226-s_lc.fits,4.069427,2455004.01577,-1995.98423000006,2.067,2743.998041201484,2768.981701879694,2744.89822499994
258202719,54,tess2022190063128-s0054-0000000258202719-0227-s_lc.fits,4.069427,2455004.01577,-1995.98423000006,2.067,2769.901139041024,2796.131541227324,2773.3842139999397
258202719,74,tess2024003055635-s0074-0000000258202719-0269-s_lc.fits,4.069427,2455004.01577,-1995.98423000006,2.067,3312.861132214503,3339.566739890836,3314.6180049999402
258202719,80,tess2024170053053-s0080-0000000258202719-0275-s_lc.fits,4.069427,2455004.01577,-1995.98423000006,2.067,3479.89041649991,3506.339260226805,3481.4645119999404
258202719,81,tess2024196212429-s0081-0000000258202719-0276-s_lc.fits,4.069427,2455004.01577,-1995.98423000006,2.067,3506.554538527329,3533.179262074893,3509.9505009999402
258514800,15,tess2019226182529-s0015-0000000258514800-0151-s_lc.fits,0.4702743,2458711.3675,1711.3675000001676,1.282804,1711.364737849671,1737.411059714352,1711.3675000001676
258514800,16,tess2019253231442-s0016-0000000258514800-0152-s_lc.fits,0.4702743,2458711.3675,1711.3675000001676,1.282804,1738.654137748524,1763.321093671051,1739.1136837001677
258514800,17,tess2019279210107-s0017-0000000258514800-0161-s_lc.fits,0.4702743,2458711.3675,1711.3675000001676,1.282804,1764.684986460443,1789.679489288496,1764.9787702001677
258514800,18,tess2019306063752-s0018-0000000258514800-0162-s_lc.fits,0.4702743,2458711.3675,1711.3675000001676,1.282804,1790.657266703431,1815.016799115756,1790.8438567001676
258514800,19,tess2019331140908-s0019-0000000258514800-0164-s_lc.fits,0.4702743,2458711.3675,1711.3675000001676,1.282804,1816.084849869312,1841.145543852633,1816.2386689001676
258514800,22,tess2020049080258-s0022-0000000258514800-0174-s_lc.fits,0.4702743,2458711.3675,1711.3675000001676,1.282804,1899.32061725541,1926.492336224295,1899.4772200001676
258514800,24,tess2020106103520-s0024-0000000258514800-0180-s_lc.fits,0.4702743,2458711.3675,1711.3675000001676,1.282804,1955.793440458295,1982.27957501697,1955.9101360001675
258514800,25,tess2020133194932-s0025-0000000258514800-0182-s_lc.fits,0.4702743,2458711.3675,1711.3675000001676,1.282804,1983.630974806648,2009.304864909986,1983.6563197001676
258514800,26,tess2020160202036-s0026-0000000258514800-0188-s_lc.fits,0.4702743,2458711.3675,1711.3675000001676,1.282804,2010.265990900893,2035.134495381105,2010.4619548001676
258514800,49,tess2022057073128-s0049-0000000258514800-0221-s_lc.fits,0.4702743,2458711.3675,1711.3675000001676,1.282804,2637.471512571911,2664.314128573908,2637.8078710001673
258514800,52,tess2022138205153-s0052-0000000258514800-0224-s_lc.fits,0.4702743,2458711.3675,1711.3675000001676,1.282804,2718.633450378624,2743.075415236191,2718.6950506001676
258514800,56,tess2022244194134-s0056-0000000258514800-0243-s_lc.fits,0.4702743,2458711.3675,1711.3675000001676,1.282804,2825.257642593589,2853.139984523697,2825.447316700168
258514800,57,tess2022273165103-s0057-0000000258514800-0245-s_lc.fits,0.4702743,2458711.3675,1711.3675000001676,1.282804,2853.355258903694,2882.116496833874,2853.663774700168
258514800,58,tess2022302161335-s0058-0000000258514800-0247-s_lc.fits,0.4702743,2458711.3675,1711.3675000001676,1.282804,2882.330385607043,2910.049643375216,2882.3505070001675
258514800,59,tess2022330142927-s0059-0000000258514800-0248-s_lc.fits,0.4702743,2458711.3675,1711.3675000001676,1.282804,2910.264923768227,2936.688106347011,2910.5669650001673
258514800,60,tess2022357055054-s0060-0000000258514800-0249-s_lc.fits,0.4702743,2458711.3675,1711.3675000001676,1.282804,2936.903379771115,2962.583367524713,2937.372600100168
258514800,73,tess2023341045131-s0073-0000000258514800-0268-s_lc.fits,0.4702743,2458711.3675,1711.3675000001676,1.282804,3285.799336999569,3312.650213695725,3285.8458564001676
258514800,76,tess2024058030222-s0076-0000000258514800-0271-s_lc.fits,0.4702743,2458711.3675,1711.3675000001676,1.282804,3367.697565124543,3394.776286104278,3368.1438589001673
258514800,77,tess2024085201119-s0077-0000000258514800-0272-s_lc.fits,0.4702743,2458711.3675,1711.3675000001676,1.282804,3395.484609976223,3423.547851379689,3395.8900426001674
258514800,78,tess2024114025118-s0078-0000000258514800-0273-s_lc.fits,0.4702743,2458711.3675,1711.3675000001676,1.282804,3434.270075285505,3452.321575208399,3434.4525352001674
258514800,79,tess2024142205832-s0079-0000000258514800-0274-s_lc.fits,0.4702743,2458711.3675,1711.3675000001676,1.282804,3452.536854741699,3479.673334687536,3452.793232900168
258514800,84,tess2024274222008-s0084-0000000258514800-0281-s_lc.fits,0.4702743,2458711.3675,1711.3675000001676,1.282804,3584.590585131146,3610.342095385913,3584.9403112001673
258514800,85,tess2024300212641-s0085-0000000258514800-0282-s_lc.fits,0.4702743,2458711.3675,1711.3675000001676,1.282804,3610.555984397817,3636.046124153664,3610.8053977001673
258514800,86,tess2024326142117-s0086-0000000258514800-0283-s_lc.fits,0.4702743,2458711.3675,1711.3675000001676,1.282804,3636.26139978713,3662.827671096433,3636.6704842001673
260004324,1,tess2018206045859-s0001-0000000260004324-0120-s_lc.fits,3.814334,2458327.4161,1327.4161000000313,1.3793952,1325.292652647374,1353.176338224921,1327.4161000000313
260004324,2,tess2018234235059-s0002-0000000260004324-0121-s_lc.fits,3.814334,2458327.4161,1327.4161000000313,1.3793952,1354.10690729756,1381.514337379087,1354.1164380000314
260004324,3,tess2018263035959-s0003-0000000260004324-0123-s_lc.fits,3.814334,2458327.4161,1327.4161000000313,1.3793952,1382.033789483798,1409.384300836975,1384.6311100000312
260004324,4,tess2018292075959-s0004-0000000260004324-0124-s_lc.fits,3.814334,2458327.4161,1327.4161000000313,1.3793952,1410.900991416671,1436.837500566753,1411.3314480000313
260004324,5,tess2018319095959-s0005-0000000260004324-0125-s_lc.fits,3.814334,2458327.4161,1327.4161000000313,1.3793952,1437.990289125123,1464.289119649695,1438.0317860000314
260004324,7,tess2019006130736-s0007-0000000260004324-0131-s_lc.fits,3.814334,2458327.4161,1327.4161000000313,1.3793952,1491.639106054196,1516.087498248516,1495.2467960000313
260004324,8,tess2019032160000-s0008-0000000260004324-0136-s_lc.fits,3.814334,2458327.4161,1327.4161000000313,1.3793952,1517.363867190257,1542.000981047505,1518.1328000000312
260004324,9,tess2019058134432-s0009-0000000260004324-0139-s_lc.fits,3.814334,2458327.4161,1327.4161000000313,1.3793952,1543.238455276203,1568.475468406331,1544.8331380000313
260004324,10,tess2019085135100-s0010-0000000260004324-0140-s_lc.fits,3.814334,2458327.4161,1327.4161000000313,1.3793952,1569.436558545872,1595.68050570629,1571.5334760000312
260004324,11,tess2019112060037-s0011-0000000260004324-0143-s_lc.fits,3.814334,2458327.4161,1327.4161000000313,1.3793952,1596.776317628385,1623.891201368741,1598.2338140000313
260004324,12,tess2019140104343-s0012-0000000260004324-0144-s_lc.fits,3.814334,2458327.4161,1327.4161000000313,1.3793952,1624.964797185535,1652.890992955113,1628.7484860000313
260004324,13,tess2019169103026-s0013-0000000260004324-0146-s_lc.fits,3.814334,2458327.4161,1327.4161000000313,1.3793952,1653.918765119722,1682.356327809074,1655.4488240000314
260004324,27,tess2020186164531-s0027-0000000260004324-0189-s_lc.fits,3.814334,2458327.4161,1327.4161000000313,1.3793952,2036.276947952718,2060.641001044883,2036.8822240000313
260004324,28,tess2020212050318-s0028-0000000260004324-0190-s_lc.fits,3.814334,2458327.4161,1327.4161000000313,1.3793952,2061.849347453858,2087.096913061138,2063.5825620000314
260004324,29,tess2020238165205-s0029-0000000260004324-0193-s_lc.fits,3.814334,2458327.4161,1327.4161000000313,1.3793952,2088.238598947022,2114.433512361734,2090.282900000031
260004324,30,tess2020266004630-s0030-0000000260004324-0195-s_lc.fits,3.814334,2458327.4161,1327.4161000000313,1.3793952,2115.884928387437,2143.222929500972,2116.983238000031
260004324,31,tess2020294194027-s0031-0000000260004324-0198-s_lc.fits,3.814334,2458327.4161,1327.4161000000313,1.3793952,2144.514620257431,2169.94555080022,2147.4979100000314
260004324,32,tess2020324010417-s0032-0000000260004324-0200-s_lc.fits,3.814334,2458327.4161,1327.4161000000313,1.3793952,2174.228931232201,2200.224930149093,2178.012582000031
260004324,33,tess2020351194500-s0033-0000000260004324-0203-s_lc.fits,3.814334,2458327.4161,1327.4161000000313,1.3793952,2201.733269038647,2227.573475875529,2204.7129200000313
260004324,34,tess2021014023720-s0034-0000000260004324-0204-s_lc.fits,3.814334,2458327.4161,1327.4161000000313,1.3793952,2228.767912315527,2254.066239532188,2231.4132580000314
260004324,35,tess2021039152502-s0035-0000000260004324-0205-s_lc.fits,3.814334,2458327.4161,1327.4161000000313,1.3793952,2254.989837086177,2279.979685176456,2258.113596000031
260004324,36,tess2021065132309-s0036-0000000260004324-0207-s_lc.fits,3.814334,2458327.4161,1327.4161000000313,1.3793952,2280.903278738008,2305.988894651712,2280.9996000000315
260004324,37,tess2021091135823-s0037-0000000260004324-0208-s_lc.fits,3.814334,2458327.4161,1327.4161000000313,1.3793952,2307.251372157502,2332.578683130856,2307.6999380000316
260004324,38,tess2021118034608-s0038-0000000260004324-0209-s_lc.fits,3.814334,2458327.4161,1327.4161000000313,1.3793952,2333.853664187941,2360.55053155675,2334.400276000031
260004324,39,tess2021146024351-s0039-0000000260004324-0210-s_lc.fits,3.814334,2458327.4161,1327.4161000000313,1.3793952,2361.769966209452,2389.717042456589,2364.9149480000315
260004324,61,tess2023018032328-s0061-0000000260004324-0250-s_lc.fits,3.814334,2458327.4161,1327.4161000000313,1.3793952,2962.799489286836,2988.217234092839,2963.7653860000314
260004324,62,tess2023043185947-s0062-0000000260004324-0254-s_lc.fits,3.814334,2458327.4161,1327.4161000000313,1.3793952,2988.44084244026,3014.152885633781,2990.4657240000315
260004324,64,tess2023096110322-s0064-0000000260004324-0257-s_lc.fits,3.814334,2458327.4161,1327.4161000000313,1.3793952,3041.113464450363,3068.031041107071,3043.8664000000313
260004324,65,tess2023124020739-s0065-0000000260004324-0259-s_lc.fits,3.814334,2458327.4161,1327.4161000000313,1.3793952,3068.737974558457,3096.62791819495,3070.5667380000314
260004324,66,tess2023153011303-s0066-0000000260004324-0260-s_lc.fits,3.814334,2458327.4161,1327.4161000000313,1.3793952,3097.672355005641,3126.426425386235,3101.0814100000316
260004324,67,tess2023181235917-s0067-0000000260004324-0261-s_lc.fits,3.814334,2458327.4161,1327.4161000000313,1.3793952,3126.640315505478,3154.383527530659,3127.7817480000313
260004324,68,tess2023209231226-s0068-0000000260004324-0262-s_lc.fits,3.814334,2458327.4161,1327.4161000000313,1.3793952,3154.62103035465,3182.126948894383,3158.2964200000315
260004324,69,tess2023237165326-s0069-0000000260004324-0264-s_lc.fits,3.814334,2458327.4161,1327.4161000000313,1.3793952,3182.353342089448,3208.138520412674,3184.996758000031
260004324,87,tess2024353092137-s0087-0000000260004324-0284-s_lc.fits,3.814334,2458327.4161,1327.4161000000313,1.3793952,3663.041845504537,3689.93898846271,3665.602842000031
260004324,88,tess2025014115807-s0088-0000000260004324-0285-s_lc.fits,3.814334,2458327.4161,1327.4161000000313,1.3793952,3690.15288110713,3717.924781326979,3692.3031800000313
260004324,89,tess2025042113628-s0089-0000000260004324-0286-s_lc.fits,3.814334,2458327.4161,1327.4161000000313,1.3793952,3718.13866657718,3746.945097517747,3719.0035180000314
260004324,93,tess2025154050500-s0093-0000000260004324-0290-s_lc.fits,3.814334,2458327.4161,1327.4161000000313,1.3793952,3829.871543650431,3856.033960565489,3833.433538000031
260004324,94,tess2025180145000-s0094-0000000260004324-0291-s_lc.fits,3.814334,2458327.4161,1327.4161000000313,1.3793952,3856.2784049136,3881.804924480064,3856.3195420000316
260004324,95,tess2025206162959-s0095-0000000260004324-0292-s_lc.fits,3.814334,2458327.4161,1327.4161000000313,1.3793952,3882.349372383056,3907.541349805054,3883.019880000031
260004324,96,tess2025232030459-s0096-0000000260004324-0293-s_lc.fits,3.814334,2458327.4161,1327.4161000000313,1.3793952,3907.794130760627,3933.429292890484,3909.7202180000313
260004324,97,tess2025258001959-s0097-0000000260004324-0294-s_lc.fits,3.814334,2458327.4161,1327.4161000000313,1.3793952,3933.659851431682,3988.285805143012,3936.4205560000314
260004324,98,tess2025312202959-s0098-0000000260004324-0298-s_lc.fits,3.814334,2458327.4161,1327.4161000000313,1.3793952,3988.501085372769,4045.899990812542,3989.821232000031
260647166,10,tess2019085135100-s0010-0000000260647166-0140-s_lc.fits,3.795963,2458773.2964,1773.2963999998756,2.384,1570.236220683328,1595.685244933048,1572.1103609998756
260647166,11,tess2019112060037-s0011-0000000260647166-0143-s_lc.fits,3.795963,2458773.2964,1773.2963999998756,2.384,1596.782459759332,1623.895891784951,1598.6821019998756
260647166,37,tess2021091135823-s0037-0000000260647166-0208-s_lc.fits,3.795963,2458773.2964,1773.2963999998756,2.384,2307.256939410401,2332.583536669369,2308.5271829998755
260647166,99,tess2026005125623-s0099-0000000260647166-0300-s_lc.fits,3.795963,2458773.2964,1773.2963999998756,2.384,4046.11304587926,4073.77892454668,4047.0782369998756
260647166,100,tess2026033082000-s0100-0000000260647166-0302-s_lc.fits,3.795963,2458773.2964,1773.2963999998756,2.384,4073.994217720158,4100.468163573161,4077.4459409998753
260647166,101,tess2026060005000-s0101-0000000260647166-0303-s_lc.fits,3.795963,2458773.2964,1773.2963999998756,2.384,4100.695967225346,4126.809631789277,4104.017681999876
261867566,12,tess2019140104343-s0012-0000000261867566-0144-s_lc.fits,3.739494,2458643.30898,1643.3089800002053,2.028,1624.958247439487,1652.895658479399,1628.3510040002054
261867566,38,tess2021118034608-s0038-0000000261867566-0209-s_lc.fits,3.739494,2458643.30898,1643.3089800002053,2.028,2333.8574637044,2360.555208527387,2335.115370000205
261867566,39,tess2021146024351-s0039-0000000261867566-0210-s_lc.fits,3.739494,2458643.30898,1643.3089800002053,2.028,2361.774659405543,2389.721606966252,2365.0313220002054
261867566,65,tess2023124020739-s0065-0000000261867566-0259-s_lc.fits,3.739494,2458643.30898,1643.3089800002053,2.028,3068.7420099401,3096.63269033977,3071.7956880002057
261867566,66,tess2023153011303-s0066-0000000261867566-0260-s_lc.fits,3.739494,2458643.30898,1643.3089800002053,2.028,3097.677138313944,3126.430852632455,3097.9721460002056
261867566,93,tess2025154050500-s0093-0000000261867566-0290-s_lc.fits,3.739494,2458643.30898,1643.3089800002053,2.028,3829.884677999504,3855.627322509101,3830.9129700002054
261867566,99,tess2026005125623-s0099-0000000261867566-0300-s_lc.fits,3.739494,2458643.30898,1643.3089800002053,2.028,4046.11126482284,4073.776451400182,4047.8036220002055
261867566,100,tess2026033082000-s0100-0000000261867566-0302-s_lc.fits,3.739494,2458643.30898,1643.3089800002053,2.028,4074.007019998832,4100.45028787097,4077.7195740002053
261867566,101,tess2026060005000-s0101-0000000261867566-0303-s_lc.fits,3.739494,2458643.30898,1643.3089800002053,2.028,4100.800304269012,4126.503252455401,4103.896032000205
266014458,43,tess2021258175143-s0043-0000000266014458-0214-s_lc.fits,8.679885,2457396.45914,396.45913999993354,3.84,2474.172137995394,2498.81550003945,2479.6315399999335
266014458,70,tess2023263165758-s0070-0000000266014458-0265-s_lc.fits,8.679885,2457396.45914,396.45913999993354,3.84,3208.371919326402,3233.82484536757,3208.7418799999336
266030192,42,tess2021232031932-s0042-0000000266030192-0213-s_lc.fits,0.70531,2457466.1131,466.1131000001915,1.704,2447.694293500646,2472.894273587331,2448.0342000001915
266030192,43,tess2021258175143-s0043-0000000266030192-0214-s_lc.fits,0.70531,2457466.1131,466.1131000001915,1.704,2474.172099116402,2498.815503621317,2474.8359800001917
266030192,70,tess2023263165758-s0070-0000000266030192-0265-s_lc.fits,0.70531,2457466.1131,466.1131000001915,1.704,3208.371885930106,3233.824856190469,3209.0636900001914
266593143,15,tess2019226182529-s0015-0000000266593143-0151-s_lc.fits,10.33852,2456703.4607,-296.5392999998294,3.994,1711.368460613573,1737.414412227705,1719.4721000001707
266593143,55,tess2022217014003-s0055-0000000266593143-0242-s_lc.fits,10.33852,2456703.4607,-296.5392999998294,3.994,2797.103816571634,2824.268147073708,2805.0167000001707
266593143,56,tess2022244194134-s0056-0000000266593143-0243-s_lc.fits,10.33852,2456703.4607,-296.5392999998294,3.994,2825.261204264792,2853.142622046304,2825.6937400001707
266593143,82,tess2024223182411-s0082-0000000266593143-0278-s_lc.fits,10.33852,2456703.4607,-296.5392999998294,3.994,3533.396264303786,3559.250692663017,3539.0516200001707
266593143,83,tess2024249191853-s0083-0000000266593143-0280-s_lc.fits,10.33852,2456703.4607,-296.5392999998294,3.994,3559.431247355249,3584.37932151367,3559.7286600001707
267215820,70,tess2023263165758-s0070-0000000267215820-0265-s_lc.fits,2.262196,2459470.4174,2470.4174000001512,2.36,3208.37216114631,3233.824327869938,3210.1554920001513
267215820,92,tess2025127075000-s0092-0000000267215820-0289-s_lc.fits,2.262196,2459470.4174,2470.4174000001512,2.36,3802.978575614892,3829.62946698034,3805.113040000151
267570002,81,tess2024196212429-s0081-0000000267570002-0276-s_lc.fits,47.0319479,2455008.47451,-1991.5254899999127,5.906,3506.553856426353,3533.178750797803,3511.2124143000874
267570002,82,tess2024223182411-s0082-0000000267570002-0278-s_lc.fits,47.0319479,2455008.47451,-1991.5254899999127,5.906,3533.394026527895,3559.247741367142,3558.2443622000874
267574918,14,tess2019198215352-s0014-0000000267574918-0150-s_lc.fits,1.4079405,2458779.37508,1779.3750800001435,0.1333,1683.354696186659,1710.206030341036,1683.6351260001436
267574918,15,tess2019226182529-s0015-0000000267574918-0151-s_lc.fits,1.4079405,2458779.37508,1779.3750800001435,0.1333,1711.365744961578,1737.411235875461,1711.7939360001435
267574918,19,tess2019331140908-s0019-0000000267574918-0164-s_lc.fits,1.4079405,2458779.37508,1779.3750800001435,0.1333,1816.082969071897,1841.146379006388,1817.3894735001436
267574918,22,tess2020049080258-s0022-0000000267574918-0174-s_lc.fits,1.4079405,2458779.37508,1779.3750800001435,0.1333,1899.315679545542,1926.492478593666,1900.4579630001435
267574918,26,tess2020160202036-s0026-0000000267574918-0188-s_lc.fits,1.4079405,2458779.37508,1779.3750800001435,0.1333,2010.267995950586,2035.136391499119,2010.2773220001436
267574918,40,tess2021175071901-s0040-0000000267574918-0211-s_lc.fits,1.4079405,2458779.37508,1779.3750800001435,0.1333,2390.654179154391,2418.855775778075,2391.8291975001434
267574918,41,tess2021204101404-s0041-0000000267574918-0212-s_lc.fits,1.4079405,2458779.37508,1779.3750800001435,0.1333,2419.990497405835,2446.580656733125,2421.3959480001436
267574918,49,tess2022057073128-s0049-0000000267574918-0221-s_lc.fits,1.4079405,2458779.37508,1779.3750800001435,0.1333,2637.471000726406,2664.314528580515,2638.2187850001437
267574918,53,tess2022164095748-s0053-0000000267574918-0226-s_lc.fits,1.4079405,2458779.37508,1779.3750800001435,0.1333,2743.996896727435,2768.980541690508,2745.2222630001434
267574918,54,tess2022190063128-s0054-0000000267574918-0227-s_lc.fits,1.4079405,2458779.37508,1779.3750800001435,0.1333,2769.899982288889,2796.130591242654,2770.5651920001437
267574918,55,tess2022217014003-s0055-0000000267574918-0242-s_lc.fits,1.4079405,2458779.37508,1779.3750800001435,0.1333,2797.101419600611,2824.265053567114,2797.3160615001434
267574918,56,tess2022244194134-s0056-0000000267574918-0243-s_lc.fits,1.4079405,2458779.37508,1779.3750800001435,0.1333,2825.258097386643,2853.139503391057,2825.4748715001433
267574918,59,tess2022330142927-s0059-0000000267574918-0248-s_lc.fits,1.4079405,2458779.37508,1779.3750800001435,0.1333,2910.263076442953,2936.686178287769,2911.3592420001432
267574918,73,tess2023341045131-s0073-0000000267574918-0268-s_lc.fits,1.4079405,2458779.37508,1779.3750800001435,0.1333,3285.797414285072,3312.648378680033,3285.8714150001433
267574918,74,tess2024003055635-s0074-0000000267574918-0269-s_lc.fits,1.4079405,2458779.37508,1779.3750800001435,0.1333,3312.862259669485,3339.567686887518,3314.030225000143
267574918,75,tess2024030031500-s0075-0000000267574918-0270-s_lc.fits,1.4079405,2458779.37508,1779.3750800001435,0.1333,3339.782964087024,3367.481775323292,3340.781094500144
267574918,76,tess2024058030222-s0076-0000000267574918-0271-s_lc.fits,1.4079405,2458779.37508,1779.3750800001435,0.1333,3367.697056143786,3394.776694810951,3368.9399045001437
267574918,79,tess2024142205832-s0079-0000000267574918-0274-s_lc.fits,1.4079405,2458779.37508,1779.3750800001435,0.1333,3452.538737189527,3479.675364218323,3453.4163345001434
267574918,80,tess2024170053053-s0080-0000000267574918-0275-s_lc.fits,1.4079405,2458779.37508,1779.3750800001435,0.1333,3479.889245656351,3506.338125784805,3480.1672040001436
267574918,81,tess2024196212429-s0081-0000000267574918-0276-s_lc.fits,1.4079405,2458779.37508,1779.3750800001435,0.1333,3506.553405283173,3533.178387653547,3506.9180735001437
267574918,82,tess2024223182411-s0082-0000000267574918-0278-s_lc.fits,1.4079405,2458779.37508,1779.3750800001435,0.1333,3533.393664531192,3559.247534314576,3533.6689430001434
267574918,83,tess2024249191853-s0083-0000000267574918-0280-s_lc.fits,1.4079405,2458779.37508,1779.3750800001435,0.1333,3559.428092135056,3584.376202631006,3560.4198125001435
267574918,86,tess2024326142117-s0086-0000000267574918-0283-s_lc.fits,1.4079405,2458779.37508,1779.3750800001435,0.1333,3636.259620481063,3662.825741128392,3636.4485995001432
267667295,74,tess2024003055635-s0074-0000000267667295-0269-s_lc.fits,7.008151,2454970.6906,-2029.3094000001438,3.99,3312.86186455123,3339.56733630278,3317.9098129998556
267667295,75,tess2024030031500-s0075-0000000267667295-0270-s_lc.fits,7.008151,2454970.6906,-2029.3094000001438,3.99,3339.782609210165,3367.481548631811,3345.9424169998556
267667295,80,tess2024170053053-s0080-0000000267667295-0275-s_lc.fits,7.008151,2454970.6906,-2029.3094000001438,3.99,3479.889647616804,3506.338533792917,3486.1054369998565
267667295,81,tess2024196212429-s0081-0000000267667295-0276-s_lc.fits,7.008151,2454970.6906,-2029.3094000001438,3.99,3506.553813330798,3533.178721783845,3507.1298899998565
267667295,82,tess2024223182411-s0082-0000000267667295-0278-s_lc.fits,7.008151,2454970.6906,-2029.3094000001438,3.99,3533.393997643391,3559.247731698151,3535.1624939998565
267667567,40,tess2021175071901-s0040-0000000267667567-0211-s_lc.fits,207.2482,2455667.7764,-1332.223600000143,6.05,2390.654614073096,2418.85619596186,2398.243999999857
267667567,55,tess2022217014003-s0055-0000000267667567-0242-s_lc.fits,207.2482,2455667.7764,-1332.223600000143,6.05,2797.101801515626,2824.265297913329,2812.740399999857
267669725,80,tess2024170053053-s0080-0000000267669725-0275-s_lc.fits,12.31043,2454974.86305,-2025.1369500001892,3.939,3479.889586756155,3506.338631941045,3489.935689999811
267669725,81,tess2024196212429-s0081-0000000267669725-0276-s_lc.fits,12.31043,2454974.86305,-2025.1369500001892,3.939,3506.553912474462,3533.178960781193,3514.556549999811
267669725,82,tess2024223182411-s0082-0000000267669725-0278-s_lc.fits,12.31043,2454974.86305,-2025.1369500001892,3.939,3533.394237849178,3559.24806147994,3539.177409999811
267671250,80,tess2024170053053-s0080-0000000267671250-0275-s_lc.fits,4.544439,2454967.9001,-2032.0998999997973,1.756,3479.889482792732,3506.338522424263,3480.304607000202
267671250,81,tess2024196212429-s0081-0000000267671250-0276-s_lc.fits,4.544439,2454967.9001,-2032.0998999997973,1.756,3506.553802977703,3533.178867193752,3507.5712410002025
267671250,82,tess2024223182411-s0082-0000000267671250-0278-s_lc.fits,4.544439,2454967.9001,-2032.0998999997973,1.756,3533.394144443578,3559.248001458878,3534.837875000202
267989336,76,tess2024058030222-s0076-0000000267989336-0271-s_lc.fits,4.49876092,2455004.3511,-1995.6488999999128,3.8308,3367.69612550688,3394.775751916444,3371.3728775600866
267989336,81,tess2024196212429-s0081-0000000267989336-0276-s_lc.fits,4.49876092,2455004.3511,-1995.6488999999128,3.8308,3506.553901782646,3533.17919635854,3510.8344660800867
267989336,82,tess2024223182411-s0082-0000000267989336-0278-s_lc.fits,4.49876092,2455004.3511,-1995.6488999999128,3.8308,3533.394474563759,3559.248491571081,3537.827031600087
267989336,83,tess2024249191853-s0083-0000000267989336-0280-s_lc.fits,4.49876092,2455004.3511,-1995.6488999999128,3.8308,3559.42904548748,3584.377122953027,3560.320836200087
267989857,74,tess2024003055635-s0074-0000000267989857-0269-s_lc.fits,3.720230103,2454966.4183,-2033.5816999999806,1.939,3312.86190776355,3339.566962114133,3316.109188114019
267989857,76,tess2024058030222-s0076-0000000267989857-0271-s_lc.fits,3.720230103,2454966.4183,-2033.5816999999806,1.939,3367.696109835981,3394.775744733735,3368.19240955602
267989857,82,tess2024223182411-s0082-0000000267989857-0278-s_lc.fits,3.720230103,2454966.4183,-2033.5816999999806,1.939,3533.394494839583,3559.248505990515,3535.6027641910196
267989857,83,tess2024249191853-s0083-0000000267989857-0280-s_lc.fits,3.720230103,2454966.4183,-2033.5816999999806,1.939,3559.429059859649,3584.377129035029,3561.644374912019
268060194,41,tess2021204101404-s0041-0000000268060194-0212-s_lc.fits,2.984151,2454966.1194,-2033.8805999998003,1.0304,2419.99133288249,2446.581723023062,2421.4568430002
268060194,54,tess2022190063128-s0054-0000000268060194-0227-s_lc.fits,2.984151,2454966.1194,-2033.8805999998003,1.0304,2769.900602100361,2796.131543285876,2770.6025100002
268060194,55,tess2022217014003-s0055-0000000268060194-0242-s_lc.fits,2.984151,2454966.1194,-2033.8805999998003,1.0304,2797.102381400457,2824.266155875713,2797.4598690002003
268160366,15,tess2019226182529-s0015-0000000268160366-0151-s_lc.fits,11.49500229,2454974.27511,-2025.7248900001869,7.602,1711.367004404161,1737.412475583435,1721.6458565398134
268160366,74,tess2024003055635-s0074-0000000268160366-0269-s_lc.fits,11.49500229,2454974.27511,-2025.7248900001869,7.602,3312.861481552854,3339.566541948419,3319.4511748498135
268160366,75,tess2024030031500-s0075-0000000268160366-0270-s_lc.fits,11.49500229,2454974.27511,-2025.7248900001869,7.602,3339.781817849641,3367.480513216343,3342.441179429813
268160366,81,tess2024196212429-s0081-0000000268160366-0276-s_lc.fits,11.49500229,2454974.27511,-2025.7248900001869,7.602,3506.554373663723,3533.179625221827,3514.8662137798137
268160366,82,tess2024223182411-s0082-0000000268160366-0278-s_lc.fits,11.49500229,2454974.27511,-2025.7248900001869,7.602,3533.394903066906,3559.248795995983,3537.8562183598133
268379849,41,tess2021204101404-s0041-0000000268379849-0212-s_lc.fits,1.931559839,2454964.7658,-2035.2341999998316,1.6283,2419.991333321841,2446.581727265003,2420.8743485731684
268379849,54,tess2022190063128-s0054-0000000268379849-0227-s_lc.fits,1.931559839,2454964.7658,-2035.2341999998316,1.6283,2769.900600216761,2796.131545312201,2770.486679432168
268379849,55,tess2022217014003-s0055-0000000268379849-0242-s_lc.fits,1.931559839,2454964.7658,-2035.2341999998316,1.6283,2797.102383576259,2824.266161632218,2797.528517178168
268379849,74,tess2024003055635-s0074-0000000268379849-0269-s_lc.fits,1.931559839,2454964.7658,-2035.2341999998316,1.6283,3312.861727079287,3339.566773962293,3313.2549941911684
268379849,75,tess2024030031500-s0075-0000000268379849-0270-s_lc.fits,1.931559839,2454964.7658,-2035.2341999998316,1.6283,3339.782049472126,3367.480677352633,3340.2968319371685
268379849,81,tess2024196212429-s0081-0000000268379849-0276-s_lc.fits,1.931559839,2454964.7658,-2035.2341999998316,1.6283,3506.554118328601,3533.179402647374,3508.342537930168
268379849,82,tess2024223182411-s0082-0000000268379849-0278-s_lc.fits,1.931559839,2454964.7658,-2035.2341999998316,1.6283,3533.394680882909,3559.248648295441,3533.4528158371686
268403451,25,tess2020133194932-s0025-0000000268403451-0182-s_lc.fits,2.8641424,2457917.47503,917.4750299998559,2.772,1983.630721169957,2009.304009288851,1985.800145199856
268403451,26,tess2020160202036-s0026-0000000268403451-0188-s_lc.fits,2.8641424,2457917.47503,917.4750299998559,2.772,2010.265114785374,2035.133194907873,2011.5774267998559
268403451,40,tess2021175071901-s0040-0000000268403451-0211-s_lc.fits,2.8641424,2457917.47503,917.4750299998559,2.772,2390.651035321871,2418.852697404377,2392.508365999856
268403451,47,tess2021364111932-s0047-0000000268403451-0218-s_lc.fits,2.8641424,2457917.47503,917.4750299998559,2.772,2579.818496899381,2606.94173001706,2581.541764399856
268403451,52,tess2022138205153-s0052-0000000268403451-0224-s_lc.fits,2.8641424,2457917.47503,917.4750299998559,2.772,2718.633082972149,2743.074492243762,2719.020599599856
268403451,53,tess2022164095748-s0053-0000000268403451-0226-s_lc.fits,2.8641424,2457917.47503,917.4750299998559,2.772,2743.993930109652,2768.977333115586,2744.797881199856
268403451,59,tess2022330142927-s0059-0000000268403451-0248-s_lc.fits,2.8641424,2457917.47503,917.4750299998559,2.772,2910.26545225334,2936.68920069301,2910.918140399856
268403451,60,tess2022357055054-s0060-0000000268403451-0249-s_lc.fits,2.8641424,2457917.47503,917.4750299998559,2.772,2936.904477736631,2962.584790949051,2939.559564399856
268403451,73,tess2023341045131-s0073-0000000268403451-0268-s_lc.fits,2.8641424,2457917.47503,917.4750299998559,2.772,3285.800102217801,3312.651471457753,3286.120794799856
268403451,74,tess2024003055635-s0074-0000000268403451-0269-s_lc.fits,2.8641424,2457917.47503,917.4750299998559,2.772,3312.865369454132,3339.570519047001,3314.762218799856
268403451,79,tess2024142205832-s0079-0000000268403451-0274-s_lc.fits,2.8641424,2457917.47503,917.4750299998559,2.772,3452.536401658091,3479.672290418868,3455.1051963998557
268403451,86,tess2024326142117-s0086-0000000268403451-0283-s_lc.fits,2.8641424,2457917.47503,917.4750299998559,2.772,3636.261814059736,3662.828681827539,3638.410309999856
268492383,81,tess2024196212429-s0081-0000000268492383-0276-s_lc.fits,6.331230164,2454970.14149,-2029.8585100001656,2.688,3506.554535282648,3533.1797820328,3509.967883499834
268492383,82,tess2024223182411-s0082-0000000268492383-0278-s_lc.fits,6.331230164,2454970.14149,-2029.8585100001656,2.688,3533.395059749589,3559.248917904711,3535.2928041558343
268603980,74,tess2024003055635-s0074-0000000268603980-0269-s_lc.fits,16.84189987,2454970.99231,-2029.0076899998821,2.5751,3312.861457454882,3339.566499834478,3326.7164686601172
268603980,75,tess2024030031500-s0075-0000000268603980-0270-s_lc.fits,16.84189987,2454970.99231,-2029.0076899998821,2.5751,3339.781775633021,3367.480461998724,3343.558368530117
268603980,81,tess2024196212429-s0081-0000000268603980-0276-s_lc.fits,16.84189987,2454970.99231,-2029.0076899998821,2.5751,3506.554405983177,3533.17967195769,3511.977367230117
268603980,82,tess2024223182411-s0082-0000000268603980-0278-s_lc.fits,16.84189987,2454970.99231,-2029.0076899998821,2.5751,3533.394949891476,3559.248847812909,3545.661166970118
268612521,74,tess2024003055635-s0074-0000000268612521-0269-s_lc.fits,5.262155,2454969.36774,-2030.6322599998675,3.229,3312.861674606943,3339.566714470106,3315.7172200001323
268612521,75,tess2024030031500-s0075-0000000268612521-0270-s_lc.fits,5.262155,2454969.36774,-2030.6322599998675,3.229,3339.781989990649,3367.480624290064,3342.0279950001323
268612521,81,tess2024196212429-s0081-0000000268612521-0276-s_lc.fits,5.262155,2454969.36774,-2030.6322599998675,3.229,3506.554176618218,3533.17946296774,3510.4169550001325
268612521,82,tess2024223182411-s0082-0000000268612521-0278-s_lc.fits,5.262155,2454969.36774,-2030.6322599998675,3.229,3533.394741184648,3559.248698981508,3536.7277300001324
268924036,41,tess2021204101404-s0041-0000000268924036-0212-s_lc.fits,2.052349905,2455002.89063,-1997.1093700001948,2.0801,2419.991612199401,2446.581979131648,2421.5999754648046
268924036,54,tess2022190063128-s0054-0000000268924036-0227-s_lc.fits,2.052349905,2455002.89063,-1997.1093700001948,2.0801,2769.900869539834,2796.131819969657,2770.499459314805
268924036,55,tess2022217014003-s0055-0000000268924036-0242-s_lc.fits,2.052349905,2455002.89063,-1997.1093700001948,2.0801,2797.102657916881,2824.266383684433,2797.180008079805
268924036,74,tess2024003055635-s0074-0000000268924036-0269-s_lc.fits,2.052349905,2455002.89063,-1997.1093700001948,2.0801,3312.86147124777,3339.566503043816,3314.3721841398046
268924036,75,tess2024030031500-s0075-0000000268924036-0270-s_lc.fits,2.052349905,2455002.89063,-1997.1093700001948,2.0801,3339.78177874783,3367.480453386784,3341.0527329048045
268924036,81,tess2024196212429-s0081-0000000268924036-0276-s_lc.fits,2.052349905,2455002.89063,-1997.1093700001948,2.0801,3506.554395327683,3533.179672098552,3507.2930752098046
268924036,82,tess2024223182411-s0082-0000000268924036-0278-s_lc.fits,2.052349905,2455002.89063,-1997.1093700001948,2.0801,3533.394950118486,3559.248858473292,3533.9736239748045
269032792,41,tess2021204101404-s0041-0000000269032792-0212-s_lc.fits,5.991857017,2454969.88214,-2030.117860000115,1.622,2419.991365419641,2446.5817775669,2421.831903630885
269032792,55,tess2022217014003-s0055-0000000269032792-0242-s_lc.fits,5.991857017,2454969.88214,-2030.117860000115,1.622,2797.102424798226,2824.266217151151,2799.3188957018856
269032792,74,tess2024003055635-s0074-0000000269032792-0269-s_lc.fits,5.991857017,2454969.88214,-2030.117860000115,1.622,3312.861713083721,3339.566735584353,3314.618599163885
269032792,75,tess2024030031500-s0075-0000000269032792-0270-s_lc.fits,5.991857017,2454969.88214,-2030.117860000115,1.622,3339.782010932136,3367.48062234034,3344.5778842488853
269032792,81,tess2024196212429-s0081-0000000269032792-0276-s_lc.fits,5.991857017,2454969.88214,-2030.117860000115,1.622,3506.554142325756,3533.179447706622,3512.349880724885
269032792,82,tess2024223182411-s0082-0000000269032792-0278-s_lc.fits,5.991857017,2454969.88214,-2030.117860000115,1.622,3533.394726084417,3559.248705250705,3536.3173087928853
269119490,15,tess2019226182529-s0015-0000000269119490-0151-s_lc.fits,1.73513619,2454968.06005,-2031.939950000029,2.2741,1711.366985566532,1737.41249963973,1712.4839480199707
269119490,74,tess2024003055635-s0074-0000000269119490-0269-s_lc.fits,1.73513619,2454968.06005,-2031.939950000029,2.2741,3312.861556350164,3339.566581218567,3314.014651389971
269119490,75,tess2024030031500-s0075-0000000269119490-0270-s_lc.fits,1.73513619,2454968.06005,-2031.939950000029,2.2741,3339.781856770775,3367.480506204881,3340.0416942399706
269119490,81,tess2024196212429-s0081-0000000269119490-0276-s_lc.fits,1.73513619,2454968.06005,-2031.939950000029,2.2741,3506.554307670671,3533.179597842806,3506.6147684799707
269119490,82,tess2024223182411-s0082-0000000269119490-0278-s_lc.fits,1.73513619,2454968.06005,-2031.939950000029,2.2741,3533.394876012218,3559.248811611702,3534.3769475199706
269264648,74,tess2024003055635-s0074-0000000269264648-0269-s_lc.fits,4.938864,2454968.95186,-2031.0481400000863,4.279,3312.861527274506,3339.566549929388,3317.7415719999135
269264648,75,tess2024030031500-s0075-0000000269264648-0270-s_lc.fits,4.938864,2454968.95186,-2031.0481400000863,4.279,3339.781825499757,3367.480479844727,3342.435891999913
269264648,81,tess2024196212429-s0081-0000000269264648-0276-s_lc.fits,4.938864,2454968.95186,-2031.0481400000863,4.279,3506.554339338665,3533.179629107538,3510.3572679999133
269264648,82,tess2024223182411-s0082-0000000269264648-0278-s_lc.fits,4.938864,2454968.95186,-2031.0481400000863,4.279,3533.394907256227,3559.248836461018,3535.051587999913
270380593,4,tess2018292075959-s0004-0000000270380593-0124-s_lc.fits,3.8361623,2458414.13606,1414.1360599999316,2.4044766,1410.906202957075,1436.839160343813,1414.1360599999316
270380593,31,tess2020294194027-s0031-0000000270380593-0198-s_lc.fits,3.8361623,2458414.13606,1414.1360599999316,2.4044766,2144.519762129144,2169.94982785196,2146.8430592999316
270380593,42,tess2021232031932-s0042-0000000270380593-0213-s_lc.fits,3.8361623,2458414.13606,1414.1360599999316,2.4044766,2447.692931413071,2472.898944637267,2449.8998809999316
270380593,43,tess2021258175143-s0043-0000000270380593-0214-s_lc.fits,3.8361623,2458414.13606,1414.1360599999316,2.4044766,2474.179593153896,2498.879184757424,2476.7530170999316
270380593,70,tess2023263165758-s0070-0000000270380593-0265-s_lc.fits,3.8361623,2458414.13606,1414.1360599999316,2.4044766,3208.372483810174,3233.809452638036,3209.460016399931
270380593,71,tess2023289093419-s0071-0000000270380593-0266-s_lc.fits,3.8361623,2458414.13606,1414.1360599999316,2.4044766,3234.044173351788,3259.953665581859,3236.3131524999317
270615136,74,tess2024003055635-s0074-0000000270615136-0269-s_lc.fits,5.72,2454971.55997,-2028.4400300001726,1.1816,3312.861488066058,3339.566710276593,3314.039969999827
270615136,75,tess2024030031500-s0075-0000000270615136-0270-s_lc.fits,5.72,2454971.55997,-2028.4400300001726,1.1816,3339.781987355239,3367.480811937593,3342.6399699998274
270615136,81,tess2024196212429-s0081-0000000270615136-0276-s_lc.fits,5.72,2454971.55997,-2028.4400300001726,1.1816,3506.554305994756,3533.179410585502,3508.5199699998275
270615136,82,tess2024223182411-s0082-0000000270615136-0278-s_lc.fits,5.72,2454971.55997,-2028.4400300001726,1.1816,3533.394687379815,3559.248479128611,3537.119969999827
270698316,14,tess2019198215352-s0014-0000000270698316-0150-s_lc.fits,10.27530003,2455010.27298,-1989.7270200001076,6.3195,1683.355473471136,1710.20693127011,1688.8303907398927
270698316,15,tess2019226182529-s0015-0000000270698316-0151-s_lc.fits,10.27530003,2455010.27298,-1989.7270200001076,6.3195,1711.366647596089,1737.412075839297,1719.6562908298924
270698316,74,tess2024003055635-s0074-0000000270698316-0269-s_lc.fits,10.27530003,2455010.27298,-1989.7270200001076,6.3195,3312.86163165714,3339.56684272603,3322.6030955098922
270698316,75,tess2024030031500-s0075-0000000270698316-0270-s_lc.fits,10.27530003,2455010.27298,-1989.7270200001076,6.3195,3339.782119552055,3367.480902049571,3343.153695569893
270698316,81,tess2024196212429-s0081-0000000270698316-0276-s_lc.fits,10.27530003,2455010.27298,-1989.7270200001076,6.3195,3506.554157882802,3533.179284586172,3507.5584960498927
270698316,82,tess2024223182411-s0082-0000000270698316-0278-s_lc.fits,10.27530003,2455010.27298,-1989.7270200001076,6.3195,3533.394561629847,3559.248398999479,3538.3843961398925
270698499,74,tess2024003055635-s0074-0000000270698499-0269-s_lc.fits,7.693641,2455009.50106,-1990.4989399998449,5.05,3312.861622861963,3339.566834094998,3318.113350000155
270698499,75,tess2024030031500-s0075-0000000270698499-0270-s_lc.fits,7.693641,2455009.50106,-1990.4989399998449,5.05,3339.782110932431,3367.480895588754,3341.1942730001556
270698499,81,tess2024196212429-s0081-0000000270698499-0276-s_lc.fits,7.693641,2455009.50106,-1990.4989399998449,5.05,3506.55416715016,3533.1792929718,3510.454375000156
270698499,82,tess2024223182411-s0082-0000000270698499-0278-s_lc.fits,7.693641,2455009.50106,-1990.4989399998449,5.05,3533.394570003368,3559.248404908488,3533.5352980001553
270705735,74,tess2024003055635-s0074-0000000270705735-0269-s_lc.fits,4.41745855,2455003.79162,-1996.2083800002001,2.9563,3312.861307843266,3339.566535208205,3313.5767970998004
270705735,75,tess2024030031500-s0075-0000000270705735-0270-s_lc.fits,4.41745855,2455003.79162,-1996.2083800002001,2.9563,3339.781812540171,3367.480682811115,3340.0815483998003
270705735,81,tess2024196212429-s0081-0000000270705735-0276-s_lc.fits,4.41745855,2455003.79162,-1996.2083800002001,2.9563,3506.554495196662,3533.179580082951,3507.9449732998
270705735,82,tess2024223182411-s0082-0000000270705735-0278-s_lc.fits,4.41745855,2455003.79162,-1996.2083800002001,2.9563,3533.394856622082,3559.248596728342,3534.4497245998
270955259,40,tess2021175071901-s0040-0000000270955259-0211-s_lc.fits,5.424749281,2454966.7291,-2033.2708999998868,1.1431,2390.654800545761,2418.856685918675,2393.3245132961138
271042217,40,tess2021175071901-s0040-0000000271042217-0211-s_lc.fits,1.8555582,2455187.28048,-1812.7195199998096,2.4341,2390.654722829686,2418.856616289274,2391.9753612001905
271042217,54,tess2022190063128-s0054-0000000271042217-0227-s_lc.fits,1.8555582,2455187.28048,-1812.7195199998096,2.4341,2769.900693228179,2796.131504085577,2770.50923400019
271042217,74,tess2024003055635-s0074-0000000271042217-0269-s_lc.fits,1.8555582,2455187.28048,-1812.7195199998096,2.4341,3312.861618360182,3339.566805324581,3314.1877866001905
271042217,75,tess2024030031500-s0075-0000000271042217-0270-s_lc.fits,1.8555582,2455187.28048,-1812.7195199998096,2.4341,3339.782081989487,3367.480848078963,3340.16560140019
271042217,81,tess2024196212429-s0081-0000000271042217-0276-s_lc.fits,1.8555582,2455187.28048,-1812.7195199998096,2.4341,3506.554181040603,3533.179328610489,3507.1658394001906
271042217,82,tess2024223182411-s0082-0000000271042217-0278-s_lc.fits,1.8555582,2455187.28048,-1812.7195199998096,2.4341,3533.394605795026,3559.248454928892,3534.99921240019
271162715,82,tess2024223182411-s0082-0000000271162715-0278-s_lc.fits,54.5094166,2454973.82631,-2026.1736900000833,4.222,3533.39468095043,3559.248506194941,3533.786803199917
271163971,82,tess2024223182411-s0082-0000000271163971-0278-s_lc.fits,81.3151059,2455008.99732,-1991.0026799999177,5.762,3533.394633039471,3559.248474918335,3538.4245212000824
271253308,81,tess2024196212429-s0081-0000000271253308-0276-s_lc.fits,52.6298417,2454988.61153,-2011.3884700001217,5.964,3506.554085539527,3533.179253424119,3514.744908499878
271260980,74,tess2024003055635-s0074-0000000271260980-0269-s_lc.fits,5.968734,2454970.15762,-2029.8423799998127,3.639,3312.861400322666,3339.566592259163,3318.143284000188
271260980,75,tess2024030031500-s0075-0000000271260980-0270-s_lc.fits,5.968734,2454970.15762,-2029.8423799998127,3.639,3339.781869221161,3367.480689564135,3342.0182200001873
271260980,81,tess2024196212429-s0081-0000000271260980-0276-s_lc.fits,5.968734,2454970.15762,-2029.8423799998127,3.639,3506.554410424422,3533.179535307289,3509.1427720001875
271260980,82,tess2024223182411-s0082-0000000271260980-0278-s_lc.fits,5.968734,2454970.15762,-2029.8423799998127,3.639,3533.394812191476,3559.248599650833,3538.9864420001877
271346561,74,tess2024003055635-s0074-0000000271346561-0269-s_lc.fits,5.62153941,2454969.8905,-2030.1094999997877,2.3638,3312.861331277903,3339.56651919877,3315.9744789102124
271346561,75,tess2024030031500-s0075-0000000271346561-0270-s_lc.fits,5.62153941,2454969.8905,-2030.1094999997877,2.3638,3339.781796213388,3367.480629221417,3344.082175960212
271346561,81,tess2024196212429-s0081-0000000271346561-0276-s_lc.fits,5.62153941,2454969.8905,-2030.1094999997877,2.3638,3506.554485157471,3533.17960795208,3507.106818850212
271346561,82,tess2024223182411-s0082-0000000271346561-0278-s_lc.fits,5.62153941,2454969.8905,-2030.1094999997877,2.3638,3533.394884778291,3559.248656263138,3535.214515900212
271350547,40,tess2021175071901-s0040-0000000271350547-0211-s_lc.fits,4.626049995,2454967.6816,-2032.318400000222,0.56,2390.654852311697,2418.856763197029,2394.8114452147775
271350547,74,tess2024003055635-s0074-0000000271350547-0269-s_lc.fits,4.626049995,2454967.6816,-2032.318400000222,0.56,3312.861483101643,3339.566662676696,3315.3953942197777
271350547,75,tess2024030031500-s0075-0000000271350547-0270-s_lc.fits,4.626049995,2454967.6816,-2032.318400000222,0.56,3339.78193944917,3367.480730733482,3343.151694189778
271350547,81,tess2024196212429-s0081-0000000271350547-0276-s_lc.fits,4.626049995,2454967.6816,-2032.318400000222,0.56,3506.554327273614,3533.179470317738,3509.689494009778
271350547,82,tess2024223182411-s0082-0000000271350547-0278-s_lc.fits,4.626049995,2454967.6816,-2032.318400000222,0.56,3533.394747384463,3559.248564920883,3537.4457939797776
271354634,40,tess2021175071901-s0040-0000000271354634-0211-s_lc.fits,16.092361,2454975.51349,-2024.4865100001916,1.937,2390.654670977371,2418.856577815873,2400.912764999808
271354634,41,tess2021204101404-s0041-0000000271354634-0212-s_lc.fits,16.092361,2454975.51349,-2024.4865100001916,1.937,2419.991309405943,2446.581590184332,2433.097486999808
271354634,54,tess2022190063128-s0054-0000000271354634-0227-s_lc.fits,16.092361,2454975.51349,-2024.4865100001916,1.937,2769.900646530035,2796.131473977315,2771.0370679998086
271354634,74,tess2024003055635-s0074-0000000271354634-0269-s_lc.fits,16.092361,2454975.51349,-2024.4865100001916,1.937,3312.86166531409,3339.566836191405,3318.177341999808
271354634,75,tess2024030031500-s0075-0000000271354634-0270-s_lc.fits,16.092361,2454975.51349,-2024.4865100001916,1.937,3339.782112682852,3367.480854958177,3350.362063999809
271354634,81,tess2024196212429-s0081-0000000271354634-0276-s_lc.fits,16.092361,2454975.51349,-2024.4865100001916,1.937,3506.554137280084,3533.179303425198,3511.2856739998088
271354634,82,tess2024223182411-s0082-0000000271354634-0278-s_lc.fits,16.092361,2454975.51349,-2024.4865100001916,1.937,3533.394580772717,3559.248452740052,3543.4703959998087
271355270,40,tess2021175071901-s0040-0000000271355270-0211-s_lc.fits,2.377569914,2454966.3975,-2033.6025000000373,2.263,2390.654640889365,2418.856544515503,2391.0551099539625
271355270,41,tess2021204101404-s0041-0000000271355270-0212-s_lc.fits,2.377569914,2454966.3975,-2033.6025000000373,2.263,2419.991276113024,2446.581560931257,2421.9635188359625
271355270,54,tess2022190063128-s0054-0000000271355270-0227-s_lc.fits,2.377569914,2454966.3975,-2033.6025000000373,2.263,2769.900613860404,2796.131441498139,2771.466296193963
271355270,55,tess2022217014003-s0055-0000000271355270-0242-s_lc.fits,2.377569914,2454966.3975,-2033.6025000000373,2.263,2797.102276093163,2824.2659555812,2797.619565247963
271355270,74,tess2024003055635-s0074-0000000271355270-0269-s_lc.fits,2.377569914,2454966.3975,-2033.6025000000373,2.263,3312.861696441801,3339.566868254746,3313.5522365859624
271355270,75,tess2024030031500-s0075-0000000271355270-0270-s_lc.fits,2.377569914,2454966.3975,-2033.6025000000373,2.263,3339.782144716158,3367.480880575135,3342.0830755539628
271355270,81,tess2024196212429-s0081-0000000271355270-0276-s_lc.fits,2.377569914,2454966.3975,-2033.6025000000373,2.263,3506.55410391359,3533.179271796552,3508.512969533963
271355270,82,tess2024223182411-s0082-0000000271355270-0278-s_lc.fits,2.377569914,2454966.3975,-2033.6025000000373,2.263,3533.394549176667,3559.248428902152,3534.6662385879627
271355361,81,tess2024196212429-s0081-0000000271355361-0276-s_lc.fits,9.99761851,2455004.78774,-1995.212259999942,3.2429,3506.554099228571,3533.179271305745,3513.475539010058
271355361,82,tess2024223182411-s0082-0000000271355361-0278-s_lc.fits,9.99761851,2455004.78774,-1995.212259999942,3.2429,3533.394548719388,3559.248432602762,3533.470776030058
271537530,82,tess2024223182411-s0082-0000000271537530-0278-s_lc.fits,59.87756,2454984.188,-2015.811999999918,4.845,3533.394914828346,3559.248687485262,3552.801080000082
271546798,74,tess2024003055635-s0074-0000000271546798-0269-s_lc.fits,12.05707239,2454968.41471,-2031.5852899998426,2.2598,3312.861651466371,3339.566811728588,3321.754851160157
271546798,75,tess2024030031500-s0075-0000000271546798-0270-s_lc.fits,12.05707239,2454968.41471,-2031.5852899998426,2.2598,3339.782088158335,3367.480825049218,3345.868995940157
271546798,81,tess2024196212429-s0081-0000000271546798-0276-s_lc.fits,12.05707239,2454968.41471,-2031.5852899998426,2.2598,3506.55415595543,3533.179330623542,3514.6680094001576
271546798,82,tess2024223182411-s0082-0000000271546798-0278-s_lc.fits,12.05707239,2454968.41471,-2031.5852899998426,2.2598,3533.394608023681,3559.248483026662,3538.7821541801577
271663670,81,tess2024196212429-s0081-0000000271663670-0276-s_lc.fits,8.79617863,2454968.67717,-2031.322829999961,3.3986,3506.554195969005,3533.179370201492,3510.2697069000387
271663670,82,tess2024223182411-s0082-0000000271663670-0278-s_lc.fits,8.79617863,2454968.67717,-2031.322829999961,3.3986,3533.394647575554,3559.248514556355,3536.6582427900394
271760755,40,tess2021175071901-s0040-0000000271760755-0211-s_lc.fits,3.179262921,2455094.84239,-1905.1576100001112,1.0248,2390.654981780901,2418.856914902025,2393.2058591918885
271760755,41,tess2021204101404-s0041-0000000271760755-0212-s_lc.fits,3.179262921,2455094.84239,-1905.1576100001112,1.0248,2419.991645917887,2446.581879945513,2421.8192254808882
271760755,54,tess2022190063128-s0054-0000000271760755-0227-s_lc.fits,3.179262921,2455094.84239,-1905.1576100001112,1.0248,2769.900980284333,2796.131799827944,2771.5381467908883
271760755,55,tess2022217014003-s0055-0000000271760755-0242-s_lc.fits,3.179262921,2455094.84239,-1905.1576100001112,1.0248,2797.102632647771,2824.266228504439,2800.151513079889
271760755,74,tess2024003055635-s0074-0000000271760755-0269-s_lc.fits,3.179262921,2455094.84239,-1905.1576100001112,1.0248,3312.861346148796,3339.566513829463,3315.1921062818883
271760755,75,tess2024030031500-s0075-0000000271760755-0270-s_lc.fits,3.179262921,2455094.84239,-1905.1576100001112,1.0248,3339.781790678305,3367.480603909234,3340.6262096498886
271760755,81,tess2024196212429-s0081-0000000271760755-0276-s_lc.fits,3.179262921,2455094.84239,-1905.1576100001112,1.0248,3506.554476986978,3533.17961947091,3509.1271444628883
271760755,82,tess2024223182411-s0082-0000000271760755-0278-s_lc.fits,3.179262921,2455094.84239,-1905.1576100001112,1.0248,3533.394896447763,3559.248684797698,3534.5612478308885
271877680,40,tess2021175071901-s0040-0000000271877680-0211-s_lc.fits,19.78297415,2455010.72336,-1989.2766399998218,5.4661,2390.654534146992,2418.856461704861,2402.5436213001785
271877680,41,tess2021204101404-s0041-0000000271877680-0212-s_lc.fits,19.78297415,2455010.72336,-1989.2766399998218,5.4661,2419.991194748958,2446.581519574947,2422.3265954501785
271877680,54,tess2022190063128-s0054-0000000271877680-0227-s_lc.fits,19.78297415,2455010.72336,-1989.2766399998218,5.4661,2769.90051589691,2796.131374582612,2778.420130150179
271877680,55,tess2022217014003-s0055-0000000271877680-0242-s_lc.fits,19.78297415,2455010.72336,-1989.2766399998218,5.4661,2797.102210593945,2824.265935960329,2798.203104300179
271881331,81,tess2024196212429-s0081-0000000271881331-0276-s_lc.fits,0.84338011,2454964.96621,-2035.033789999783,1.4362,3506.55417254438,3533.179360373245,3506.816912810217
271881331,82,tess2024223182411-s0082-0000000271881331-0278-s_lc.fits,0.84338011,2454964.96621,-2035.033789999783,1.4362,3533.394637861394,3559.248519903078,3533.805076330217
271885110,82,tess2024223182411-s0082-0000000271885110-0278-s_lc.fits,42.42720032,2454989.1893,-2010.810699999798,6.133,3533.394759397127,3559.248596285731,3547.1525419202017
271898990,92,tess2025127075000-s0092-0000000271898990-0289-s_lc.fits,1.74748753,2456387.21161,-612.7883899998851,2.26968,3802.983228768838,3829.645366343814,3803.1125983101147
271958892,81,tess2024196212429-s0081-0000000271958892-0276-s_lc.fits,2.345863002,2455187.11185,-1812.8881500000134,1.6795,3506.554463811091,3533.179615890907,3507.529138535987
271958892,82,tess2024223182411-s0082-0000000271958892-0278-s_lc.fits,2.345863002,2455187.11185,-1812.8881500000134,1.6795,3533.394892946223,3559.248691282031,3535.679494559987
271960115,74,tess2024003055635-s0074-0000000271960115-0269-s_lc.fits,19.76172042,2454968.17642,-2031.823580000084,3.5906,3312.861324764931,3339.566487645561,3323.6026538199158
271960115,75,tess2024030031500-s0075-0000000271960115-0270-s_lc.fits,19.76172042,2454968.17642,-2031.823580000084,3.5906,3339.78176448509,3367.480578766085,3343.3643742399163
271960115,81,tess2024196212429-s0081-0000000271960115-0276-s_lc.fits,19.76172042,2454968.17642,-2031.823580000084,3.5906,3506.554501467723,3533.17964654632,3521.2198580199156
271960115,82,tess2024223182411-s0082-0000000271960115-0278-s_lc.fits,19.76172042,2454968.17642,-2031.823580000084,3.5906,3533.39492352783,3559.248709192528,3540.981578439916
271964647,74,tess2024003055635-s0074-0000000271964647-0269-s_lc.fits,2.422082,2454965.93928,-2034.0607199999504,2.574,3312.861338237444,3339.566494057484,3313.89633600005
271964647,75,tess2024030031500-s0075-0000000271964647-0270-s_lc.fits,2.422082,2454965.93928,-2034.0607199999504,2.574,3339.781770828794,3367.480576301806,3340.5392380000494
271964647,81,tess2024196212429-s0081-0000000271964647-0276-s_lc.fits,2.422082,2454965.93928,-2034.0607199999504,2.574,3506.554489831313,3533.179642468059,3507.66289600005
271964647,82,tess2024223182411-s0082-0000000271964647-0278-s_lc.fits,2.422082,2454965.93928,-2034.0607199999504,2.574,3533.394919512898,3559.248713283828,3534.3057980000494
271966200,81,tess2024196212429-s0081-0000000271966200-0276-s_lc.fits,16.8601286,2454972.84599,-2027.154010000173,5.553,3506.554443986959,3533.179600501965,3519.8282993998264
271966200,82,tess2024223182411-s0082-0000000271966200-0278-s_lc.fits,16.8601286,2454972.84599,-2027.154010000173,5.553,3533.394877601752,3559.248683189536,3536.6884279998267
271971130,1,tess2018206045859-s0001-0000000271971130-0120-s_lc.fits,19.288004,2459002.63051,2002.6305100000463,1.98,1325.293989363773,1353.176818343237,1327.5503700000463
271971130,2,tess2018234235059-s0002-0000000271971130-0121-s_lc.fits,19.288004,2459002.63051,2002.6305100000463,1.98,1354.107354140903,1381.513836918928,1366.1263780000463
271971130,3,tess2018263035959-s0003-0000000271971130-0123-s_lc.fits,19.288004,2459002.63051,2002.6305100000463,1.98,1382.038827001869,1409.382945339497,1385.4143820000463
271971130,4,tess2018292075959-s0004-0000000271971130-0124-s_lc.fits,19.288004,2459002.63051,2002.6305100000463,1.98,1410.899594332555,1436.834212142692,1423.9903900000463
271971130,5,tess2018319095959-s0005-0000000271971130-0125-s_lc.fits,19.288004,2459002.63051,2002.6305100000463,1.98,1437.988374410395,1464.145435492925,1443.2783940000463
271971130,6,tess2018349182500-s0006-0000000271971130-0126-s_lc.fits,19.288004,2459002.63051,2002.6305100000463,1.98,1468.26908329819,1490.044351787095,1481.8544020000463
271971130,7,tess2019006130736-s0007-0000000271971130-0131-s_lc.fits,19.288004,2459002.63051,2002.6305100000463,1.98,1491.630481094704,1516.086449448542,1501.1424060000463
271971130,8,tess2019032160000-s0008-0000000271971130-0136-s_lc.fits,19.288004,2459002.63051,2002.6305100000463,1.98,1517.362855591354,1542.000801652029,1520.4304100000463
271971130,9,tess2019058134432-s0009-0000000271971130-0139-s_lc.fits,19.288004,2459002.63051,2002.6305100000463,1.98,1543.238318552937,1568.476211847775,1559.0064180000463
271971130,10,tess2019085135100-s0010-0000000271971130-0140-s_lc.fits,19.288004,2459002.63051,2002.6305100000463,1.98,1569.437332230807,1595.68203420596,1578.2944220000463
271971130,11,tess2019112060037-s0011-0000000271971130-0143-s_lc.fits,19.288004,2459002.63051,2002.6305100000463,1.98,1596.777870488309,1623.893197963709,1597.5824260000463
271971130,12,tess2019140104343-s0012-0000000271971130-0144-s_lc.fits,19.288004,2459002.63051,2002.6305100000463,1.98,1624.968191601919,1652.893003492144,1636.1584340000463
271971130,13,tess2019169103026-s0013-0000000271971130-0146-s_lc.fits,19.288004,2459002.63051,2002.6305100000463,1.98,1653.920766426774,1682.357870201224,1655.4464380000463
271971130,27,tess2020186164531-s0027-0000000271971130-0189-s_lc.fits,19.288004,2459002.63051,2002.6305100000463,1.98,2036.278723728426,2060.642210082282,2041.2065180000463
271971130,29,tess2020238165205-s0029-0000000271971130-0193-s_lc.fits,19.288004,2459002.63051,2002.6305100000463,1.98,2088.238926429444,2114.420434883651,2099.0705300000463
271971130,30,tess2020266004630-s0030-0000000271971130-0195-s_lc.fits,19.288004,2459002.63051,2002.6305100000463,1.98,2115.884301810795,2143.207604975542,2118.3585340000463
271971130,31,tess2020294194027-s0031-0000000271971130-0198-s_lc.fits,19.288004,2459002.63051,2002.6305100000463,1.98,2144.513151260194,2169.943623093786,2156.9345420000463
271971130,32,tess2020324010417-s0032-0000000271971130-0200-s_lc.fits,19.288004,2459002.63051,2002.6305100000463,1.98,2174.226961485797,2200.218783842334,2176.2225460000463
271971130,33,tess2020351194500-s0033-0000000271971130-0203-s_lc.fits,19.288004,2459002.63051,2002.6305100000463,1.98,2201.731299977532,2227.571920148936,2214.7985540000464
271971130,34,tess2021014023720-s0034-0000000271971130-0204-s_lc.fits,19.288004,2459002.63051,2002.6305100000463,1.98,2228.766383977034,2254.065433326202,2234.0865580000464
271971130,35,tess2021039152502-s0035-0000000271971130-0205-s_lc.fits,19.288004,2459002.63051,2002.6305100000463,1.98,2254.994616446528,2279.979777578596,2272.6625660000464
271971130,36,tess2021065132309-s0036-0000000271971130-0207-s_lc.fits,19.288004,2459002.63051,2002.6305100000463,1.98,2280.903404102739,2305.989870319949,2291.9505700000464
271971130,37,tess2021091135823-s0037-0000000271971130-0208-s_lc.fits,19.288004,2459002.63051,2002.6305100000463,1.98,2307.255163631421,2332.58036067095,2311.2385740000464
271971130,39,tess2021146024351-s0039-0000000271971130-0210-s_lc.fits,19.288004,2459002.63051,2002.6305100000463,1.98,2361.772020548213,2389.719000052006,2369.1025860000464
271971130,61,tess2023018032328-s0061-0000000271971130-0250-s_lc.fits,19.288004,2459002.63051,2002.6305100000463,1.98,2962.798060188157,2988.212395168732,2967.0307100000464
271971130,62,tess2023043185947-s0062-0000000271971130-0254-s_lc.fits,19.288004,2459002.63051,2002.6305100000463,1.98,2988.440177240124,3014.153121231947,3005.6067180000464
271971130,63,tess2023069172124-s0063-0000000271971130-0255-s_lc.fits,19.288004,2459002.63051,2002.6305100000463,1.98,3014.368403006938,3040.900702324405,3024.8947220000464
271971130,64,tess2023096110322-s0064-0000000271971130-0257-s_lc.fits,19.288004,2459002.63051,2002.6305100000463,1.98,3041.114594191234,3068.03282683431,3044.1827260000464
271971130,65,tess2023124020739-s0065-0000000271971130-0259-s_lc.fits,19.288004,2459002.63051,2002.6305100000463,1.98,3068.73976893897,3096.629994574409,3082.7587340000464
271971130,66,tess2023153011303-s0066-0000000271971130-0260-s_lc.fits,19.288004,2459002.63051,2002.6305100000463,1.98,3097.674440431135,3126.428314513727,3102.0467380000464
271971130,67,tess2023181235917-s0067-0000000271971130-0261-s_lc.fits,19.288004,2459002.63051,2002.6305100000463,1.98,3126.642201408102,3154.395922952192,3140.6227460000464
271971130,68,tess2023209231226-s0068-0000000271971130-0262-s_lc.fits,19.288004,2459002.63051,2002.6305100000463,1.98,3154.615364325454,3182.125972035433,3159.9107500000464
271971130,69,tess2023237165326-s0069-0000000271971130-0264-s_lc.fits,19.288004,2459002.63051,2002.6305100000463,1.98,3182.353746747021,3208.138031143592,3198.4867580000464
271971130,87,tess2024353092137-s0087-0000000271971130-0284-s_lc.fits,19.288004,2459002.63051,2002.6305100000463,1.98,3663.039906898003,3689.937488977243,3680.6868580000464
271971130,88,tess2025014115807-s0088-0000000271971130-0285-s_lc.fits,19.288004,2459002.63051,2002.6305100000463,1.98,3690.151381576133,3717.924087051719,3699.9748620000464
271971130,89,tess2025042113628-s0089-0000000271971130-0286-s_lc.fits,19.288004,2459002.63051,2002.6305100000463,1.98,3718.137979173026,3746.945418568718,3719.2628660000464
271971130,90,tess2025071122000-s0090-0000000271971130-0287-s_lc.fits,19.288004,2459002.63051,2002.6305100000463,1.98,3747.159311142587,3775.077722156796,3757.8388740000464
271971130,93,tess2025154050500-s0093-0000000271971130-0290-s_lc.fits,19.288004,2459002.63051,2002.6305100000463,1.98,3829.870856078212,3856.049754057513,3834.9908900000464
271971130,94,tess2025180145000-s0094-0000000271971130-0291-s_lc.fits,19.288004,2459002.63051,2002.6305100000463,1.98,3856.265028908383,3882.118788907235,3873.5668980000464
271971130,95,tess2025206162959-s0095-0000000271971130-0292-s_lc.fits,19.288004,2459002.63051,2002.6305100000463,1.98,3882.349340622213,3907.543325111528,3892.8549020000464
271971130,96,tess2025232030459-s0096-0000000271971130-0293-s_lc.fits,19.288004,2459002.63051,2002.6305100000463,1.98,3907.77387651898,3933.433149926682,3912.1429060000464
271971130,97,tess2025258001959-s0097-0000000271971130-0294-s_lc.fits,19.288004,2459002.63051,2002.6305100000463,1.98,3933.659534975147,3988.284004656056,3950.7189140000464
271971130,98,tess2025312202959-s0098-0000000271971130-0298-s_lc.fits,19.288004,2459002.63051,2002.6305100000463,1.98,3988.499282064361,4045.898287620147,3989.2949220000464
272074477,74,tess2024003055635-s0074-0000000272074477-0269-s_lc.fits,5.185002073,2454964.87942,-2035.1205799998716,2.1771,3312.861620250068,3339.566763468616,3315.801559336128
272074477,75,tess2024030031500-s0075-0000000272074477-0270-s_lc.fits,5.185002073,2454964.87942,-2035.1205799998716,2.1771,3339.782039810586,3367.480770126332,3341.726569701128
272074477,81,tess2024196212429-s0081-0000000272074477-0276-s_lc.fits,5.185002073,2454964.87942,-2035.1205799998716,2.1771,3506.554195465858,3533.179383071439,3507.646636037128
272074477,82,tess2024223182411-s0082-0000000272074477-0278-s_lc.fits,5.185002073,2454964.87942,-2035.1205799998716,2.1771,3533.394660544686,3559.248538011714,3533.571646402128
272172942,41,tess2021204101404-s0041-0000000272172942-0212-s_lc.fits,8.09219642,2454971.04671,-2028.9532900000922,5.455,2419.991464884193,2446.581747947349,2421.754740999908
272172942,54,tess2022190063128-s0054-0000000272172942-0227-s_lc.fits,8.09219642,2454971.04671,-2028.9532900000922,5.455,2769.900786155265,2796.131634175693,2777.811383479908
272172942,55,tess2022217014003-s0055-0000000272172942-0242-s_lc.fits,8.09219642,2454971.04671,-2028.9532900000922,5.455,2797.102468578536,2824.266128426377,2802.087972739908
272172942,74,tess2024003055635-s0074-0000000272172942-0269-s_lc.fits,8.09219642,2454971.04671,-2028.9532900000922,5.455,3312.861535254776,3339.566679297777,3319.9885436199083
272172942,75,tess2024030031500-s0075-0000000272172942-0270-s_lc.fits,8.09219642,2454971.04671,-2028.9532900000922,5.455,3339.781955747548,3367.480706312575,3344.2651328799084
272172942,81,tess2024196212429-s0081-0000000272172942-0276-s_lc.fits,8.09219642,2454971.04671,-2028.9532900000922,5.455,3506.554285303097,3533.179465080911,3514.2012576999077
272172942,82,tess2024223182411-s0082-0000000272172942-0278-s_lc.fits,8.09219642,2454971.04671,-2028.9532900000922,5.455,3533.394742444029,3559.248596577468,3538.4778469599078
272173269,74,tess2024003055635-s0074-0000000272173269-0269-s_lc.fits,6.38669014,2454964.52724,-2035.4727599998005,1.2428,3312.861524570644,3339.566668643214,3316.5735773201995
272173269,75,tess2024030031500-s0075-0000000272173269-0270-s_lc.fits,6.38669014,2454964.52724,-2035.4727599998005,1.2428,3339.78194510579,3367.480698156517,3342.1203378801993
272173269,81,tess2024196212429-s0081-0000000272173269-0276-s_lc.fits,6.38669014,2454964.52724,-2035.4727599998005,1.2428,3506.554296624021,3533.179475485181,3508.1742815201997
272173269,82,tess2024223182411-s0082-0000000272173269-0278-s_lc.fits,6.38669014,2454964.52724,-2035.4727599998005,1.2428,3533.394752835028,3559.248604082065,3533.7210420801994
272179260,74,tess2024003055635-s0074-0000000272179260-0269-s_lc.fits,13.6473676,2454965.2362,-2034.7637999998406,7.769,3312.861339612774,3339.566491611598,3315.00429920016
272179260,75,tess2024030031500-s0075-0000000272179260-0270-s_lc.fits,13.6473676,2454965.2362,-2034.7637999998406,7.769,3339.781768353106,3367.480570422599,3342.29903440016
272179260,81,tess2024196212429-s0081-0000000272179260-0276-s_lc.fits,13.6473676,2454965.2362,-2034.7637999998406,7.769,3506.554489807331,3533.179646042009,3519.7148132001594
272179260,82,tess2024223182411-s0082-0000000272179260-0278-s_lc.fits,13.6473676,2454965.2362,-2034.7637999998406,7.769,3533.394923113158,3559.248719683877,3547.0095484001595
272180958,74,tess2024003055635-s0074-0000000272180958-0269-s_lc.fits,22.24813967,2455007.13664,-1992.863359999843,3.9565,3312.86129284548,3339.566448178905,3324.4420211301567
272180958,75,tess2024030031500-s0075-0000000272180958-0270-s_lc.fits,22.24813967,2455007.13664,-1992.863359999843,3.9565,3339.781725001204,3367.480540540416,3346.690160800157
272180958,81,tess2024196212429-s0081-0000000272180958-0276-s_lc.fits,22.24813967,2455007.13664,-1992.863359999843,3.9565,3506.554538152519,3533.179687452802,3524.675278160157
272180958,82,tess2024223182411-s0082-0000000272180958-0278-s_lc.fits,22.24813967,2455007.13664,-1992.863359999843,3.9565,3533.394964445021,3559.248746344383,3546.9234178301576
272183546,81,tess2024196212429-s0081-0000000272183546-0276-s_lc.fits,0.665026916,2454964.65768,-2035.3423199998215,1.7384,3506.554506256583,3533.179665927609,3506.9919979441784
272183546,82,tess2024223182411-s0082-0000000272183546-0278-s_lc.fits,0.665026916,2454964.65768,-2035.3423199998215,1.7384,3533.394943014823,3559.248739096365,3533.593074584178
272212970,37,tess2021091135823-s0037-0000000272212970-0208-s_lc.fits,1.6091788,2457796.88127,796.8812699997798,1.9464,2307.261408224752,2332.583567179591,2307.90016319978
272212970,64,tess2023096110322-s0064-0000000272212970-0257-s_lc.fits,1.6091788,2457796.88127,796.8812699997798,1.9464,3041.118078326552,3068.035920142322,3041.68569599978
272212970,90,tess2025071122000-s0090-0000000272212970-0287-s_lc.fits,1.6091788,2457796.88127,796.8812699997798,1.9464,3747.162515248659,3775.081186421252,3748.1151891997797
272212970,99,tess2026005125623-s0099-0000000272212970-0300-s_lc.fits,1.6091788,2457796.88127,796.8812699997798,1.9464,4046.113629560422,4073.779568346751,4047.42244599978
272212970,100,tess2026033082000-s0100-0000000272212970-0302-s_lc.fits,1.6091788,2457796.88127,796.8812699997798,1.9464,4073.994873259312,4100.468735351315,4074.7784855997797
272212970,101,tess2026060005000-s0101-0000000272212970-0303-s_lc.fits,1.6091788,2457796.88127,796.8812699997798,1.9464,4100.696526008181,4126.809991867921,4102.13452519978
272278272,74,tess2024003055635-s0074-0000000272278272-0269-s_lc.fits,5.77721211,2454970.16681,-2029.8331900001504,2.423,3312.861724468324,3339.566851494898,3314.088011749849
272278272,75,tess2024030031500-s0075-0000000272278272-0270-s_lc.fits,5.77721211,2454970.16681,-2029.8331900001504,2.423,3339.782127594724,3367.480820816822,3342.9740722998495
272278272,81,tess2024196212429-s0081-0000000272278272-0276-s_lc.fits,5.77721211,2454970.16681,-2029.8331900001504,2.423,3506.554091006856,3533.179302050333,3510.513223489849
272278272,82,tess2024223182411-s0082-0000000272278272-0278-s_lc.fits,5.77721211,2454970.16681,-2029.8331900001504,2.423,3533.394579757808,3559.248495492182,3533.62207192985
272278496,81,tess2024196212429-s0081-0000000272278496-0276-s_lc.fits,6.9913086,2454968.46263,-2031.5373700000346,2.2124,3506.554081801663,3533.179290972484,3512.5703497999657
272278496,82,tess2024223182411-s0082-0000000272278496-0278-s_lc.fits,6.9913086,2454968.46263,-2031.5373700000346,2.2124,3533.394568671577,3559.248484718176,3533.5442755999657
272366748,41,tess2021204101404-s0041-0000000272366748-0212-s_lc.fits,3.855603551,2455003.67889,-1996.3211099999025,3.20969,2419.99140270351,2446.581709490712,2422.200559446098
272366748,55,tess2022217014003-s0055-0000000272366748-0242-s_lc.fits,3.855603551,2455003.67889,-1996.3211099999025,3.20969,2797.102415422602,2824.266103801277,2800.0497074440973
272366748,74,tess2024003055635-s0074-0000000272366748-0269-s_lc.fits,3.855603551,2455003.67889,-1996.3211099999025,3.20969,3312.861605125856,3339.566733724967,3316.700583278098
272366748,75,tess2024030031500-s0075-0000000272366748-0270-s_lc.fits,3.855603551,2455003.67889,-1996.3211099999025,3.20969,3339.782009977996,3367.480731967718,3339.8342045840973
272366748,81,tess2024196212429-s0081-0000000272366748-0276-s_lc.fits,3.855603551,2455003.67889,-1996.3211099999025,3.20969,3506.554216996639,3533.17941667053,3509.480760828098
272366748,82,tess2024223182411-s0082-0000000272366748-0278-s_lc.fits,3.855603551,2455003.67889,-1996.3211099999025,3.20969,3533.394694220845,3559.24857692889,3536.4699856850975
272484980,81,tess2024196212429-s0081-0000000272484980-0276-s_lc.fits,4.60182,2455002.97887,-1997.0211299997754,2.227,3506.554487969599,3533.179657834183,3506.7555900002244
272484980,82,tess2024223182411-s0082-0000000272484980-0278-s_lc.fits,4.60182,2455002.97887,-1997.0211299997754,2.227,3533.394935007312,3559.248742519907,3534.3665100002245
272488625,75,tess2024030031500-s0075-0000000272488625-0270-s_lc.fits,17.58752333,2455009.07736,-1990.9226400000043,4.3821,3339.781854166798,3367.480611230826,3355.684452319995
272488625,81,tess2024196212429-s0081-0000000272488625-0276-s_lc.fits,17.58752333,2455009.07736,-1990.9226400000043,4.3821,3506.554381866346,3533.179569383451,3513.972162289996
272488625,82,tess2024223182411-s0082-0000000272488625-0278-s_lc.fits,17.58752333,2455009.07736,-1990.9226400000043,4.3821,3533.394846748665,3559.248688350926,3549.1472089499957
272496083,74,tess2024003055635-s0074-0000000272496083-0269-s_lc.fits,11.38848,2455007.55117,-1992.4488300001249,3.618,3312.861698101185,3339.566819415957,3314.582849999875
272496083,75,tess2024030031500-s0075-0000000272496083-0270-s_lc.fits,11.38848,2455007.55117,-1992.4488300001249,3.618,3339.782095505073,3367.480790188883,3348.748289999875
272496083,81,tess2024196212429-s0081-0000000272496083-0276-s_lc.fits,11.38848,2455007.55117,-1992.4488300001249,3.618,3506.554121118377,3533.179335173519,3508.187009999875
272496083,82,tess2024223182411-s0082-0000000272496083-0278-s_lc.fits,11.38848,2455007.55117,-1992.4488300001249,3.618,3533.394612885651,3559.248525177157,3542.352449999875
272596598,81,tess2024196212429-s0081-0000000272596598-0276-s_lc.fits,0.577369579,2454965.42555,-2034.5744500001892,1.0963,3506.554083932064,3533.179303879218,3507.0187692418103
272596598,82,tess2024223182411-s0082-0000000272596598-0278-s_lc.fits,0.577369579,2454965.42555,-2034.5744500001892,1.0963,3533.394581656542,3559.248505665949,3533.57776987581
272601590,74,tess2024003055635-s0074-0000000272601590-0269-s_lc.fits,8.486616,2454971.01734,-2028.9826600002125,5.176,3312.861717272111,3339.566828380403,3317.5854199997875
272601590,75,tess2024030031500-s0075-0000000272601590-0270-s_lc.fits,8.486616,2454971.01734,-2028.9826600002125,5.176,3339.78210437173,3367.480786393743,3343.045267999787
272601590,81,tess2024196212429-s0081-0000000272601590-0276-s_lc.fits,8.486616,2454971.01734,-2028.9826600002125,5.176,3506.554104617204,3533.179329572545,3512.777587999787
272601590,82,tess2024223182411-s0082-0000000272601590-0278-s_lc.fits,8.486616,2454971.01734,-2028.9826600002125,5.176,3533.394607375481,3559.248531303863,3538.2374359997875
272707494,81,tess2024196212429-s0081-0000000272707494-0276-s_lc.fits,8.988320351,2454971.83733,-2028.1626699999906,4.65,3506.554451831024,3533.179634371606,3508.6426662160093
272707494,82,tess2024223182411-s0082-0000000272707494-0278-s_lc.fits,8.988320351,2454971.83733,-2028.1626699999906,4.65,3533.394911659753,3559.24873595967,3535.6076272690098
272836943,74,tess2024003055635-s0074-0000000272836943-0269-s_lc.fits,21.08721,2455942.60708,-1057.392920000013,5.96,3312.861655346843,3339.566764032532,3328.7467599999873
272836943,75,tess2024030031500-s0075-0000000272836943-0270-s_lc.fits,21.08721,2455942.60708,-1057.392920000013,5.96,3339.782040080204,3367.480734413138,3349.833969999987
272836943,81,tess2024196212429-s0081-0000000272836943-0276-s_lc.fits,21.08721,2455942.60708,-1057.392920000013,5.96,3506.554171207932,3533.17939321587,3518.531649999987
272836943,82,tess2024223182411-s0082-0000000272836943-0278-s_lc.fits,21.08721,2455942.60708,-1057.392920000013,5.96,3533.39467095827,3559.248579809005,3539.618859999987
272839596,74,tess2024003055635-s0074-0000000272839596-0269-s_lc.fits,12.70639992,2455013.63164,-1986.3683600001968,2.395,3312.861756605705,3339.566866009793,3324.906806559804
272839596,75,tess2024030031500-s0075-0000000272839596-0270-s_lc.fits,12.70639992,2455013.63164,-1986.3683600001968,2.395,3339.782141941748,3367.480813524101,3350.319606399804
272839596,81,tess2024196212429-s0081-0000000272839596-0276-s_lc.fits,12.70639992,2455013.63164,-1986.3683600001968,2.395,3506.554063537031,3533.179293321279,3515.5028053598035
272839596,82,tess2024223182411-s0082-0000000272839596-0278-s_lc.fits,12.70639992,2455013.63164,-1986.3683600001968,2.395,3533.394571183587,3559.248506751639,3540.9156051998034
272843289,74,tess2024003055635-s0074-0000000272843289-0269-s_lc.fits,6.96710269,2454971.24152,-2028.758479999844,3.643,3312.861748788882,3339.566848804307,3315.009283230156
272843289,75,tess2024030031500-s0075-0000000272843289-0270-s_lc.fits,6.96710269,2454971.24152,-2028.758479999844,3.643,3339.782124677356,3367.480790476428,3342.8776939901563
272843289,81,tess2024196212429-s0081-0000000272843289-0276-s_lc.fits,6.96710269,2454971.24152,-2028.758479999844,3.643,3506.554075353652,3533.179313045294,3510.0881585501556
272843289,82,tess2024223182411-s0082-0000000272843289-0278-s_lc.fits,6.96710269,2454971.24152,-2028.758479999844,3.643,3533.39459095929,3559.248530401644,3537.956569310156
272942100,41,tess2021204101404-s0041-0000000272942100-0212-s_lc.fits,3.306539,2454967.371,-2032.62900000019,1.767,2419.991581770066,2446.581873215358,2421.2790329998097
272942100,54,tess2022190063128-s0054-0000000272942100-0227-s_lc.fits,3.306539,2454967.371,-2032.62900000019,1.767,2769.900887287117,2796.131757538681,2771.77216699981
272942100,74,tess2024003055635-s0074-0000000272942100-0269-s_lc.fits,3.306539,2454967.371,-2032.62900000019,1.767,3312.861442309948,3339.566559093137,3314.0445629998094
272942100,75,tess2024030031500-s0075-0000000272942100-0270-s_lc.fits,3.306539,2454967.371,-2032.62900000019,1.767,3339.781835454432,3367.480585413633,3340.4968749998097
272942100,81,tess2024196212429-s0081-0000000272942100-0276-s_lc.fits,3.306539,2454967.371,-2032.62900000019,1.767,3506.55439411417,3533.179591002708,3509.1303639998096
272942100,82,tess2024223182411-s0082-0000000272942100-0278-s_lc.fits,3.306539,2454967.371,-2032.62900000019,1.767,3533.394868430553,3559.24871496114,3535.58267599981
272943597,74,tess2024003055635-s0074-0000000272943597-0269-s_lc.fits,8.408878,2454967.0062,-2032.993799999822,3.485,3312.861402321052,3339.566521008563,3315.052608000178
272943597,75,tess2024030031500-s0075-0000000272943597-0270-s_lc.fits,8.408878,2454967.0062,-2032.993799999822,3.485,3339.781797431558,3367.480558142878,3340.279242000178
272943597,81,tess2024196212429-s0081-0000000272943597-0276-s_lc.fits,8.408878,2454967.0062,-2032.993799999822,3.485,3506.55443581018,3533.179627632789,3508.456802000178
272943597,82,tess2024223182411-s0082-0000000272943597-0278-s_lc.fits,8.408878,2454967.0062,-2032.993799999822,3.485,3533.394904998934,3559.248739586706,3533.6834360001776
273132699,81,tess2024196212429-s0081-0000000273132699-0276-s_lc.fits,2.382667,2455003.6633,-1996.3366999998689,1.812,3506.554170972308,3533.17940362177,3507.6240700001317
273132699,82,tess2024223182411-s0082-0000000273132699-0278-s_lc.fits,2.382667,2455003.6633,-1996.3366999998689,1.812,3533.394681443332,3559.248598606587,3533.833407000131
273377282,41,tess2021204101404-s0041-0000000273377282-0212-s_lc.fits,5.458498316,2455005.0888,-1994.9111999999732,4.0346,2419.991242764225,2446.581616600598,2421.0139376440266
273377282,54,tess2022190063128-s0054-0000000273377282-0227-s_lc.fits,5.458498316,2455005.0888,-1994.9111999999732,4.0346,2769.900530046727,2796.131444105376,2770.357829868027
273377282,74,tess2024003055635-s0074-0000000273377282-0269-s_lc.fits,5.458498316,2455005.0888,-1994.9111999999732,4.0346,3312.861789219923,3339.566871684108,3316.2076614680273
273377282,75,tess2024030031500-s0075-0000000273377282-0270-s_lc.fits,5.458498316,2455005.0888,-1994.9111999999732,4.0346,3339.782147380206,3367.480789685503,3343.5001530480267
273377282,81,tess2024196212429-s0081-0000000273377282-0276-s_lc.fits,5.458498316,2455005.0888,-1994.9111999999732,4.0346,3506.554039059545,3533.17929611711,3507.2551025280272
273377282,82,tess2024223182411-s0082-0000000273377282-0278-s_lc.fits,5.458498316,2455005.0888,-1994.9111999999732,4.0346,3533.39457419595,3559.248535652208,3534.5475941080267
273379660,41,tess2021204101404-s0041-0000000273379660-0212-s_lc.fits,3.148664534,2455189.93547,-1810.0645300000906,2.1794,2419.991327707363,2446.581690188353,2421.740603695909
273379660,54,tess2022190063128-s0054-0000000273379660-0227-s_lc.fits,3.148664534,2455189.93547,-1810.0645300000906,2.1794,2769.900614034095,2796.131526542093,2771.242366969909
273379660,55,tess2022217014003-s0055-0000000273379660-0242-s_lc.fits,3.148664534,2455189.93547,-1810.0645300000906,2.1794,2797.102363566793,2824.266112168745,2799.580347775909
273379660,81,tess2024196212429-s0081-0000000273379660-0276-s_lc.fits,3.148664534,2455189.93547,-1810.0645300000906,2.1794,3506.554124591745,3533.179376128895,3508.0298679259095
273379660,82,tess2024223182411-s0082-0000000273379660-0278-s_lc.fits,3.148664534,2455189.93547,-1810.0645300000906,2.1794,3533.394654117164,3559.248594860109,3536.3678487319094
273499989,74,tess2024003055635-s0074-0000000273499989-0269-s_lc.fits,6.20920207,2454969.87938,-2030.1206200001761,2.637,3312.861442101797,3339.566534834046,3316.0023622698236
273499989,75,tess2024030031500-s0075-0000000273499989-0270-s_lc.fits,6.20920207,2454969.87938,-2030.1206200001761,2.637,3339.781811019088,3367.480541597467,3340.8391705498234
273499989,81,tess2024196212429-s0081-0000000273499989-0276-s_lc.fits,6.20920207,2454969.87938,-2030.1206200001761,2.637,3506.554403365462,3533.179622161036,3508.4876264398235
273499989,82,tess2024223182411-s0082-0000000273499989-0278-s_lc.fits,6.20920207,2454969.87938,-2030.1206200001761,2.637,3533.394899746042,3559.248761518654,3539.5336367898235
273685548,81,tess2024196212429-s0081-0000000273685548-0276-s_lc.fits,25.8476,2455021.874,-1978.126000000164,5.985,3506.55414545663,3533.179399834547,3527.4127999998364
273685548,82,tess2024223182411-s0082-0000000273685548-0278-s_lc.fits,25.8476,2455021.874,-1978.126000000164,5.985,3533.394677832129,3559.248616775526,3553.2603999998364
273694712,82,tess2024223182411-s0082-0000000273694712-0278-s_lc.fits,265.469335,2454984.06838,-2015.9316199999303,10.184,3533.394921343413,3559.248786483454,3558.9244150000695
274198958,74,tess2024003055635-s0074-0000000274198958-0269-s_lc.fits,22.064,2454981.91718,-2018.082820000127,3.493,3312.861767297405,3339.56682461134,3321.4051799998733
274198958,75,tess2024030031500-s0075-0000000274198958-0270-s_lc.fits,22.064,2454981.91718,-2018.082820000127,3.493,3339.782100149579,3367.480727189334,3343.4691799998727
274198958,81,tess2024196212429-s0081-0000000274198958-0276-s_lc.fits,22.064,2454981.91718,-2018.082820000127,3.493,3506.554071754556,3533.179349913561,3519.9811799998733
274198958,82,tess2024223182411-s0082-0000000274198958-0278-s_lc.fits,22.064,2454981.91718,-2018.082820000127,3.493,3533.394628130237,3559.248599701124,3542.0451799998727
275486985,82,tess2024223182411-s0082-0000000275486985-0278-s_lc.fits,12.699149,2455017.98515,-1982.0148499999195,2.819,3533.394420945334,3559.248287727647,3542.1149650000807
275490218,74,tess2024003055635-s0074-0000000275490218-0269-s_lc.fits,2.104722184,2455004.04394,-1995.9560600002296,1.7575,3312.861562973497,3339.566798967606,3314.2580102317697
275490218,75,tess2024030031500-s0075-0000000275490218-0270-s_lc.fits,2.104722184,2455004.04394,-1995.9560600002296,1.7575,3339.782076058126,3367.480894515637,3341.6193986237704
275490218,81,tess2024196212429-s0081-0000000275490218-0276-s_lc.fits,2.104722184,2455004.04394,-1995.9560600002296,1.7575,3506.554221368966,3533.179319632073,3507.8924511597697
275490218,82,tess2024223182411-s0082-0000000275490218-0278-s_lc.fits,2.104722184,2455004.04394,-1995.9560600002296,1.7575,3533.394596427784,3559.248399511241,3535.2538395517704
275493574,81,tess2024196212429-s0081-0000000275493574-0276-s_lc.fits,6.308205,2455007.04657,-1992.953430000227,3.008,3506.554406030908,3533.179478820247,3507.801329999773
275493574,82,tess2024223182411-s0082-0000000275493574-0278-s_lc.fits,6.308205,2455007.04657,-1992.953430000227,3.008,3533.394755320961,3559.248503153008,3539.3423549997733
275494853,75,tess2024030031500-s0075-0000000275494853-0270-s_lc.fits,56.4349938,2454984.41171,-2015.5882899998687,4.7029,3339.781851921146,3367.480737421077,3345.736121000132
275494853,81,tess2024196212429-s0081-0000000275494853-0276-s_lc.fits,56.4349938,2454984.41171,-2015.5882899998687,4.7029,3506.554469603452,3533.179534501463,3515.0411024001314
278348461,14,tess2019198215352-s0014-0000000278348461-0150-s_lc.fits,5.452654,2455431.59706,-1568.4029399999417,3.1752,1683.357706752076,1710.209143869867,1686.8314980000582
278348461,41,tess2021204101404-s0041-0000000278348461-0212-s_lc.fits,5.452654,2455431.59706,-1568.4029399999417,3.1752,2419.993584742568,2446.583700607711,2422.9397880000583
278348461,54,tess2022190063128-s0054-0000000278348461-0227-s_lc.fits,5.452654,2455431.59706,-1568.4029399999417,3.1752,2769.902839648591,2796.133769189547,2771.9096440000585
278348461,81,tess2024196212429-s0081-0000000278348461-0276-s_lc.fits,5.452654,2455431.59706,-1568.4029399999417,3.1752,3506.556404834644,3533.181568253777,3508.0179340000577
279912260,80,tess2024170053053-s0080-0000000279912260-0275-s_lc.fits,12.00096042,2454975.04145,-2024.9585500000976,3.433,3479.889955646158,3506.338888462905,3483.4822827799026
279912260,82,tess2024223182411-s0082-0000000279912260-0278-s_lc.fits,12.00096042,2454975.04145,-2024.9585500000976,3.433,3533.394329252668,3559.24797741958,3543.487084879903
279913347,75,tess2024030031500-s0075-0000000279913347-0270-s_lc.fits,99.2530951,2454981.53529,-2018.464709999971,6.006,3339.782202603909,3367.481245059517,3341.202425400029
279913347,82,tess2024223182411-s0082-0000000279913347-0278-s_lc.fits,99.2530951,2454981.53529,-2018.464709999971,6.006,3533.394398116289,3559.248014495997,3539.7086156000287
279913760,74,tess2024003055635-s0074-0000000279913760-0269-s_lc.fits,23.6225913,2454979.9602,-2020.0397999999113,6.544,3312.861413457807,3339.566896703624,3318.665833800089
279913760,75,tess2024030031500-s0075-0000000279913760-0270-s_lc.fits,23.6225913,2454979.9602,-2020.0397999999113,6.544,3339.782175787174,3367.481228428774,3342.2884251000887
279913760,81,tess2024196212429-s0081-0000000279913760-0276-s_lc.fits,23.6225913,2454979.9602,-2020.0397999999113,6.544,3506.554286792932,3533.179147210456,3507.6465642000885
279913760,82,tess2024223182411-s0082-0000000279913760-0278-s_lc.fits,23.6225913,2454979.9602,-2020.0397999999113,6.544,3533.394423133476,3559.248028821717,3554.891746800088
279915521,80,tess2024170053053-s0080-0000000279915521-0275-s_lc.fits,4.56380468,2454965.2627,-2034.7373000001535,2.32,3479.890204932758,3506.339138478498,3482.9025581198457
279915521,81,tess2024196212429-s0081-0000000279915521-0276-s_lc.fits,4.56380468,2454965.2627,-2034.7373000001535,2.32,3506.554417577863,3533.179254856678,3510.2853861998465
279917282,40,tess2021175071901-s0040-0000000279917282-0211-s_lc.fits,39.859484,2454987.7608,-2012.2392000001855,8.06,2390.654671398678,2418.856274698781,2412.163523999815
279917282,54,tess2022190063128-s0054-0000000279917282-0227-s_lc.fits,39.859484,2454987.7608,-2012.2392000001855,8.06,2769.900492779854,2796.131059237487,2770.898879999815
279917282,55,tess2022217014003-s0055-0000000279917282-0242-s_lc.fits,39.859484,2454987.7608,-2012.2392000001855,8.06,2797.101884584012,2824.265376688783,2810.7583639998147
279917282,74,tess2024003055635-s0074-0000000279917282-0269-s_lc.fits,39.859484,2454987.7608,-2012.2392000001855,8.06,3312.861772419213,3339.567227264231,3328.931655999815
279917282,80,tess2024170053053-s0080-0000000279917282-0275-s_lc.fits,39.859484,2454987.7608,-2012.2392000001855,8.06,3479.889723443459,3506.338637715944,3488.3695919998145
279917282,81,tess2024196212429-s0081-0000000279917282-0276-s_lc.fits,39.859484,2454987.7608,-2012.2392000001855,8.06,3506.553917419367,3533.178833614499,3528.229075999815
279947414,52,tess2022138205153-s0052-0000000279947414-0224-s_lc.fits,4.0664428,2458925.88211,1925.8821100001223,2.106,2718.631871424744,2743.07340190799,2718.8384560001223
279947414,53,tess2022164095748-s0053-0000000279947414-0226-s_lc.fits,4.0664428,2458925.88211,1925.8821100001223,2.106,2743.992848492203,2768.976568946886,2747.3035556001223
279947414,59,tess2022330142927-s0059-0000000279947414-0248-s_lc.fits,4.0664428,2458925.88211,1925.8821100001223,2.106,2910.266613310281,2936.690145698596,2914.0277104001225
279947414,73,tess2023341045131-s0073-0000000279947414-0268-s_lc.fits,4.0664428,2458925.88211,1925.8821100001223,2.106,3285.801204887568,3312.652264417479,3288.140448000122
279947414,79,tess2024142205832-s0079-0000000279947414-0274-s_lc.fits,4.0664428,2458925.88211,1925.8821100001223,2.106,3452.535185007526,3479.671250970816,3454.864602800122
279947414,86,tess2024326142117-s0086-0000000279947414-0283-s_lc.fits,4.0664428,2458925.88211,1925.8821100001223,2.106,3636.262985364532,3662.82967598803,3637.8545288001224
280210963,6,tess2018349182500-s0006-0000000280210963-0126-s_lc.fits,2.828042,2454398.62707,-2601.3729300000705,2.57424,1468.274933316034,1490.050160518711,1471.0075499999293
280210963,33,tess2020351194500-s0033-0000000280210963-0203-s_lc.fits,2.828042,2454398.62707,-2601.3729300000705,2.57424,2201.737180402011,2227.577534696128,2203.4704279999296
280210963,87,tess2024353092137-s0087-0000000280210963-0284-s_lc.fits,2.828042,2454398.62707,-2601.3729300000705,2.57424,3663.058227281247,3689.445785055046,3665.568141999929
280304863,6,tess2018349182500-s0006-0000000280304863-0126-s_lc.fits,0.85359163,2454398.07756,-2601.9224399998784,1.059,1468.274937583354,1490.050171743477,1468.8560434701217
280304863,33,tess2020351194500-s0033-0000000280304863-0203-s_lc.fits,0.85359163,2454398.07756,-2601.9224399998784,1.059,2201.73718575991,2227.577547978185,2202.091253640122
280304863,87,tess2024353092137-s0087-0000000280304863-0284-s_lc.fits,0.85359163,2454398.07756,-2601.9224399998784,1.059,3663.058232701544,3689.445798467488,3663.440124200122
280437559,34,tess2021014023720-s0034-0000000280437559-0204-s_lc.fits,1.8237305,2459248.37709,2248.377090000082,1.519,2228.772264043081,2254.070460186276,2230.1397850000817
281408474,87,tess2024353092137-s0087-0000000281408474-0284-s_lc.fits,3.4095675,2458629.47972,1629.4797200001776,3.7824,3663.05837710213,3689.408356967901,3664.991517500178
281459670,1,tess2018206045859-s0001-0000000281459670-0120-s_lc.fits,3.1743516,2456629.76156,-370.23843999998644,2.7504,1325.296681432242,1353.180346497875,1328.0396660000135
281459670,2,tess2018234235059-s0002-0000000281459670-0121-s_lc.fits,3.1743516,2456629.76156,-370.23843999998644,2.7504,1354.110900468467,1381.517423840748,1356.6088304000136
281459670,28,tess2020212050318-s0028-0000000281459670-0190-s_lc.fits,3.1743516,2456629.76156,-370.23843999998644,2.7504,2061.853432175823,2087.100837023031,2064.4892372000136
281459670,29,tess2020238165205-s0029-0000000281459670-0193-s_lc.fits,3.1743516,2456629.76156,-370.23843999998644,2.7504,2088.242502933665,2114.436465087365,2089.8840500000138
281459670,68,tess2023209231226-s0068-0000000281459670-0262-s_lc.fits,3.1743516,2456629.76156,-370.23843999998644,2.7504,3154.615387061767,3182.139252977652,3156.4661876000137
281459670,95,tess2025206162959-s0095-0000000281459670-0292-s_lc.fits,3.1743516,2456629.76156,-370.23843999998644,2.7504,3882.556217462672,3907.545427549079,3883.3927040000135
281459670,96,tess2025232030459-s0096-0000000281459670-0293-s_lc.fits,3.1743516,2456629.76156,-370.23843999998644,2.7504,3907.777371342428,3933.436796485933,3908.7875168000137
281541545,68,tess2023209231226-s0068-0000000281541545-0262-s_lc.fits,4.1480467,2457105.1648,105.16479999991134,2.346,3154.615433258627,3182.139444275966,3158.1271711999116
281541545,69,tess2023237165326-s0069-0000000281541545-0264-s_lc.fits,4.1480467,2457105.1648,105.16479999991134,2.346,3182.357501192833,3208.141894519046,3183.0154513999114
281541545,95,tess2025206162959-s0095-0000000281541545-0292-s_lc.fits,4.1480467,2457105.1648,105.16479999991134,2.346,3882.55624983172,3907.54559526677,3884.035343699911
281541545,96,tess2025232030459-s0096-0000000281541545-0293-s_lc.fits,4.1480467,2457105.1648,105.16479999991134,2.346,3907.7775401344,3933.437072464984,3908.9236238999115
281575427,1,tess2018206045859-s0001-0000000281575427-0120-s_lc.fits,4.25300773815,2459096.12263,2096.1226300001144,3.3953599,1325.296639637512,1353.180450644186,1326.3282293949644
281575427,2,tess2018234235059-s0002-0000000281575427-0121-s_lc.fits,4.25300773815,2459096.12263,2096.1226300001144,3.3953599,1354.111021004441,1381.517664688464,1356.0992835620145
281575427,28,tess2020212050318-s0028-0000000281575427-0190-s_lc.fits,4.25300773815,2459096.12263,2096.1226300001144,3.3953599,2061.853432734494,2087.100968398763,2062.0985680949143
281575427,29,tess2020238165205-s0029-0000000281575427-0193-s_lc.fits,4.25300773815,2459096.12263,2096.1226300001144,3.3953599,2088.242639790368,2114.436712978674,2091.8696222619647
281575427,68,tess2023209231226-s0068-0000000281575427-0262-s_lc.fits,4.25300773815,2459096.12263,2096.1226300001144,3.3953599,3154.615357046638,3182.139366583174,3155.1215567994645
281575427,69,tess2023237165326-s0069-0000000281575427-0264-s_lc.fits,4.25300773815,2459096.12263,2096.1226300001144,3.3953599,3182.357423546375,3208.141830782588,3184.8926109665144
281575427,95,tess2025206162959-s0095-0000000281575427-0292-s_lc.fits,4.25300773815,2459096.12263,2096.1226300001144,3.3953599,3882.556174200177,3907.54551617001,3886.6388877612644
281575427,96,tess2025232030459-s0096-0000000281575427-0293-s_lc.fits,4.25300773815,2459096.12263,2096.1226300001144,3.3953599,3907.777461069305,3933.437004418366,3907.9039264520143
281886199,45,tess2021310001228-s0045-0000000281886199-0216-s_lc.fits,7.6188,2456811.6871,-188.31289999978617,2.487,2526.278505218824,2550.623752030404,2531.5987000002137
281886199,46,tess2021336043614-s0046-0000000281886199-0217-s_lc.fits,7.6188,2456811.6871,-188.31289999978617,2.487,2551.564109789515,2578.702922110065,2554.455100000214
281886199,72,tess2023315124025-s0072-0000000281886199-0267-s_lc.fits,7.6188,2456811.6871,-188.31289999978617,2.487,3260.179836215712,3285.569681182361,3263.003500000214
281909674,6,tess2018349182500-s0006-0000000281909674-0126-s_lc.fits,4.03519,2454790.8091,-2209.1908999998122,3.14,1468.274707549472,1490.05001293016,1470.9023800001878
281909674,33,tess2020351194500-s0033-0000000281909674-0203-s_lc.fits,4.03519,2454790.8091,-2209.1908999998122,3.14,2201.736965004329,2227.577418407931,2205.306960000188
281909674,87,tess2024353092137-s0087-0000000281909674-0284-s_lc.fits,4.03519,2454790.8091,-2209.1908999998122,3.14,3663.058015001633,3689.445674145703,3666.045740000188
283722336,17,tess2019279210107-s0017-0000000283722336-0161-s_lc.fits,3.092926,2457126.69913,126.69913000008091,0.945,1764.687040498339,1789.698038061352,1765.9499100000808
283722336,24,tess2020106103520-s0024-0000000283722336-0180-s_lc.fits,3.092926,2457126.69913,126.69913000008091,0.945,1955.791407091387,1982.277883549174,1957.7113220000808
283722336,57,tess2022273165103-s0057-0000000283722336-0245-s_lc.fits,3.092926,2457126.69913,126.69913000008091,0.945,2853.357285539116,2882.118418667333,2854.659862000081
283722336,77,tess2024085201119-s0077-0000000283722336-0272-s_lc.fits,3.092926,2457126.69913,126.69913000008091,0.945,3395.482582258718,3423.545853902228,3395.9219120000807
283722336,84,tess2024274222008-s0084-0000000283722336-0281-s_lc.fits,3.092926,2457126.69913,126.69913000008091,0.945,3584.592617073593,3610.344046325066,3587.6833240000806
284441182,17,tess2019279210107-s0017-0000000284441182-0161-s_lc.fits,2.527093,2458766.4702,1766.4701999998651,1.28,1764.687018032805,1789.681835650217,1766.4701999998651
284441182,18,tess2019306063752-s0018-0000000284441182-0162-s_lc.fits,2.527093,2458766.4702,1766.4701999998651,1.28,1790.659619932493,1815.017635270207,1791.741129999865
284441182,24,tess2020106103520-s0024-0000000284441182-0180-s_lc.fits,2.527093,2458766.4702,1766.4701999998651,1.28,1955.791214185193,1982.277209769935,1956.002174999865
284441182,58,tess2022302161335-s0058-0000000284441182-0247-s_lc.fits,2.527093,2458766.4702,1766.4701999998651,1.28,2882.332693608053,2910.05185629797,2883.445305999865
284441182,78,tess2024114025118-s0078-0000000284441182-0273-s_lc.fits,2.527093,2458766.4702,1766.4701999998651,1.28,3434.267686445227,3452.319248875931,3434.351579999865
284441182,85,tess2024300212641-s0085-0000000284441182-0282-s_lc.fits,2.527093,2458766.4702,1766.4701999998651,1.28,3610.558271720439,3636.04838671824,3611.248089999865
287139872,14,tess2019198215352-s0014-0000000287139872-0150-s_lc.fits,0.9351861,2459334.47908,2334.479079999961,1.041,1683.353299401641,1710.204258253043,1683.589554399961
287139872,15,tess2019226182529-s0015-0000000287139872-0151-s_lc.fits,0.9351861,2459334.47908,2334.479079999961,1.041,1711.363962575137,1737.409446545195,1711.645137399961
287139872,16,tess2019253231442-s0016-0000000287139872-0152-s_lc.fits,0.9351861,2459334.47908,2334.479079999961,1.041,1738.651099313089,1763.318951900167,1738.765534299961
287139872,17,tess2019279210107-s0017-0000000287139872-0161-s_lc.fits,0.9351861,2459334.47908,2334.479079999961,1.041,1764.682841352744,1789.693919227253,1764.9507450999608
287139872,18,tess2019306063752-s0018-0000000287139872-0162-s_lc.fits,0.9351861,2459334.47908,2334.479079999961,1.041,1790.655031324228,1815.01350361548,1791.135955899961
287139872,19,tess2019331140908-s0019-0000000287139872-0164-s_lc.fits,0.9351861,2459334.47908,2334.479079999961,1.041,1816.082957806455,1841.138804658768,1816.385980599961
287139872,20,tess2019357164649-s0020-0000000287139872-0165-s_lc.fits,0.9351861,2459334.47908,2334.479079999961,1.041,1842.50271268305,1868.822559955063,1842.571191399961
287139872,21,tess2020020091053-s0021-0000000287139872-0167-s_lc.fits,0.9351861,2459334.47908,2334.479079999961,1.041,1870.433695456948,1897.781338575957,1870.626774399961
287139872,22,tess2020049080258-s0022-0000000287139872-0174-s_lc.fits,0.9351861,2459334.47908,2334.479079999961,1.041,1899.318858593611,1926.494172945985,1899.617543499961
287139872,23,tess2020078014623-s0023-0000000287139872-0177-s_lc.fits,0.9351861,2459334.47908,2334.479079999961,1.041,1928.115018924159,1954.876262584794,1928.608312599961
287139872,24,tess2020106103520-s0024-0000000287139872-0180-s_lc.fits,0.9351861,2459334.47908,2334.479079999961,1.041,1955.795713766248,1982.281757408806,1956.663895599961
287139872,25,tess2020133194932-s0025-0000000287139872-0182-s_lc.fits,0.9351861,2459334.47908,2334.479079999961,1.041,1983.633136725046,2009.306509353139,1983.7842924999609
287139872,26,tess2020160202036-s0026-0000000287139872-0188-s_lc.fits,0.9351861,2459334.47908,2334.479079999961,1.041,2010.267594433147,2035.135302731743,2010.904689399961
287139872,40,tess2021175071901-s0040-0000000287139872-0211-s_lc.fits,0.9351861,2459334.47908,2334.479079999961,1.041,2390.653344685692,2418.854293366048,2391.525432099961
287139872,41,tess2021204101404-s0041-0000000287139872-0212-s_lc.fits,0.9351861,2459334.47908,2334.479079999961,1.041,2419.988992815992,2446.578855300962,2420.516201199961
287139872,47,tess2021364111932-s0047-0000000287139872-0218-s_lc.fits,0.9351861,2459334.47908,2334.479079999961,1.041,2579.813601508432,2606.940420686628,2580.433024299961
287139872,48,tess2022027120115-s0048-0000000287139872-0219-s_lc.fits,0.9351861,2459334.47908,2334.479079999961,1.041,2607.93348943714,2635.986681491403,2608.488607299961
287139872,49,tess2022057073128-s0049-0000000287139872-0221-s_lc.fits,0.9351861,2459334.47908,2334.479079999961,1.041,2637.47280748156,2664.31613473839,2637.479376399961
287139872,50,tess2022085151738-s0050-0000000287139872-0222-s_lc.fits,0.9351861,2459334.47908,2334.479079999961,1.041,2665.271695294517,2691.510669140645,2665.534959399961
287139872,51,tess2022112184951-s0051-0000000287139872-0223-s_lc.fits,0.9351861,2459334.47908,2334.479079999961,1.041,2692.955108635359,2717.535567963379,2693.590542399961
287139872,52,tess2022138205153-s0052-0000000287139872-0224-s_lc.fits,0.9351861,2459334.47908,2334.479079999961,1.041,2718.63556387855,2743.076983280683,2718.840567099961
287139872,53,tess2022164095748-s0053-0000000287139872-0226-s_lc.fits,0.9351861,2459334.47908,2334.479079999961,1.041,2743.996402805218,2768.979375603772,2744.0905917999607
287139872,55,tess2022217014003-s0055-0000000287139872-0242-s_lc.fits,0.9351861,2459334.47908,2334.479079999961,1.041,2797.099757096859,2824.263250292296,2797.396199499961
287139872,56,tess2022244194134-s0056-0000000287139872-0243-s_lc.fits,0.9351861,2459334.47908,2334.479079999961,1.041,2825.256289266848,2853.137960992261,2825.451782499961
287139872,57,tess2022273165103-s0057-0000000287139872-0245-s_lc.fits,0.9351861,2459334.47908,2334.479079999961,1.041,2853.353237097516,2882.114268235725,2853.507365499961
287139872,58,tess2022302161335-s0058-0000000287139872-0247-s_lc.fits,0.9351861,2459334.47908,2334.479079999961,1.041,2882.328156795759,2910.047740787371,2882.498134599961
287139872,59,tess2022330142927-s0059-0000000287139872-0248-s_lc.fits,0.9351861,2459334.47908,2334.479079999961,1.041,2910.263020338986,2936.686933950868,2910.5537175999607
287139872,60,tess2022357055054-s0060-0000000287139872-0249-s_lc.fits,0.9351861,2459334.47908,2334.479079999961,1.041,2936.90221453888,2962.583158663544,2937.674114499961
287139872,73,tess2023341045131-s0073-0000000287139872-0268-s_lc.fits,0.9351861,2459334.47908,2334.479079999961,1.041,3285.797678535581,3312.649422732929,3286.498529799961
287139872,74,tess2024003055635-s0074-0000000287139872-0269-s_lc.fits,0.9351861,2459334.47908,2334.479079999961,1.041,3312.863308636573,3339.569285010912,3313.618926699961
287139872,75,tess2024030031500-s0075-0000000287139872-0270-s_lc.fits,0.9351861,2459334.47908,2334.479079999961,1.041,3339.784565263108,3367.483578339069,3339.804137499961
287139872,76,tess2024058030222-s0076-0000000287139872-0271-s_lc.fits,0.9351861,2459334.47908,2334.479079999961,1.041,3367.698870128229,3394.778306763471,3367.859720499961
287139872,77,tess2024085201119-s0077-0000000287139872-0272-s_lc.fits,0.9351861,2459334.47908,2334.479079999961,1.041,3395.486645014687,3423.550164419456,3395.915303499961
287139872,78,tess2024114025118-s0078-0000000287139872-0273-s_lc.fits,0.9351861,2459334.47908,2334.479079999961,1.041,3434.272354007818,3452.323641852438,3435.1931196999612
287139872,79,tess2024142205832-s0079-0000000287139872-0274-s_lc.fits,0.9351861,2459334.47908,2334.479079999961,1.041,3452.538917730938,3479.674725855303,3452.961655599961
287139872,80,tess2024170053053-s0080-0000000287139872-0275-s_lc.fits,0.9351861,2459334.47908,2334.479079999961,1.041,3479.888606054443,3506.336815423511,3480.082052499961
287139872,81,tess2024196212429-s0081-0000000287139872-0276-s_lc.fits,0.9351861,2459334.47908,2334.479079999961,1.041,3506.552090267711,3533.176659357318,3507.202449399961
287139872,82,tess2024223182411-s0082-0000000287139872-0278-s_lc.fits,0.9351861,2459334.47908,2334.479079999961,1.041,3533.391934437432,3559.245736550393,3534.322846299961
287139872,83,tess2024249191853-s0083-0000000287139872-0280-s_lc.fits,0.9351861,2459334.47908,2334.479079999961,1.041,3559.426289794816,3584.3746646369,3559.572870999961
287139872,84,tess2024274222008-s0084-0000000287139872-0281-s_lc.fits,0.9351861,2459334.47908,2334.479079999961,1.041,3584.588552803991,3610.339863617775,3584.822895699961
287139872,85,tess2024300212641-s0085-0000000287139872-0282-s_lc.fits,0.9351861,2459334.47908,2334.479079999961,1.041,3610.553752778711,3636.044134679476,3611.0081064999613
287139872,86,tess2024326142117-s0086-0000000287139872-0283-s_lc.fits,0.9351861,2459334.47908,2334.479079999961,1.041,3636.259414609773,3662.826360481431,3637.1933172999607
287145649,63,tess2023069172124-s0063-0000000287145649-0255-s_lc.fits,3.601501,2459302.7195,2302.719500000123,3.07,3014.513161014657,3040.879571642503,3015.816698000123
287145649,90,tess2025071122000-s0090-0000000287145649-0287-s_lc.fits,3.601501,2459302.7195,2302.719500000123,3.07,3747.163755963156,3774.631432774248,3750.522902000123
287156968,11,tess2019112060037-s0011-0000000287156968-0143-s_lc.fits,25.0571312329,2458620.31669,1620.316689999774,7.5424225,1596.778059954241,1623.893813246853,1620.316689999774
287156968,12,tess2019140104343-s0012-0000000287156968-0144-s_lc.fits,25.0571312329,2458620.31669,1620.316689999774,7.5424225,1624.956321948306,1652.893929434416,1645.3738212326741
287156968,13,tess2019169103026-s0013-0000000287156968-0146-s_lc.fits,25.0571312329,2458620.31669,1620.316689999774,7.5424225,1653.921700100897,1682.358888319645,1670.4309524655741
287156968,27,tess2020186164531-s0027-0000000287156968-0189-s_lc.fits,25.0571312329,2458620.31669,1620.316689999774,7.5424225,2036.279734844873,2060.643187989746,2046.2879209590742
287156968,38,tess2021118034608-s0038-0000000287156968-0209-s_lc.fits,25.0571312329,2458620.31669,1620.316689999774,7.5424225,2333.855667168053,2360.55327715765,2346.973495753874
287156968,39,tess2021146024351-s0039-0000000287156968-0210-s_lc.fits,25.0571312329,2458620.31669,1620.316689999774,7.5424225,2361.77273310318,2389.719967107514,2372.030626986774
287156968,65,tess2023124020739-s0065-0000000287156968-0259-s_lc.fits,25.0571312329,2458620.31669,1620.316689999774,7.5424225,3068.740151523305,3096.630769086291,3073.630301507974
287156968,66,tess2023153011303-s0066-0000000287156968-0260-s_lc.fits,25.0571312329,2458620.31669,1620.316689999774,7.5424225,3097.675222095078,3126.429316269684,3098.687432740874
287156968,67,tess2023181235917-s0067-0000000287156968-0261-s_lc.fits,25.0571312329,2458620.31669,1620.316689999774,7.5424225,3126.643204152308,3154.385806577388,3148.801695206674
287156968,93,tess2025154050500-s0093-0000000287156968-0290-s_lc.fits,25.0571312329,2458620.31669,1620.316689999774,7.5424225,3829.875827095707,3856.034089897121,3850.401369727874
287156968,94,tess2025180145000-s0094-0000000287156968-0291-s_lc.fits,25.0571312329,2458620.31669,1620.316689999774,7.5424225,3856.500752384742,3881.957302249568,3875.458500960774
287256467,25,tess2020133194932-s0025-0000000287256467-0182-s_lc.fits,18.261608,2458992.502,1992.5019999998622,4.9,1983.637671491449,2009.310228586699,1992.5019999998622
287256467,26,tess2020160202036-s0026-0000000287256467-0188-s_lc.fits,18.261608,2458992.502,1992.5019999998622,4.9,2010.271330741871,2035.138911043101,2010.7636079998622
287256467,52,tess2022138205153-s0052-0000000287256467-0224-s_lc.fits,18.261608,2458992.502,1992.5019999998622,4.9,2718.638878614385,2743.080743070139,2722.966319999862
287256467,79,tess2024142205832-s0079-0000000287256467-0274-s_lc.fits,18.261608,2458992.502,1992.5019999998622,4.9,3452.542351778682,3479.678521290607,3453.4306399998623
287328202,61,tess2023018032328-s0061-0000000287328202-0250-s_lc.fits,3.83479363758,2459383.42947,2383.4294699998572,3.5182216,2962.799548640787,2988.216356481311,2966.3181029120174
287328202,62,tess2023043185947-s0062-0000000287328202-0254-s_lc.fits,3.83479363758,2459383.42947,2383.4294699998572,3.5182216,2988.441356994836,3014.153755325781,2989.326864737497
287328202,63,tess2023069172124-s0063-0000000287328202-0255-s_lc.fits,3.83479363758,2459383.42947,2383.4294699998572,3.5182216,3014.369037053723,3040.900642665675,3016.170420200557
287328202,66,tess2023153011303-s0066-0000000287328202-0260-s_lc.fits,3.83479363758,2459383.42947,2383.4294699998572,3.5182216,3097.673107991293,3126.426733910354,3100.535880227317
287328202,67,tess2023181235917-s0067-0000000287328202-0261-s_lc.fits,3.83479363758,2459383.42947,2383.4294699998572,3.5182216,3126.640619998902,3154.394448118395,3127.3794356903772
287328202,68,tess2023209231226-s0068-0000000287328202-0262-s_lc.fits,3.83479363758,2459383.42947,2383.4294699998572,3.5182216,3154.623613448234,3182.124917220755,3158.057784791017
287328202,69,tess2023237165326-s0069-0000000287328202-0264-s_lc.fits,3.83479363758,2459383.42947,2383.4294699998572,3.5182216,3182.352696197685,3208.137580928687,3184.9013402540772
287328202,87,tess2024353092137-s0087-0000000287328202-0284-s_lc.fits,3.83479363758,2459383.42947,2383.4294699998572,3.5182216,3663.041370465699,3689.927883271673,3664.2505449515775
287328202,88,tess2025014115807-s0088-0000000287328202-0285-s_lc.fits,3.83479363758,2459383.42947,2383.4294699998572,3.5182216,3690.152880653175,3717.9252775601,3691.094100414637
287328202,89,tess2025042113628-s0089-0000000287328202-0286-s_lc.fits,3.83479363758,2459383.42947,2383.4294699998572,3.5182216,3718.139166305798,3746.945989449207,3721.772449515277
287328202,90,tess2025071122000-s0090-0000000287328202-0287-s_lc.fits,3.83479363758,2459383.42947,2383.4294699998572,3.5182216,3747.159881954955,3775.077557799597,3748.6160049783375
287328202,93,tess2025154050500-s0093-0000000287328202-0290-s_lc.fits,3.83479363758,2459383.42947,2383.4294699998572,3.5182216,3829.872271845208,3856.034281597037,3832.981465005097
287328202,94,tess2025180145000-s0094-0000000287328202-0291-s_lc.fits,3.83479363758,2459383.42947,2383.4294699998572,3.5182216,3856.26344427378,3882.10061553227,3859.825020468157
287328202,95,tess2025206162959-s0095-0000000287328202-0292-s_lc.fits,3.83479363758,2459383.42947,2383.4294699998572,3.5182216,3882.358946458944,3907.542167514635,3882.8337822936373
287328202,96,tess2025232030459-s0096-0000000287328202-0293-s_lc.fits,3.83479363758,2459383.42947,2383.4294699998572,3.5182216,3907.793556291293,3933.428395793126,3909.677337756697
287328202,97,tess2025258001959-s0097-0000000287328202-0294-s_lc.fits,3.83479363758,2459383.42947,2383.4294699998572,3.5182216,3933.658953092767,3988.284830711273,3936.5208932197575
287328202,98,tess2025312202959-s0098-0000000287328202-0298-s_lc.fits,3.83479363758,2459383.42947,2383.4294699998572,3.5182216,3988.500112003512,4045.899816271399,3990.208004145877
287331845,37,tess2021091135823-s0037-0000000287331845-0208-s_lc.fits,2.289363,2457217.96319,217.9631900000386,1.88,2307.26950350336,2332.58508516889,2308.151609000038
287331845,91,tess2025099153000-s0091-0000000287331845-0288-s_lc.fits,2.289363,2457217.96319,217.9631900000386,1.88,3775.296387125108,3802.757445951162,3775.633292000038
288735205,14,tess2019198215352-s0014-0000000288735205-0150-s_lc.fits,3.477978,2458686.70053,1686.700530000031,2.4754,1683.352141866613,1710.203961622126,1686.700530000031
288735205,17,tess2019279210107-s0017-0000000288735205-0161-s_lc.fits,3.477978,2458686.70053,1686.700530000031,2.4754,1764.684287826352,1789.695831721581,1766.694024000031
288735205,18,tess2019306063752-s0018-0000000288735205-0162-s_lc.fits,3.477978,2458686.70053,1686.700530000031,2.4754,1790.656957842575,1815.015527971708,1791.039870000031
288735205,19,tess2019331140908-s0019-0000000288735205-0164-s_lc.fits,3.477978,2458686.70053,1686.700530000031,2.4754,1816.084974825275,1841.14608457515,1818.863694000031
288735205,20,tess2019357164649-s0020-0000000288735205-0165-s_lc.fits,3.477978,2458686.70053,1686.700530000031,2.4754,1842.504418546468,1868.823588672911,1843.209540000031
288735205,21,tess2020020091053-s0021-0000000288735205-0167-s_lc.fits,3.477978,2458686.70053,1686.700530000031,2.4754,1870.434677027683,1897.781382600691,1871.033364000031
288735205,24,tess2020106103520-s0024-0000000288735205-0180-s_lc.fits,3.477978,2458686.70053,1686.700530000031,2.4754,1955.793991661026,1982.279699373727,1957.9828140000309
288735205,25,tess2020133194932-s0025-0000000288735205-0182-s_lc.fits,3.477978,2458686.70053,1686.700530000031,2.4754,1983.631074723289,2009.304528732387,1985.806638000031
288735205,26,tess2020160202036-s0026-0000000288735205-0188-s_lc.fits,3.477978,2458686.70053,1686.700530000031,2.4754,2010.265638389827,2035.133783815966,2013.630462000031
288735205,40,tess2021175071901-s0040-0000000288735205-0211-s_lc.fits,3.477978,2458686.70053,1686.700530000031,2.4754,2390.651611631731,2418.85326969721,2392.7300640000312
288735205,41,tess2021204101404-s0041-0000000288735205-0212-s_lc.fits,3.477978,2458686.70053,1686.700530000031,2.4754,2419.988005699653,2446.57875092081,2420.553888000031
288735205,47,tess2021364111932-s0047-0000000288735205-0218-s_lc.fits,3.477978,2458686.70053,1686.700530000031,2.4754,2579.816538923073,2606.941194228759,2580.540876000031
288735205,48,tess2022027120115-s0048-0000000288735205-0219-s_lc.fits,3.477978,2458686.70053,1686.700530000031,2.4754,2607.9342306439,2635.986439304063,2608.364700000031
288735205,50,tess2022085151738-s0050-0000000288735205-0222-s_lc.fits,3.477978,2458686.70053,1686.700530000031,2.4754,2665.270489863839,2691.508849194287,2667.490326000031
288735205,51,tess2022112184951-s0051-0000000288735205-0223-s_lc.fits,3.477978,2458686.70053,1686.700530000031,2.4754,2692.954654198486,2717.533492155167,2695.314150000031
288735205,52,tess2022138205153-s0052-0000000288735205-0224-s_lc.fits,3.477978,2458686.70053,1686.700530000031,2.4754,2718.633473801202,2743.07502806903,2719.6599960000312
288735205,53,tess2022164095748-s0053-0000000288735205-0226-s_lc.fits,3.477978,2458686.70053,1686.700530000031,2.4754,2743.994470326455,2768.977925179582,2744.005842000031
288735205,54,tess2022190063128-s0054-0000000288735205-0227-s_lc.fits,3.477978,2458686.70053,1686.700530000031,2.4754,2769.897381946186,2796.128294548829,2771.829666000031
288735205,55,tess2022217014003-s0055-0000000288735205-0242-s_lc.fits,3.477978,2458686.70053,1686.700530000031,2.4754,2797.099141612817,2824.263570227979,2799.6534900000306
288735205,58,tess2022302161335-s0058-0000000288735205-0247-s_lc.fits,3.477978,2458686.70053,1686.700530000031,2.4754,2882.330004955843,2910.049743521798,2883.124962000031
288735205,59,tess2022330142927-s0059-0000000288735205-0248-s_lc.fits,3.477978,2458686.70053,1686.700530000031,2.4754,2910.265022344595,2936.688644159901,2910.948786000031
288735205,60,tess2022357055054-s0060-0000000288735205-0249-s_lc.fits,3.477978,2458686.70053,1686.700530000031,2.4754,2936.903920772088,2962.584225311101,2938.772610000031
288735205,73,tess2023341045131-s0073-0000000288735205-0268-s_lc.fits,3.477978,2458686.70053,1686.700530000031,2.4754,3285.799612291417,3312.650898976026,3286.570410000031
288735205,74,tess2024003055635-s0074-0000000288735205-0269-s_lc.fits,3.477978,2458686.70053,1686.700530000031,2.4754,3312.864796686791,3339.569989923822,3314.394234000031
288735205,75,tess2024030031500-s0075-0000000288735205-0270-s_lc.fits,3.477978,2458686.70053,1686.700530000031,2.4754,3339.785250894678,3367.483291160757,3342.218058000031
288735205,77,tess2024085201119-s0077-0000000288735205-0272-s_lc.fits,3.477978,2458686.70053,1686.700530000031,2.4754,3395.485427367866,3423.548298763771,3397.865706000031
288735205,78,tess2024114025118-s0078-0000000288735205-0273-s_lc.fits,3.477978,2458686.70053,1686.700530000031,2.4754,3434.270349126869,3452.32154010038,3436.123464000031
288735205,79,tess2024142205832-s0079-0000000288735205-0274-s_lc.fits,3.477978,2458686.70053,1686.700530000031,2.4754,3452.536815741799,3479.672847823923,3453.5133540000306
288735205,80,tess2024170053053-s0080-0000000288735205-0275-s_lc.fits,3.477978,2458686.70053,1686.700530000031,2.4754,3479.886742569802,3506.335538035096,3481.3371780000307
288735205,81,tess2024196212429-s0081-0000000288735205-0276-s_lc.fits,3.477978,2458686.70053,1686.700530000031,2.4754,3506.550818363272,3533.176224269176,3509.1610020000307
288735205,85,tess2024300212641-s0085-0000000288735205-0282-s_lc.fits,3.477978,2458686.70053,1686.700530000031,2.4754,3610.555562076393,3636.046139548029,3613.500342000031
288735205,86,tess2024326142117-s0086-0000000288735205-0283-s_lc.fits,3.477978,2458686.70053,1686.700530000031,2.4754,3636.261418930301,3662.828141725173,3637.846188000031
289164482,14,tess2019198215352-s0014-0000000289164482-0150-s_lc.fits,2.67963,2458685.3661,1685.3661000002176,0.9028948,1683.355746594472,1710.206615327726,1685.3661000002176
289164482,26,tess2020160202036-s0026-0000000289164482-0188-s_lc.fits,2.67963,2458685.3661,1685.3661000002176,0.9028948,2010.269333511903,2035.137604066818,2012.2809600002174
289164482,40,tess2021175071901-s0040-0000000289164482-0211-s_lc.fits,2.67963,2458685.3661,1685.3661000002176,0.9028948,2390.655471179924,2418.856760073791,2392.7884200002177
289164482,53,tess2022164095748-s0053-0000000289164482-0226-s_lc.fits,2.67963,2458685.3661,1685.3661000002176,0.9028948,2743.998239795546,2768.981727653814,2746.4995800002175
289164482,54,tess2022190063128-s0054-0000000289164482-0227-s_lc.fits,2.67963,2458685.3661,1685.3661000002176,0.9028948,2769.901157920329,2796.131375585085,2770.6162500002174
289164482,74,tess2024003055635-s0074-0000000289164482-0269-s_lc.fits,2.67963,2458685.3661,1685.3661000002176,0.9028948,3312.861086431849,3339.566890396755,3314.5811400002176
289164482,80,tess2024170053053-s0080-0000000289164482-0275-s_lc.fits,2.67963,2458685.3661,1685.3661000002176,0.9028948,3479.890580013844,3506.339236422666,3480.7182000002176
289164482,81,tess2024196212429-s0081-0000000289164482-0276-s_lc.fits,2.67963,2458685.3661,1685.3661000002176,0.9028948,3506.554513222363,3533.179054014636,3507.5145000002176
289661991,47,tess2021364111932-s0047-0000000289661991-0218-s_lc.fits,2.8989727,2459218.13454,2218.134539999999,1.78,2579.818885982187,2606.943926892846,2580.506127499999
289661991,60,tess2022357055054-s0060-0000000289661991-0249-s_lc.fits,2.8989727,2459218.13454,2218.134539999999,1.78,2936.90604308223,2962.586887807894,2937.079769599999
289661991,74,tess2024003055635-s0074-0000000289661991-0269-s_lc.fits,2.8989727,2459218.13454,2218.134539999999,1.78,3312.867166853871,3339.572688729551,3313.946220599999
290005350,74,tess2024003055635-s0074-0000000290005350-0269-s_lc.fits,8.0472642,2454970.2086,-2029.7913999999873,4.5,3312.862108910013,3339.567380814756,3313.5920288000134
290005350,76,tess2024058030222-s0076-0000000290005350-0271-s_lc.fits,8.0472642,2454970.2086,-2029.7913999999873,4.5,3367.696658079055,3394.776295997437,3369.9228782000127
290005350,80,tess2024170053053-s0080-0000000290005350-0275-s_lc.fits,8.0472642,2454970.2086,-2029.7913999999873,4.5,3479.889291235045,3506.338342852814,3482.5845770000133
290005350,81,tess2024196212429-s0081-0000000290005350-0276-s_lc.fits,8.0472642,2454970.2086,-2029.7913999999873,4.5,3506.553623608933,3533.178735012769,3506.7263696000136
290005350,82,tess2024223182411-s0082-0000000290005350-0278-s_lc.fits,8.0472642,2454970.2086,-2029.7913999999873,4.5,3533.394012716847,3559.247940832456,3538.9154264000135
290005350,83,tess2024249191853-s0083-0000000290005350-0280-s_lc.fits,8.0472642,2454970.2086,-2029.7913999999873,4.5,3559.428493739856,3584.376586223445,3563.057219000013
290033595,74,tess2024003055635-s0074-0000000290033595-0269-s_lc.fits,2.416601183,2454964.53739,-2035.4626099998131,1.9656,3312.861948253497,3339.567233093263,3314.8924091621866
290033595,75,tess2024030031500-s0075-0000000290033595-0270-s_lc.fits,2.416601183,2454964.53739,-2035.4626099998131,1.9656,3339.782510084365,3367.48127922951,3341.4750221751874
290033595,80,tess2024170053053-s0080-0000000290033595-0275-s_lc.fits,2.416601183,2454964.53739,-2035.4626099998131,1.9656,3479.889454318243,3506.338513857492,3481.6378907891867
290033595,81,tess2024196212429-s0081-0000000290033595-0276-s_lc.fits,2.416601183,2454964.53739,-2035.4626099998131,1.9656,3506.55379457694,3533.178880389662,3508.2205038021866
290033595,82,tess2024223182411-s0082-0000000290033595-0278-s_lc.fits,2.416601183,2454964.53739,-2035.4626099998131,1.9656,3533.394157804331,3559.248033211273,3534.8031168151865
290035455,80,tess2024170053053-s0080-0000000290035455-0275-s_lc.fits,1.796302,2454966.33057,-2033.6694299997762,1.974,3479.889602897023,3506.338673590256,3480.977710000224
290035455,81,tess2024196212429-s0081-0000000290035455-0276-s_lc.fits,1.796302,2454966.33057,-2033.6694299997762,1.974,3506.553954305514,3533.179019970236,3507.9222400002236
290035455,82,tess2024223182411-s0082-0000000290035455-0278-s_lc.fits,1.796302,2454966.33057,-2033.6694299997762,1.974,3533.394297142529,3559.248126226883,3534.8667700002243
290348383,13,tess2019169103026-s0013-0000000290348383-0146-s_lc.fits,6.441008,2458658.78978,1658.7897800002247,1.762,1653.922710476481,1682.36044271986,1658.7897800002247
290348383,27,tess2020186164531-s0027-0000000290348383-0189-s_lc.fits,6.441008,2458658.78978,1658.7897800002247,1.762,2036.281105799967,2060.644874997188,2038.8092520002247
290348383,67,tess2023181235917-s0067-0000000290348383-0261-s_lc.fits,6.441008,2458658.78978,1658.7897800002247,1.762,3126.644475365432,3154.398594213216,3127.3396040002244
290348383,94,tess2025180145000-s0094-0000000290348383-0291-s_lc.fits,6.441008,2458658.78978,1658.7897800002247,1.762,3856.490907482248,3881.992294321706,3861.6145160002247
290348383,101,tess2026060005000-s0101-0000000290348383-0303-s_lc.fits,6.441008,2458658.78978,1658.7897800002247,1.762,4101.112226639347,4126.542550786406,4106.372820000224
293457754,42,tess2021232031932-s0042-0000000293457754-0213-s_lc.fits,4.5195064,2457747.66681,747.6668099998496,3.0648,2447.693424003502,2472.888183365381,2451.52072279985
293457754,43,tess2021258175143-s0043-0000000293457754-0214-s_lc.fits,4.5195064,2457747.66681,747.6668099998496,3.0648,2474.17436129033,2498.819581281414,2478.6377611998496
293457754,70,tess2023263165758-s0070-0000000293457754-0265-s_lc.fits,4.5195064,2457747.66681,747.6668099998496,3.0648,3208.37280134088,3233.809553080245,3210.7977979998495
293457754,97,tess2025258001959-s0097-0000000293457754-0294-s_lc.fits,4.5195064,2457747.66681,747.6668099998496,3.0648,3933.664819029174,3988.290331630363,3933.9188219998496
293612446,32,tess2020324010417-s0032-0000000293612446-0200-s_lc.fits,2.62669762,2457894.28488,894.2848800001666,4.19904,2174.233397508734,2200.228053352952,2176.1133185601666
293612446,43,tess2021258175143-s0043-0000000293612446-0214-s_lc.fits,2.62669762,2457894.28488,894.2848800001666,4.19904,2474.175741093007,2498.882177530937,2475.5568472401665
293612446,71,tess2023289093419-s0071-0000000293612446-0266-s_lc.fits,2.62669762,2457894.28488,894.2848800001666,4.19904,3234.547509417886,3259.865796917455,3234.6724594201664
293612446,98,tess2025312202959-s0098-0000000293612446-0298-s_lc.fits,2.62669762,2457894.28488,894.2848800001666,4.19904,3988.505168215939,4045.903888171471,3988.5346763601665
293954617,14,tess2019198215352-s0014-0000000293954617-0150-s_lc.fits,7.4341325,2458705.64614,1705.6461399998516,2.673,1683.354792880622,1710.206534183733,1690.7778749998515
293954617,15,tess2019226182529-s0015-0000000293954617-0151-s_lc.fits,7.4341325,2458705.64614,1705.6461399998516,2.673,1711.366265875371,1737.41204927658,1713.0802724998516
293954617,16,tess2019253231442-s0016-0000000293954617-0152-s_lc.fits,7.4341325,2458705.64614,1705.6461399998516,2.673,1738.653706549953,1763.321354276623,1742.8168024998515
293954617,41,tess2021204101404-s0041-0000000293954617-0212-s_lc.fits,7.4341325,2458705.64614,1705.6461399998516,2.673,2419.990686114119,2446.581232865895,2426.7569924998515
293954617,54,tess2022190063128-s0054-0000000293954617-0227-s_lc.fits,7.4341325,2458705.64614,1705.6461399998516,2.673,2769.899920393424,2796.130944592027,2776.1612199998517
293954617,55,tess2022217014003-s0055-0000000293954617-0242-s_lc.fits,7.4341325,2458705.64614,1705.6461399998516,2.673,2797.101788151099,2824.265773470569,2798.4636174998514
293954617,56,tess2022244194134-s0056-0000000293954617-0243-s_lc.fits,7.4341325,2458705.64614,1705.6461399998516,2.673,2825.258823732333,2853.140424550395,2828.2001474998515
293954617,75,tess2024030031500-s0075-0000000293954617-0270-s_lc.fits,7.4341325,2458705.64614,1705.6461399998516,2.673,3339.782646258462,3367.48107316142,3341.1552899998514
293954617,76,tess2024058030222-s0076-0000000293954617-0271-s_lc.fits,7.4341325,2458705.64614,1705.6461399998516,2.673,3367.696351803831,3394.775770596097,3370.8918199998516
293954617,81,tess2024196212429-s0081-0000000293954617-0276-s_lc.fits,7.4341325,2458705.64614,1705.6461399998516,2.673,3506.553442280893,3533.178836909819,3512.1403374998517
293954617,82,tess2024223182411-s0082-0000000293954617-0278-s_lc.fits,7.4341325,2458705.64614,1705.6461399998516,2.673,3533.394116588603,3559.248299551437,3534.4427349998514
293954617,83,tess2024249191853-s0083-0000000293954617-0280-s_lc.fits,7.4341325,2458705.64614,1705.6461399998516,2.673,3559.428854226419,3584.377127100672,3564.1792649998515
294301883,10,tess2019085135100-s0010-0000000294301883-0140-s_lc.fits,4.465631,2455737.93919,-1262.06081000017,3.53328,1569.441849594108,1595.686767759265,1573.6148749998301
294301883,37,tess2021091135823-s0037-0000000294301883-0208-s_lc.fits,4.465631,2455737.93919,-1262.06081000017,3.53328,2307.269585570574,2332.585032793636,2310.44398999983
294301883,91,tess2025099153000-s0091-0000000294301883-0288-s_lc.fits,4.465631,2455737.93919,-1262.06081000017,3.53328,3775.296429437421,3802.757343019528,3779.6365889998306
297146115,91,tess2025099153000-s0091-0000000297146115-0288-s_lc.fits,18.0983,2457263.2616,263.2615999998525,4.32,3775.29648562318,3802.757284477522,3792.4300999998522
298785034,40,tess2021175071901-s0040-0000000298785034-0211-s_lc.fits,11.32271513,2454969.05664,-2030.9433599999174,3.027,2390.654575318901,2418.856252783363,2396.2382558300824
298785034,41,tess2021204101404-s0041-0000000298785034-0212-s_lc.fits,11.32271513,2454969.05664,-2030.9433599999174,3.027,2419.99097537029,2446.581109692151,2430.2064012200826
298785034,54,tess2022190063128-s0054-0000000298785034-0227-s_lc.fits,11.32271513,2454969.05664,-2030.9433599999174,3.027,2769.900431333519,2796.131070977041,2781.210570250083
298785034,55,tess2022217014003-s0055-0000000298785034-0242-s_lc.fits,11.32271513,2454969.05664,-2030.9433599999174,3.027,2797.101899179466,2824.265463829609,2803.8560005100826
298785034,80,tess2024170053053-s0080-0000000298785034-0275-s_lc.fits,11.32271513,2454969.05664,-2030.9433599999174,3.027,3479.889611655413,3506.338591988238,3483.218908310083
298785034,81,tess2024196212429-s0081-0000000298785034-0276-s_lc.fits,11.32271513,2454969.05664,-2030.9433599999174,3.027,3506.553872021302,3533.178863273699,3517.187053700083
298785034,82,tess2024223182411-s0082-0000000298785034-0278-s_lc.fits,11.32271513,2454969.05664,-2030.9433599999174,3.027,3533.394139942961,3559.247927014306,3539.8324839600828
298892283,40,tess2021175071901-s0040-0000000298892283-0211-s_lc.fits,2.5904434,2454965.2871,-2034.7129000001587,2.1618,2390.654644894052,2418.856336224744,2392.354870599841
298892283,41,tess2021204101404-s0041-0000000298892283-0212-s_lc.fits,2.5904434,2454965.2871,-2034.7129000001587,2.1618,2419.991059050322,2446.581188712543,2420.8497479998414
298892283,53,tess2022164095748-s0053-0000000298892283-0226-s_lc.fits,2.5904434,2454965.2871,-2034.7129000001587,2.1618,2743.997289931736,2768.981066366473,2744.655172999841
298892283,54,tess2022190063128-s0054-0000000298892283-0227-s_lc.fits,2.5904434,2454965.2871,-2034.7129000001587,2.1618,2769.90051015356,2796.131154890602,2770.559606999841
298892283,55,tess2022217014003-s0055-0000000298892283-0242-s_lc.fits,2.5904434,2454965.2871,-2034.7129000001587,2.1618,2797.10198305787,2824.265535300701,2799.0544843998414
298892283,74,tess2024003055635-s0074-0000000298892283-0269-s_lc.fits,2.5904434,2454965.2871,-2034.7129000001587,2.1618,3312.861767663298,3339.567138342251,3314.552720999841
298892283,75,tess2024030031500-s0075-0000000298892283-0270-s_lc.fits,2.5904434,2454965.2871,-2034.7129000001587,2.1618,3339.782416178062,3367.481296274459,3340.457154999841
298892283,80,tess2024170053053-s0080-0000000298892283-0275-s_lc.fits,2.5904434,2454965.2871,-2034.7129000001587,2.1618,3479.889676128546,3506.338673751608,3480.3410985998407
298892283,81,tess2024196212429-s0081-0000000298892283-0276-s_lc.fits,2.5904434,2454965.2871,-2034.7129000001587,2.1618,3506.553953875708,3533.178946401806,3508.835975999841
298892283,82,tess2024223182411-s0082-0000000298892283-0278-s_lc.fits,2.5904434,2454965.2871,-2034.7129000001587,2.1618,3533.394223032768,3559.247995376177,3534.740409999841
298897851,74,tess2024003055635-s0074-0000000298897851-0269-s_lc.fits,2.832652134,2454964.82631,-2035.1736900000833,2.3844,3312.862055447208,3339.567400244706,3312.8735389919166
298897851,75,tess2024030031500-s0075-0000000298897851-0270-s_lc.fits,2.832652134,2454964.82631,-2035.1736900000833,2.3844,3339.782677080182,3367.481468789061,3341.2000603319166
298897851,80,tess2024170053053-s0080-0000000298897851-0275-s_lc.fits,2.832652134,2454964.82631,-2035.1736900000833,2.3844,3479.88938611004,3506.338372712529,3480.000014897916
298897851,81,tess2024196212429-s0081-0000000298897851-0276-s_lc.fits,2.832652134,2454964.82631,-2035.1736900000833,2.3844,3506.553652925687,3533.178693428867,3508.326536237917
298897851,82,tess2024223182411-s0082-0000000298897851-0278-s_lc.fits,2.832652134,2454964.82631,-2035.1736900000833,2.3844,3533.393970590799,3559.247837993372,3533.8204054439166
298897851,83,tess2024249191853-s0083-0000000298897851-0280-s_lc.fits,2.832652134,2454964.82631,-2035.1736900000833,2.3844,3559.428390544891,3584.37644321898,3562.1469267839166
298962633,80,tess2024170053053-s0080-0000000298962633-0275-s_lc.fits,13.2274528,2454970.72197,-2029.2780300001614,6.104,3479.889450655118,3506.338442186399,3486.5697875998385
298962633,81,tess2024196212429-s0081-0000000298962633-0276-s_lc.fits,13.2274528,2454970.72197,-2029.2780300001614,6.104,3506.553722398509,3533.178754216058,3513.024693199839
298962633,82,tess2024223182411-s0082-0000000298962633-0278-s_lc.fits,13.2274528,2454970.72197,-2029.2780300001614,6.104,3533.394031272984,3559.247878588908,3539.4795987998386
299030528,74,tess2024003055635-s0074-0000000299030528-0269-s_lc.fits,18.11472949,2454980.49223,-2019.5077700000256,5.2269,3312.861917490399,3339.567260000686,3324.3374295499743
299030528,75,tess2024030031500-s0075-0000000299030528-0270-s_lc.fits,18.11472949,2454980.49223,-2019.5077700000256,5.2269,3339.782537451628,3367.481360272152,3342.4521590399736
299030528,80,tess2024170053053-s0080-0000000299030528-0275-s_lc.fits,18.11472949,2454980.49223,-2019.5077700000256,5.2269,3479.889518584041,3506.338525248731,3487.369994959974
299030528,81,tess2024196212429-s0081-0000000299030528-0276-s_lc.fits,18.11472949,2454980.49223,-2019.5077700000256,5.2269,3506.55380553395,3533.178836212608,3523.5994539399735
299030528,82,tess2024223182411-s0082-0000000299030528-0278-s_lc.fits,18.11472949,2454980.49223,-2019.5077700000256,5.2269,3533.39411321249,3559.247943681022,3541.7141834299737
299032847,74,tess2024003055635-s0074-0000000299032847-0269-s_lc.fits,18.7959228,2454978.82204,-2021.177960000001,7.258,3312.86175917243,3339.567111623072,3316.864115199999
299032847,75,tess2024030031500-s0075-0000000299032847-0270-s_lc.fits,18.7959228,2454978.82204,-2021.177960000001,7.258,3339.782389335017,3367.481256662516,3354.455960799999
299032847,80,tess2024170053053-s0080-0000000299032847-0275-s_lc.fits,18.7959228,2454978.82204,-2021.177960000001,7.258,3479.889672862398,3506.338689465814,3486.027420399999
299032847,81,tess2024196212429-s0081-0000000299032847-0276-s_lc.fits,18.7959228,2454978.82204,-2021.177960000001,7.258,3506.553969734502,3533.178978170616,3523.619265999999
299032847,82,tess2024223182411-s0082-0000000299032847-0278-s_lc.fits,18.7959228,2454978.82204,-2021.177960000001,7.258,3533.394254910077,3559.248036569622,3542.4151887999988
299033074,74,tess2024003055635-s0074-0000000299033074-0269-s_lc.fits,10.11716531,2454970.4446,-2029.5553999999538,4.939,3312.861775210503,3339.567124383355,3322.425048990047
299033074,75,tess2024030031500-s0075-0000000299033074-0270-s_lc.fits,10.11716531,2454970.4446,-2029.5553999999538,4.939,3339.782402051994,3367.481263036138,3342.659379610047
299033074,80,tess2024170053053-s0080-0000000299033074-0275-s_lc.fits,10.11716531,2454970.4446,-2029.5553999999538,4.939,3479.889655836657,3506.338673666625,3484.2996939500463
299033074,81,tess2024196212429-s0081-0000000299033074-0276-s_lc.fits,10.11716531,2454970.4446,-2029.5553999999538,4.939,3506.553953954405,3533.178966713951,3514.6511898800463
299033074,82,tess2024223182411-s0082-0000000299033074-0278-s_lc.fits,10.11716531,2454970.4446,-2029.5553999999538,4.939,3533.394243494856,3559.248031543391,3534.8855205000464
299154193,74,tess2024003055635-s0074-0000000299154193-0269-s_lc.fits,62.1387714,2454994.1476,-2005.8524000002071,4.1578,3312.861922486363,3339.567253841384,3338.081940399793
299154193,81,tess2024196212429-s0081-0000000299154193-0276-s_lc.fits,62.1387714,2454994.1476,-2005.8524000002071,4.1578,3506.553804427423,3533.178845691144,3524.4982545997927
299156496,81,tess2024196212429-s0081-0000000299156496-0276-s_lc.fits,55.63934,2455020.5506,-1979.4493999998085,7.119,3506.553973495881,3533.178989843347,3528.845260000191
299158566,74,tess2024003055635-s0074-0000000299158566-0269-s_lc.fits,12.79836,2454966.64816,-2033.351840000134,6.244,3312.861879802685,3339.567209780746,3316.3626399998666
299158566,75,tess2024030031500-s0075-0000000299158566-0270-s_lc.fits,12.79836,2454966.64816,-2033.351840000134,6.244,3339.782487184307,3367.481308564075,3341.959359999866
299158566,80,tess2024170053053-s0080-0000000299158566-0275-s_lc.fits,12.79836,2454966.64816,-2033.351840000134,6.244,3479.889546146416,3506.338569826486,3482.7413199998664
299158566,81,tess2024196212429-s0081-0000000299158566-0276-s_lc.fits,12.79836,2454966.64816,-2033.351840000134,6.244,3506.553850222882,3533.178889188332,3508.338039999866
299158566,82,tess2024223182411-s0082-0000000299158566-0278-s_lc.fits,12.79836,2454966.64816,-2033.351840000134,6.244,3533.39416622372,3559.247994549978,3533.9347599998664
299158887,14,tess2019198215352-s0014-0000000299158887-0150-s_lc.fits,9.4341505,2455010.84307,-1989.1569300000556,2.903,1683.355128846859,1710.206512591019,1690.1617649999444
299158887,40,tess2021175071901-s0040-0000000299158887-0211-s_lc.fits,9.4341505,2455010.84307,-1989.1569300000556,2.903,2390.654496763122,2418.856223592221,2397.723052499944
299158887,41,tess2021204101404-s0041-0000000299158887-0212-s_lc.fits,9.4341505,2455010.84307,-1989.1569300000556,2.903,2419.990948516186,2446.581135362195,2426.025503999944
299158887,53,tess2022164095748-s0053-0000000299158887-0226-s_lc.fits,9.4341505,2455010.84307,-1989.1569300000556,2.903,2743.997135182801,2768.980929823615,2746.786620999944
299158887,54,tess2022190063128-s0054-0000000299158887-0227-s_lc.fits,9.4341505,2455010.84307,-1989.1569300000556,2.903,2769.900375368017,2796.13106515837,2775.0890724999445
299158887,55,tess2022217014003-s0055-0000000299158887-0242-s_lc.fits,9.4341505,2455010.84307,-1989.1569300000556,2.903,2797.10189535825,2824.265512627769,2803.391523999944
299158887,74,tess2024003055635-s0074-0000000299158887-0269-s_lc.fits,9.4341505,2455010.84307,-1989.1569300000556,2.903,3312.861902754897,3339.567230027,3322.269801499944
299158887,75,tess2024030031500-s0075-0000000299158887-0270-s_lc.fits,9.4341505,2455010.84307,-1989.1569300000556,2.903,3339.782507383413,3367.481321289085,3341.1381024999437
299158887,80,tess2024170053053-s0080-0000000299158887-0275-s_lc.fits,9.4341505,2455010.84307,-1989.1569300000556,2.903,3479.889523000954,3506.338546483817,3482.650359999944
299158887,81,tess2024196212429-s0081-0000000299158887-0276-s_lc.fits,9.4341505,2455010.84307,-1989.1569300000556,2.903,3506.553826892437,3533.178870235917,3510.952811499944
299158887,82,tess2024223182411-s0082-0000000299158887-0278-s_lc.fits,9.4341505,2455010.84307,-1989.1569300000556,2.903,3533.394147316941,3559.247983524283,3539.2552629999445
299159378,40,tess2021175071901-s0040-0000000299159378-0211-s_lc.fits,2.707306716,2454965.43096,-2034.569039999973,3.4623,2390.654459589265,2418.856187174249,2391.877440660027
299159378,41,tess2021204101404-s0041-0000000299159378-0212-s_lc.fits,2.707306716,2454965.43096,-2034.569039999973,3.4623,2419.990912298448,2446.581107568502,2421.657814536027
299159378,53,tess2022164095748-s0053-0000000299159378-0226-s_lc.fits,2.707306716,2454965.43096,-2034.569039999973,3.4623,2743.997100127703,2768.980891877575,2746.5346204560274
299159378,54,tess2022190063128-s0054-0000000299159378-0227-s_lc.fits,2.707306716,2454965.43096,-2034.569039999973,3.4623,2769.900337403118,2796.131031490477,2770.900380900027
299159378,55,tess2022217014003-s0055-0000000299159378-0242-s_lc.fits,2.707306716,2454965.43096,-2034.569039999973,3.4623,2797.1018619559,2824.265490702224,2797.9734480600273
299159378,74,tess2024003055635-s0074-0000000299159378-0269-s_lc.fits,2.707306716,2454965.43096,-2034.569039999973,3.4623,3312.861939540742,3339.567263545998,3315.0690308160274
299159378,75,tess2024030031500-s0075-0000000299159378-0270-s_lc.fits,2.707306716,2454965.43096,-2034.569039999973,3.4623,3339.78254083489,3367.481343626042,3342.142097976027
299159378,80,tess2024170053053-s0080-0000000299159378-0275-s_lc.fits,2.707306716,2454965.43096,-2034.569039999973,3.4623,3479.889486564821,3506.338508678989,3480.214740492027
299159378,81,tess2024196212429-s0081-0000000299159378-0276-s_lc.fits,2.707306716,2454965.43096,-2034.569039999973,3.4623,3506.553789098901,3533.17883848294,3507.2878076520274
299159378,82,tess2024223182411-s0082-0000000299159378-0278-s_lc.fits,2.707306716,2454965.43096,-2034.569039999973,3.4623,3533.394115630786,3559.247963787695,3534.3608748120278
299160628,80,tess2024170053053-s0080-0000000299160628-0275-s_lc.fits,2.032325072,2454965.31867,-2034.6813300000504,1.718,3479.889394579255,3506.338411299086,3481.0489154079496
299160628,81,tess2024196212429-s0081-0000000299160628-0276-s_lc.fits,2.032325072,2454965.31867,-2034.6813300000504,1.718,3506.553691732967,3533.178754805702,3507.4691413439496
299160628,82,tess2024223182411-s0082-0000000299160628-0278-s_lc.fits,2.032325072,2454965.31867,-2034.6813300000504,1.718,3533.394032112105,3559.247909598807,3533.8893672799495
299160628,83,tess2024249191853-s0083-0000000299160628-0280-s_lc.fits,2.032325072,2454965.31867,-2034.6813300000504,1.718,3559.428462181059,3584.376511497498,3560.3095932159495
299217895,73,tess2023341045131-s0073-0000000299217895-0268-s_lc.fits,15.64591713,2454979.04844,-2020.9515599999577,4.012,3285.797380028525,3312.648185601613,3298.6602642000425
299217895,74,tess2024003055635-s0074-0000000299217895-0269-s_lc.fits,15.64591713,2454979.04844,-2020.9515599999577,4.012,3312.862065529124,3339.567376555818,3314.306181330043
299217895,76,tess2024058030222-s0076-0000000299217895-0271-s_lc.fits,15.64591713,2454979.04844,-2020.9515599999577,4.012,3367.696696063861,3394.776366402048,3376.889849850043
299217895,80,tess2024170053053-s0080-0000000299217895-0275-s_lc.fits,15.64591713,2454979.04844,-2020.9515599999577,4.012,3479.889355901545,3506.338374454335,3486.411269760043
299217895,81,tess2024196212429-s0081-0000000299217895-0276-s_lc.fits,15.64591713,2454979.04844,-2020.9515599999577,4.012,3506.553654924771,3533.178727053104,3517.7031040200427
299217895,82,tess2024223182411-s0082-0000000299217895-0278-s_lc.fits,15.64591713,2454979.04844,-2020.9515599999577,4.012,3533.3940044481,3559.247896037237,3548.9949382800423
299217895,83,tess2024249191853-s0083-0000000299217895-0280-s_lc.fits,15.64591713,2454979.04844,-2020.9515599999577,4.012,3559.428448721701,3584.376514132908,3564.6408554100426
299218775,74,tess2024003055635-s0074-0000000299218775-0269-s_lc.fits,1.543206604,2454964.55588,-2035.4441200001165,2.6094,3312.862002477659,3339.56731769705,3313.309969463884
299218775,75,tess2024030031500-s0075-0000000299218775-0270-s_lc.fits,1.543206604,2454964.55588,-2035.4441200001165,2.6094,3339.78259484671,3367.48137603956,3341.087688335884
299218775,80,tess2024170053053-s0080-0000000299218775-0275-s_lc.fits,1.543206604,2454964.55588,-2035.4441200001165,2.6094,3479.88942225758,3506.338445173849,3479.976282695884
299218775,81,tess2024196212429-s0081-0000000299218775-0276-s_lc.fits,1.543206604,2454964.55588,-2035.4441200001165,2.6094,3506.553725637649,3533.1787882708,3507.754001567884
299218775,82,tess2024223182411-s0082-0000000299218775-0278-s_lc.fits,1.543206604,2454964.55588,-2035.4441200001165,2.6094,3533.394065554036,3559.247936189231,3533.988513835884
300812741,27,tess2020186164531-s0027-0000000300812741-0189-s_lc.fits,11.30717,2460160.4469,3160.4468999998644,2.8,2036.278483021413,2060.64193396119,2041.0370699998646
300812741,28,tess2020212050318-s0028-0000000300812741-0190-s_lc.fits,11.30717,2460160.4469,3160.4468999998644,2.8,2061.850244378888,2087.097018104847,2063.6514099998644
300812741,29,tess2020238165205-s0029-0000000300812741-0193-s_lc.fits,11.30717,2460160.4469,3160.4468999998644,2.8,2088.238665368143,2114.420241135435,2097.5729199998646
300812741,30,tess2020266004630-s0030-0000000300812741-0195-s_lc.fits,11.30717,2460160.4469,3160.4468999998644,2.8,2115.884112774955,2143.207528715473,2120.187259999864
300812741,31,tess2020294194027-s0031-0000000300812741-0198-s_lc.fits,11.30717,2460160.4469,3160.4468999998644,2.8,2144.51308101221,2169.943674485377,2154.1087699998643
300812741,32,tess2020324010417-s0032-0000000300812741-0200-s_lc.fits,11.30717,2460160.4469,3160.4468999998644,2.8,2174.227032144543,2200.218964412976,2176.7231099998644
300812741,33,tess2020351194500-s0033-0000000300812741-0203-s_lc.fits,11.30717,2460160.4469,3160.4468999998644,2.8,2201.731485683021,2227.572176241049,2210.6446199998645
300812741,35,tess2021039152502-s0035-0000000300812741-0205-s_lc.fits,11.30717,2460160.4469,3160.4468999998644,2.8,2254.994889875691,2279.980013613834,2255.8732999998647
300812741,36,tess2021065132309-s0036-0000000300812741-0207-s_lc.fits,11.30717,2460160.4469,3160.4468999998644,2.8,2280.903637523987,2305.990021069642,2289.7948099998644
300812741,37,tess2021091135823-s0037-0000000300812741-0208-s_lc.fits,11.30717,2460160.4469,3160.4468999998644,2.8,2307.255309025485,2332.580394178423,2312.4091499998644
300812741,38,tess2021118034608-s0038-0000000300812741-0209-s_lc.fits,11.30717,2460160.4469,3160.4468999998644,2.8,2333.85539429676,2360.552484262491,2335.0234899998645
300812741,39,tess2021146024351-s0039-0000000300812741-0210-s_lc.fits,11.30717,2460160.4469,3160.4468999998644,2.8,2361.771918699941,2389.718791911481,2368.944999999864
300812741,61,tess2023018032328-s0061-0000000300812741-0250-s_lc.fits,11.30717,2460160.4469,3160.4468999998644,2.8,2962.79832201591,2988.21544335981,2968.2250099998646
300812741,62,tess2023043185947-s0062-0000000300812741-0254-s_lc.fits,11.30717,2460160.4469,3160.4468999998644,2.8,2988.440448051412,3014.153346752582,2990.839349999864
300812741,63,tess2023069172124-s0063-0000000300812741-0255-s_lc.fits,11.30717,2460160.4469,3160.4468999998644,2.8,3014.368627871456,3040.900834186294,3024.7608599998644
300812741,65,tess2023124020739-s0065-0000000300812741-0259-s_lc.fits,11.30717,2460160.4469,3160.4468999998644,2.8,3068.739780363138,3096.629878950229,3069.9895399998645
300812741,66,tess2023153011303-s0066-0000000300812741-0260-s_lc.fits,11.30717,2460160.4469,3160.4468999998644,2.8,3097.674314542633,3126.428087104138,3103.911049999864
300812741,67,tess2023181235917-s0067-0000000300812741-0261-s_lc.fits,11.30717,2460160.4469,3160.4468999998644,2.8,3126.641973355143,3154.39564688596,3137.8325599998643
300812741,68,tess2023209231226-s0068-0000000300812741-0262-s_lc.fits,11.30717,2460160.4469,3160.4468999998644,2.8,3154.624810337743,3182.125707191555,3160.4468999998644
300812741,69,tess2023237165326-s0069-0000000300812741-0264-s_lc.fits,11.30717,2460160.4469,3160.4468999998644,2.8,3182.353481948381,3208.137829141122,3183.0612399998645
300812741,87,tess2024353092137-s0087-0000000300812741-0284-s_lc.fits,11.30717,2460160.4469,3160.4468999998644,2.8,3663.040091538874,3689.937744988157,3669.2695499998645
300812741,88,tess2025014115807-s0088-0000000300812741-0285-s_lc.fits,11.30717,2460160.4469,3160.4468999998644,2.8,3690.15163721986,3717.924356595234,3691.8838899998646
300812741,89,tess2025042113628-s0089-0000000300812741-0286-s_lc.fits,11.30717,2460160.4469,3160.4468999998644,2.8,3718.13824925594,3746.945636317582,3725.805399999864
300812741,90,tess2025071122000-s0090-0000000300812741-0287-s_lc.fits,11.30717,2460160.4469,3160.4468999998644,2.8,3747.159528251632,3775.077837127869,3748.4197399998643
300812741,93,tess2025154050500-s0093-0000000300812741-0290-s_lc.fits,11.30717,2460160.4469,3160.4468999998644,2.8,3829.870721868343,3856.049527740831,3838.877099999864
300812741,94,tess2025180145000-s0094-0000000300812741-0291-s_lc.fits,11.30717,2460160.4469,3160.4468999998644,2.8,3856.264801991405,3882.118513599551,3861.4914399998643
300812741,96,tess2025232030459-s0096-0000000300812741-0293-s_lc.fits,11.30717,2460160.4469,3160.4468999998644,2.8,3907.773603798408,3933.43293026459,3918.0272899998645
300812741,97,tess2025258001959-s0097-0000000300812741-0294-s_lc.fits,11.30717,2460160.4469,3160.4468999998644,2.8,3933.659316002467,3988.284014748799,3940.6416299998646
300812741,98,tess2025312202959-s0098-0000000300812741-0298-s_lc.fits,11.30717,2460160.4469,3160.4468999998644,2.8,3988.499293208101,4045.898524162169,3997.1774799998643
301609547,45,tess2021310001228-s0045-0000000301609547-0216-s_lc.fits,39.93767,2456829.829,-170.1710000000894,5.808,2526.26081616531,2550.624194882506,2545.5905599999105
301609547,72,tess2023315124025-s0072-0000000301609547-0267-s_lc.fits,39.93767,2456829.829,-170.1710000000894,5.808,3260.180215470473,3285.565959251373,3264.4686199999105
302908969,60,tess2022357055054-s0060-0000000302908969-0249-s_lc.fits,5.99002553853,2458862.09561,1862.0956100001931,2.2315303,2936.907989844716,2962.588653626045,2940.3002069355935
305243225,54,tess2022190063128-s0054-0000000305243225-0227-s_lc.fits,1.212884,2454852.26464,-2147.735359999817,2.1792,2769.902849323169,2796.133890278245,2770.5092600001835
305243225,55,tess2022217014003-s0055-0000000305243225-0242-s_lc.fits,1.212884,2454852.26464,-2147.735359999817,2.1792,2797.104726555608,2824.268112389488,2797.1927080001833
305243225,81,tess2024196212429-s0081-0000000305243225-0276-s_lc.fits,1.212884,2454852.26464,-2147.735359999817,2.1792,3506.556441601862,3533.18171442858,3506.7298480001837
305739565,64,tess2023096110322-s0064-0000000305739565-0257-s_lc.fits,3.3704181,2458540.6573,1540.657300000079,4.888,3041.135520165489,3068.024725879081,3043.863772600079
306263608,17,tess2019279210107-s0017-0000000306263608-0161-s_lc.fits,20.772858,2458767.4228,1767.4227999998257,4.9427299,1764.689047716296,1789.7005011354,1767.4227999998257
306263608,42,tess2021232031932-s0042-0000000306263608-0213-s_lc.fits,20.772858,2458767.4228,1767.4227999998257,4.9427299,2447.692516945469,2472.851437693142,2452.9271139998255
306263608,43,tess2021258175143-s0043-0000000306263608-0214-s_lc.fits,20.772858,2458767.4228,1767.4227999998257,4.9427299,2474.182096279183,2498.879092325008,2494.4728299998255
306263608,70,tess2023263165758-s0070-0000000306263608-0265-s_lc.fits,20.772858,2458767.4228,1767.4227999998257,4.9427299,3208.375009720212,3233.808004148355,3221.5228599998254
306263608,71,tess2023289093419-s0071-0000000306263608-0266-s_lc.fits,20.772858,2458767.4228,1767.4227999998257,4.9427299,3234.167729069626,3259.766319002532,3242.2957179998257
306263608,85,tess2024300212641-s0085-0000000306263608-0282-s_lc.fits,20.772858,2458767.4228,1767.4227999998257,4.9427299,3610.560290053572,3636.050069451612,3616.2071619998255
306362738,6,tess2018349182500-s0006-0000000306362738-0126-s_lc.fits,2.78174,2457377.59693,377.5969299999997,2.14,1468.27431472362,1490.049198560237,1470.8207499999996
306362738,33,tess2020351194500-s0033-0000000306362738-0203-s_lc.fits,2.78174,2457377.59693,377.5969299999997,2.14,2201.736505347235,2227.576484357935,2202.41837
306362738,87,tess2024353092137-s0087-0000000306362738-0284-s_lc.fits,2.78174,2457377.59693,377.5969299999997,2.14,3663.047831209831,3689.941939661776,3665.61361
306362738,98,tess2025312202959-s0098-0000000306362738-0298-s_lc.fits,2.78174,2457377.59693,377.5969299999997,2.14,3988.503398302905,4045.903104359077,3991.07719
306648160,66,tess2023153011303-s0066-0000000306648160-0260-s_lc.fits,3.6525145,2458940.81751,1940.8175099999644,4.31,3097.677632100569,3126.431897417223,3098.6646064999645
306648160,93,tess2025154050500-s0093-0000000306648160-0290-s_lc.fits,3.6525145,2458940.81751,1940.8175099999644,4.31,3829.878270995868,3855.638075595344,3832.8200209999645
306648160,100,tess2026033082000-s0100-0000000306648160-0302-s_lc.fits,3.6525145,2458940.81751,1940.8175099999644,4.31,4074.001500990718,4100.451778307448,4077.5384924999644
306648160,101,tess2026060005000-s0101-0000000306648160-0303-s_lc.fits,3.6525145,2458940.81751,1940.8175099999644,4.31,4100.799019341483,4126.505070284611,4103.106093999964
306955329,17,tess2019279210107-s0017-0000000306955329-0161-s_lc.fits,6.36338574,2459694.66385,2694.663850000128,2.74,1764.687978854001,1789.682648529658,1765.6095319601282
306955329,57,tess2022273165103-s0057-0000000306955329-0245-s_lc.fits,6.36338574,2459694.66385,2694.663850000128,2.74,2853.358067766403,2882.119638315878,2853.748493500128
306955329,58,tess2022302161335-s0058-0000000306955329-0247-s_lc.fits,6.36338574,2459694.66385,2694.663850000128,2.74,2882.333526786272,2910.052368856286,2885.565422200128
306955329,84,tess2024274222008-s0084-0000000306955329-0281-s_lc.fits,6.36338574,2459694.66385,2694.663850000128,2.74,3584.593408893269,3610.345236982936,3585.537853600128
306955329,85,tess2024300212641-s0085-0000000306955329-0282-s_lc.fits,6.36338574,2459694.66385,2694.663850000128,2.74,3610.559125002886,3636.04896429428,3610.991396560128
306996324,10,tess2019085135100-s0010-0000000306996324-0140-s_lc.fits,8.24662,2459288.8713,2288.8713000002317,2.382,1569.441273737711,1595.685645556449,1571.4153600002317
306996324,37,tess2021091135823-s0037-0000000306996324-0208-s_lc.fits,8.24662,2459288.8713,2288.8713000002317,2.382,2307.261890790941,2332.583801856116,2313.611160000232
306996324,63,tess2023069172124-s0063-0000000306996324-0255-s_lc.fits,8.24662,2459288.8713,2288.8713000002317,2.382,3014.37219228551,3040.904642496326,3014.5738600002314
306996324,90,tess2025071122000-s0090-0000000306996324-0287-s_lc.fits,8.24662,2459288.8713,2288.8713000002317,2.382,3747.163135188653,3775.081605437248,3748.523040000232
306996324,100,tess2026033082000-s0100-0000000306996324-0302-s_lc.fits,8.24662,2459288.8713,2288.8713000002317,2.382,4073.99553048881,4100.469397554077,4078.387840000232
306996324,101,tess2026060005000-s0101-0000000306996324-0303-s_lc.fits,8.24662,2459288.8713,2288.8713000002317,2.382,4100.684668875551,4126.81050359754,4103.127700000232
307210830,2,tess2018234235059-s0002-0000000307210830-0121-s_lc.fits,2.253114,2458366.17056,1366.1705599999987,1.01,1354.10671702604,1381.513270352506,1354.9049899999986
307210830,5,tess2018319095959-s0005-0000000307210830-0125-s_lc.fits,2.253114,2458366.17056,1366.1705599999987,1.01,1437.988293513621,1464.287307465899,1438.2702079999985
307210830,8,tess2019032160000-s0008-0000000307210830-0136-s_lc.fits,2.253114,2458366.17056,1366.1705599999987,1.01,1517.363453606327,1542.001424679997,1519.3823119999986
307210830,9,tess2019058134432-s0009-0000000307210830-0139-s_lc.fits,2.253114,2458366.17056,1366.1705599999987,1.01,1543.238939066742,1568.476735481797,1544.1665659999987
307210830,10,tess2019085135100-s0010-0000000307210830-0140-s_lc.fits,2.253114,2458366.17056,1366.1705599999987,1.01,1569.437844400244,1595.682339704207,1571.2039339999988
307210830,11,tess2019112060037-s0011-0000000307210830-0143-s_lc.fits,2.253114,2458366.17056,1366.1705599999987,1.01,1596.778164832408,1623.893214260987,1598.2413019999985
307210830,12,tess2019140104343-s0012-0000000307210830-0144-s_lc.fits,2.253114,2458366.17056,1366.1705599999987,1.01,1624.968201008044,1652.892724229948,1625.2786699999988
307210830,28,tess2020212050318-s0028-0000000307210830-0190-s_lc.fits,2.253114,2458366.17056,1366.1705599999987,1.01,2061.849932147669,2087.096648305698,2062.3827859999988
307210830,29,tess2020238165205-s0029-0000000307210830-0193-s_lc.fits,2.253114,2458366.17056,1366.1705599999987,1.01,2088.238293946223,2114.419884215488,2089.4201539999985
307210830,32,tess2020324010417-s0032-0000000307210830-0200-s_lc.fits,2.253114,2458366.17056,1366.1705599999987,1.01,2174.226946207334,2200.219047575949,2175.0384859999986
307210830,35,tess2021039152502-s0035-0000000307210830-0205-s_lc.fits,2.253114,2458366.17056,1366.1705599999987,1.01,2254.995236046691,2279.980387992645,2256.150589999999
307210830,36,tess2021065132309-s0036-0000000307210830-0207-s_lc.fits,2.253114,2458366.17056,1366.1705599999987,1.01,2280.904006029233,2305.99034592799,2280.9348439999985
307210830,37,tess2021091135823-s0037-0000000307210830-0208-s_lc.fits,2.253114,2458366.17056,1366.1705599999987,1.01,2307.25562914283,2332.580606983251,2307.9722119999988
307210830,38,tess2021118034608-s0038-0000000307210830-0209-s_lc.fits,2.253114,2458366.17056,1366.1705599999987,1.01,2333.855605165188,2360.552538518667,2335.0095799999986
307210830,39,tess2021146024351-s0039-0000000307210830-0210-s_lc.fits,2.253114,2458366.17056,1366.1705599999987,1.01,2361.771964708556,2389.718663905588,2362.046947999999
307210830,61,tess2023018032328-s0061-0000000307210830-0250-s_lc.fits,2.253114,2458366.17056,1366.1705599999987,1.01,2962.798586552819,2988.21579609614,2963.6283859999985
307210830,62,tess2023043185947-s0062-0000000307210830-0254-s_lc.fits,2.253114,2458366.17056,1366.1705599999987,1.01,2988.440801175696,3014.153719075964,2990.6657539999987
307210830,63,tess2023069172124-s0063-0000000307210830-0255-s_lc.fits,2.253114,2458366.17056,1366.1705599999987,1.01,3014.368994855911,3040.901144481667,3015.450007999999
307210830,64,tess2023096110322-s0064-0000000307210830-0257-s_lc.fits,2.253114,2458366.17056,1366.1705599999987,1.01,3041.115034325499,3068.03302252399,3042.4873759999987
307210830,65,tess2023124020739-s0065-0000000307210830-0259-s_lc.fits,2.253114,2458366.17056,1366.1705599999987,1.01,3068.73996231099,3096.629892285388,3069.5247439999985
307210830,69,tess2023237165326-s0069-0000000307210830-0264-s_lc.fits,2.253114,2458366.17056,1366.1705599999987,1.01,3182.353112409595,3208.137468184823,3184.433557999999
307210830,87,tess2024353092137-s0087-0000000307210830-0284-s_lc.fits,2.253114,2458366.17056,1366.1705599999987,1.01,3663.040184545286,3689.937991933289,3664.346839999999
307210830,88,tess2025014115807-s0088-0000000307210830-0285-s_lc.fits,2.253114,2458366.17056,1366.1705599999987,1.01,3690.151885218606,3717.924705892771,3691.3842079999986
307210830,89,tess2025042113628-s0089-0000000307210830-0286-s_lc.fits,2.253114,2458366.17056,1366.1705599999987,1.01,3718.138599066781,3746.946005098155,3718.421575999999
307210830,90,tess2025071122000-s0090-0000000307210830-0287-s_lc.fits,2.253114,2458366.17056,1366.1705599999987,1.01,3747.159891742522,3775.07813234839,3747.7120579999987
307210830,96,tess2025232030459-s0096-0000000307210830-0293-s_lc.fits,2.253114,2458366.17056,1366.1705599999987,1.01,3907.773239322787,3933.432559766426,3909.936265999999
307210830,98,tess2025312202959-s0098-0000000307210830-0298-s_lc.fits,2.253114,2458366.17056,1366.1705599999987,1.01,3988.499131704426,4045.898721305681,3988.7952559999985
307958020,20,tess2019357164649-s0020-0000000307958020-0165-s_lc.fits,271.9445,2458864.8265,1864.8264999999665,11.45,1842.502836318014,1868.822579942407,1864.8264999999665
307958020,40,tess2021175071901-s0040-0000000307958020-0211-s_lc.fits,271.9445,2458864.8265,1864.8264999999665,11.45,2390.653219933316,2418.854275920761,2408.7154999999666
307958020,50,tess2022085151738-s0050-0000000307958020-0222-s_lc.fits,271.9445,2458864.8265,1864.8264999999665,11.45,2665.271485006711,2691.510428360349,2680.659999999966
307958020,80,tess2024170053053-s0080-0000000307958020-0275-s_lc.fits,271.9445,2458864.8265,1864.8264999999665,11.45,3479.888458268248,3506.336764013865,3496.4934999999664
309792357,2,tess2018234235059-s0002-0000000309792357-0121-s_lc.fits,104.854,2458256.1286,1256.1285999999382,6.6885919,1354.107644337066,1381.514923419509,1360.9825999999382
309792357,10,tess2019085135100-s0010-0000000309792357-0140-s_lc.fits,104.854,2458256.1286,1256.1285999999382,6.6885919,1569.436047365299,1595.680280912844,1570.690599999938
309792357,13,tess2019169103026-s0013-0000000309792357-0146-s_lc.fits,104.854,2458256.1286,1256.1285999999382,6.6885919,1653.919239517047,1682.357018310345,1675.544599999938
309792357,29,tess2020238165205-s0029-0000000309792357-0193-s_lc.fits,104.854,2458256.1286,1256.1285999999382,6.6885919,2088.239321713966,2114.434074875435,2094.960599999938
309792357,32,tess2020324010417-s0032-0000000309792357-0200-s_lc.fits,104.854,2458256.1286,1256.1285999999382,6.6885919,2174.228796209801,2200.225875212382,2199.8145999999383
309792357,36,tess2021065132309-s0036-0000000309792357-0207-s_lc.fits,104.854,2458256.1286,1256.1285999999382,6.6885919,2280.902618600316,2305.988439596694,2304.668599999938
309792357,63,tess2023069172124-s0063-0000000309792357-0255-s_lc.fits,104.854,2458256.1286,1256.1285999999382,6.6885919,3014.367519648095,3040.899172228449,3038.646599999938
309792357,67,tess2023181235917-s0067-0000000309792357-0261-s_lc.fits,104.854,2458256.1286,1256.1285999999382,6.6885919,3126.640896024916,3154.384262379648,3143.5005999999385
309792357,87,tess2024353092137-s0087-0000000309792357-0284-s_lc.fits,104.854,2458256.1286,1256.1285999999382,6.6885919,3663.041394397477,3689.938322511813,3667.770599999938
309792357,90,tess2025071122000-s0090-0000000309792357-0287-s_lc.fits,104.854,2458256.1286,1256.1285999999382,6.6885919,3747.158361135157,3775.076124487566,3772.6245999999383
309792357,94,tess2025180145000-s0094-0000000309792357-0291-s_lc.fits,104.854,2458256.1286,1256.1285999999382,6.6885919,3856.278981876899,3882.11815648642,3877.478599999938
309792357,97,tess2025258001959-s0097-0000000309792357-0294-s_lc.fits,104.854,2458256.1286,1256.1285999999382,6.6885919,3933.660477408189,3988.285834731828,3982.3325999999383
310003988,23,tess2020078014623-s0023-0000000310003988-0177-s_lc.fits,4.54216874538,2457197.09746,197.09745999984443,4.2984,1928.114214351052,1954.878234430568,1932.2059207350044
310003988,24,tess2020106103520-s0024-0000000310003988-0180-s_lc.fits,4.54216874538,2457197.09746,197.09745999984443,4.2984,1955.797681369927,1982.283309783305,1959.4589332072844
310003988,50,tess2022085151738-s0050-0000000310003988-0222-s_lc.fits,4.54216874538,2457197.09746,197.09745999984443,4.2984,2665.273719076786,2691.512590119687,2668.037257486564
310003988,77,tess2024085201119-s0077-0000000310003988-0272-s_lc.fits,4.54216874538,2457197.09746,197.09745999984443,4.2984,3395.488675037807,3423.552072509516,3399.3264254927444
311035838,16,tess2019253231442-s0016-0000000311035838-0152-s_lc.fits,2.8997,2455694.72623,-1305.2737699998543,2.0808,1738.648360725049,1763.316519158052,1739.4112300001461
311035838,22,tess2020049080258-s0022-0000000311035838-0174-s_lc.fits,2.8997,2455694.72623,-1305.2737699998543,2.0808,1899.324252898872,1926.496873157915,1901.794430000146
311035838,49,tess2022057073128-s0049-0000000311035838-0221-s_lc.fits,2.8997,2455694.72623,-1305.2737699998543,2.0808,2637.475516318817,2664.318761825141,2638.318230000146
311035838,76,tess2024058030222-s0076-0000000311035838-0271-s_lc.fits,2.8997,2455694.72623,-1305.2737699998543,2.0808,3367.701549540155,3394.780904193516,3369.0426300001463
311408969,25,tess2020133194932-s0025-0000000311408969-0182-s_lc.fits,3.5852313,2458311.92255,1311.9225499997847,2.9352,1983.643914223404,2009.309658614346,1985.9460343997846
311408969,26,tess2020160202036-s0026-0000000311408969-0188-s_lc.fits,3.5852313,2458311.92255,1311.9225499997847,2.9352,2010.270769250004,2035.138580442632,2011.0426534997846
311408969,52,tess2022138205153-s0052-0000000311408969-0224-s_lc.fits,3.5852313,2458311.92255,1311.9225499997847,2.9352,2718.638185968921,2743.080193977573,2720.9184508997846
311408969,53,tess2022164095748-s0053-0000000311408969-0226-s_lc.fits,3.5852313,2458311.92255,1311.9225499997847,2.9352,2743.999640801368,2768.982636924576,2746.015069999785
311408969,79,tess2024142205832-s0079-0000000311408969-0274-s_lc.fits,3.5852313,2458311.92255,1311.9225499997847,2.9352,3452.541670509091,3479.678021840561,3455.8908673997844
311408969,80,tess2024170053053-s0080-0000000311408969-0275-s_lc.fits,3.5852313,2458311.92255,1311.9225499997847,2.9352,3479.891928128712,3506.340012454482,3480.9874864997846
317483660,87,tess2024353092137-s0087-0000000317483660-0284-s_lc.fits,3.3312029,2459040.83958,2040.8395799999125,3.797,3663.048064696126,3689.942020499644,3663.1353922999124
317483660,98,tess2025312202959-s0098-0000000317483660-0298-s_lc.fits,3.3312029,2459040.83958,2040.8395799999125,3.797,3988.50375651611,4045.903242784345,3989.5932764999125
317520667,80,tess2024170053053-s0080-0000000317520667-0275-s_lc.fits,2.4653,2457598.49926,598.4992599999532,3.49872,3479.892907626323,3506.341346897752,3480.434959999953
317597583,17,tess2019279210107-s0017-0000000317597583-0161-s_lc.fits,12.055734733,2459931.22472,2931.2247199998237,2.0871,1764.685633690284,1789.680554559704,1773.8741856318238
317597583,18,tess2019306063752-s0018-0000000317597583-0162-s_lc.fits,12.055734733,2459931.22472,2931.2247199998237,2.0871,1790.658345704799,1815.018087423025,1797.9856550978238
317597583,24,tess2020106103520-s0024-0000000317597583-0180-s_lc.fits,12.055734733,2459931.22472,2931.2247199998237,2.0871,1955.792581944475,1982.278360314059,1966.7659413598237
317597583,25,tess2020133194932-s0025-0000000317597583-0182-s_lc.fits,12.055734733,2459931.22472,2931.2247199998237,2.0871,1983.629749363656,2009.303537480304,1990.8774108258237
317597583,52,tess2022138205153-s0052-0000000317597583-0224-s_lc.fits,12.055734733,2459931.22472,2931.2247199998237,2.0871,2718.632180850198,2743.074085558645,2726.2772295388236
317597583,58,tess2022302161335-s0058-0000000317597583-0247-s_lc.fits,12.055734733,2459931.22472,2931.2247199998237,2.0871,2882.331396435133,2910.0509173017,2883.0017810678237
317597583,59,tess2022330142927-s0059-0000000317597583-0248-s_lc.fits,12.055734733,2459931.22472,2931.2247199998237,2.0871,2910.266193184148,2936.689348876464,2919.1689852668237
317597583,78,tess2024114025118-s0078-0000000317597583-0273-s_lc.fits,12.055734733,2459931.22472,2931.2247199998237,2.0871,3434.26894569011,3452.320277614053,3437.5655787858236
317597583,79,tess2024142205832-s0079-0000000317597583-0274-s_lc.fits,12.055734733,2459931.22472,2931.2247199998237,2.0871,3452.535555901524,3479.672017753277,3461.6770482518236
317597583,85,tess2024300212641-s0085-0000000317597583-0282-s_lc.fits,12.055734733,2459931.22472,2931.2247199998237,2.0871,3610.556956610013,3636.047369779817,3618.4015997808237
317597583,86,tess2024326142117-s0086-0000000317597583-0283-s_lc.fits,12.055734733,2459931.22472,2931.2247199998237,2.0871,3636.262646143974,3662.828937289458,3642.5130692468238
318753380,31,tess2020294194027-s0031-0000000318753380-0198-s_lc.fits,15.66858,2459148.09939,2148.099390000105,4.548,2144.519624886655,2169.949984567938,2148.099390000105
320411045,87,tess2024353092137-s0087-0000000320411045-0284-s_lc.fits,14.844261,2459214.6136,2214.613599999808,3.528,3663.043447812102,3689.941173694853,3669.351177999808
321669174,14,tess2019198215352-s0014-0000000321669174-0150-s_lc.fits,10.50534,2458685.8996,1685.8996000001207,2.4850401,1683.354288660855,1710.205166566705,1685.8996000001207
321669174,17,tess2019279210107-s0017-0000000321669174-0161-s_lc.fits,10.50534,2458685.8996,1685.8996000001207,2.4850401,1764.683067207548,1789.693729126737,1769.9423200001206
321669174,20,tess2019357164649-s0020-0000000321669174-0165-s_lc.fits,10.50534,2458685.8996,1685.8996000001207,2.4850401,1842.501844641982,1868.821597154,1843.4797000001208
321669174,21,tess2020020091053-s0021-0000000321669174-0167-s_lc.fits,10.50534,2458685.8996,1685.8996000001207,2.4850401,1870.432734084928,1897.780504708101,1874.9957200001206
321669174,24,tess2020106103520-s0024-0000000321669174-0180-s_lc.fits,10.50534,2458685.8996,1685.8996000001207,2.4850401,1955.79567543791,1982.282146568299,1959.0384400001208
321669174,25,tess2020133194932-s0025-0000000321669174-0182-s_lc.fits,10.50534,2458685.8996,1685.8996000001207,2.4850401,1983.636324496543,2009.30725434398,1990.5544600001208
321669174,26,tess2020160202036-s0026-0000000321669174-0188-s_lc.fits,10.50534,2458685.8996,1685.8996000001207,2.4850401,2010.268361463545,2035.136256924219,2011.5651400001207
321669174,40,tess2021175071901-s0040-0000000321669174-0211-s_lc.fits,10.50534,2458685.8996,1685.8996000001207,2.4850401,2390.654245049469,2418.85528266261,2400.2627200001207
321669174,41,tess2021204101404-s0041-0000000321669174-0212-s_lc.fits,10.50534,2458685.8996,1685.8996000001207,2.4850401,2419.989981472686,2446.579720469447,2421.273400000121
321669174,47,tess2021364111932-s0047-0000000321669174-0218-s_lc.fits,10.50534,2458685.8996,1685.8996000001207,2.4850401,2579.812691877292,2606.939469928588,2589.358840000121
321669174,50,tess2022085151738-s0050-0000000321669174-0222-s_lc.fits,10.50534,2458685.8996,1685.8996000001207,2.4850401,2665.271319340898,2691.510718593409,2673.4015600001208
321669174,52,tess2022138205153-s0052-0000000321669174-0224-s_lc.fits,10.50534,2458685.8996,1685.8996000001207,2.4850401,2718.63604275549,2743.077763604214,2725.9282600001206
321669174,53,tess2022164095748-s0053-0000000321669174-0226-s_lc.fits,10.50534,2458685.8996,1685.8996000001207,2.4850401,2743.997205351602,2768.980345144822,2746.938940000121
321669174,54,tess2022190063128-s0054-0000000321669174-0227-s_lc.fits,10.50534,2458685.8996,1685.8996000001207,2.4850401,2769.899771380117,2796.129893308637,2778.454960000121
321669174,57,tess2022273165103-s0057-0000000321669174-0245-s_lc.fits,10.50534,2458685.8996,1685.8996000001207,2.4850401,2853.353579546049,2882.114136696423,2862.4976800001205
321669174,58,tess2022302161335-s0058-0000000321669174-0247-s_lc.fits,10.50534,2458685.8996,1685.8996000001207,2.4850401,2882.328022147633,2910.047178233077,2883.508360000121
321669174,60,tess2022357055054-s0060-0000000321669174-0249-s_lc.fits,10.50534,2458685.8996,1685.8996000001207,2.4850401,2936.90136049041,2962.582200285536,2946.540400000121
321669174,73,tess2023341045131-s0073-0000000321669174-0268-s_lc.fits,10.50534,2458685.8996,1685.8996000001207,2.4850401,3285.796985979434,3312.648506473391,3293.2166200001207
321669174,74,tess2024003055635-s0074-0000000321669174-0269-s_lc.fits,10.50534,2458685.8996,1685.8996000001207,2.4850401,3312.86239181666,3339.568346345111,3314.2273000001205
321669174,77,tess2024085201119-s0077-0000000321669174-0272-s_lc.fits,10.50534,2458685.8996,1685.8996000001207,2.4850401,3395.486269497975,3423.550244918089,3398.270020000121
321669174,78,tess2024114025118-s0078-0000000321669174-0273-s_lc.fits,10.50534,2458685.8996,1685.8996000001207,2.4850401,3434.272608964368,3452.324171055373,3440.2913800001206
321669174,79,tess2024142205832-s0079-0000000321669174-0274-s_lc.fits,10.50534,2458685.8996,1685.8996000001207,2.4850401,3452.539450162592,3479.67556871697,3461.302060000121
321669174,80,tess2024170053053-s0080-0000000321669174-0275-s_lc.fits,10.50534,2458685.8996,1685.8996000001207,2.4850401,3479.889446091685,3506.337791195227,3482.312740000121
321669174,81,tess2024196212429-s0081-0000000321669174-0276-s_lc.fits,10.50534,2458685.8996,1685.8996000001207,2.4850401,3506.553071655422,3533.177584328098,3513.828760000121
321669174,84,tess2024274222008-s0084-0000000321669174-0281-s_lc.fits,10.50534,2458685.8996,1685.8996000001207,2.4850401,3584.588888806317,3610.339775258197,3587.366140000121
321669174,85,tess2024300212641-s0085-0000000321669174-0282-s_lc.fits,10.50534,2458685.8996,1685.8996000001207,2.4850401,3610.553661285164,3636.043640493805,3618.882160000121
321857016,16,tess2019253231442-s0016-0000000321857016-0152-s_lc.fits,6.9561063,2459517.43305,2517.433050000109,3.372,1738.653481840956,1763.321840642656,1745.305250700109
321857016,24,tess2020106103520-s0024-0000000321857016-0180-s_lc.fits,6.9561063,2459517.43305,2517.433050000109,3.372,1955.792738084478,1982.279060952387,1960.9445460001089
321857016,56,tess2022244194134-s0056-0000000321857016-0243-s_lc.fits,6.9561063,2459517.43305,2517.433050000109,3.372,2825.258324838381,2853.140729173854,2830.457833500109
321857016,57,tess2022273165103-s0057-0000000321857016-0245-s_lc.fits,6.9561063,2459517.43305,2517.433050000109,3.372,2853.356009110571,2882.117132595408,2858.2822587001087
321857016,58,tess2022302161335-s0058-0000000321857016-0247-s_lc.fits,6.9561063,2459517.43305,2517.433050000109,3.372,2882.331020054249,2910.050017214617,2886.1066839001087
321857016,77,tess2024085201119-s0077-0000000321857016-0272-s_lc.fits,6.9561063,2459517.43305,2517.433050000109,3.372,3395.483853375471,3423.547180622781,3400.858550100109
321857016,78,tess2024114025118-s0078-0000000321857016-0273-s_lc.fits,6.9561063,2459517.43305,2517.433050000109,3.372,3434.269481381548,3452.321149058222,3435.6390816001085
321857016,83,tess2024249191853-s0083-0000000321857016-0280-s_lc.fits,6.9561063,2459517.43305,2517.433050000109,3.372,3559.428449074625,3584.37744528605,3560.8489950001085
321857016,84,tess2024274222008-s0084-0000000321857016-0281-s_lc.fits,6.9561063,2459517.43305,2517.433050000109,3.372,3584.591336111486,3610.342748298452,3588.673420200109
321857016,85,tess2024300212641-s0085-0000000321857016-0282-s_lc.fits,6.9561063,2459517.43305,2517.433050000109,3.372,3610.556635861217,3636.046550274022,3616.497845400109
322307342,28,tess2020212050318-s0028-0000000322307342-0190-s_lc.fits,3.5862202,2457410.4086,410.40860000019893,3.42,2061.853062500831,2087.100623167153,2063.656112200199
322307342,29,tess2020238165205-s0029-0000000322307342-0193-s_lc.fits,3.5862202,2457410.4086,410.40860000019893,3.42,2088.242297295079,2114.436462902482,2088.7596536001993
322307342,68,tess2023209231226-s0068-0000000322307342-0262-s_lc.fits,3.5862202,2457410.4086,410.40860000019893,3.42,3154.621931323809,3182.13346214594,3157.453273200199
322307342,69,tess2023237165326-s0069-0000000322307342-0264-s_lc.fits,3.5862202,2457410.4086,410.40860000019893,3.42,3182.357075600521,3208.141569413878,3182.556814600199
322307342,95,tess2025206162959-s0095-0000000322307342-0292-s_lc.fits,3.5862202,2457410.4086,410.40860000019893,3.42,3882.537747799795,3907.545155895212,3885.455973800199
322307342,96,tess2025232030459-s0096-0000000322307342-0293-s_lc.fits,3.5862202,2457410.4086,410.40860000019893,3.42,3907.777101626273,3933.438108198493,3910.559515200199
322388624,80,tess2024170053053-s0080-0000000322388624-0275-s_lc.fits,4.20474,2454573.6299,-2426.370099999942,5.47,3479.893000994248,3506.341649216745,3481.2896000000583
322807371,90,tess2025071122000-s0090-0000000322807371-0287-s_lc.fits,98.29838,2459287.6,2287.600000000093,6.13,3747.163869870426,3774.522190572104,3762.075700000093
323094535,80,tess2024170053053-s0080-0000000323094535-0275-s_lc.fits,9.75598,2454598.42014,-2401.57985999994,4.492,3479.893019067494,3506.341705745231,3481.2760800000597
325335564,46,tess2021336043614-s0046-0000000325335564-0217-s_lc.fits,2.77065,2456810.0203,-189.97970000002533,2.307,2551.563871606793,2578.702684102432,2552.9637999999745
325335564,72,tess2023315124025-s0072-0000000325335564-0267-s_lc.fits,2.77065,2456810.0203,-189.97970000002533,2.307,3260.179638575557,3285.569441358183,3262.2501999999745
325682877,4,tess2018292075959-s0004-0000000325682877-0124-s_lc.fits,2.11867592279,2459153.8096,2153.809599999804,1.6776084,1410.905732145431,1436.838674645908,1412.2730270233042
325682877,31,tess2020294194027-s0031-0000000325682877-0198-s_lc.fits,2.11867592279,2459153.8096,2153.809599999804,1.6776084,2144.519287091623,2169.9493480158,2145.334896308644
325682877,97,tess2025258001959-s0097-0000000325682877-0294-s_lc.fits,2.11867592279,2459153.8096,2153.809599999804,1.6776084,3933.664155087865,3988.289965154417,3935.616051066194
328934463,50,tess2022085151738-s0050-0000000328934463-0222-s_lc.fits,11.23479,2458939.7856,1939.785600000061,6.567,2665.275780421394,2691.514509196623,2670.046950000061
332558858,31,tess2020294194027-s0031-0000000332558858-0198-s_lc.fits,13.33668,2458448.326,1448.3259999998845,4.384,2144.51825536079,2169.94925696547,2155.1700399998845
332657786,8,tess2019032160000-s0008-0000000332657786-0136-s_lc.fits,34.005019,2459454.90101,2454.901010000147,2.9,1517.367635632684,1542.005632389088,1536.765497000147
332657786,62,tess2023043185947-s0062-0000000332657786-0254-s_lc.fits,34.005019,2459454.90101,2454.901010000147,2.9,2988.44509980137,3014.157690171379,2998.981314000147
332657786,99,tess2026005125623-s0099-0000000332657786-0300-s_lc.fits,34.005019,2459454.90101,2454.901010000147,2.9,4046.13804481648,4073.765994628065,4053.136903000147
332657786,100,tess2026033082000-s0100-0000000332657786-0302-s_lc.fits,34.005019,2459454.90101,2454.901010000147,2.9,4074.003505077934,4100.470661436065,4087.1419220001467
333473672,16,tess2019253231442-s0016-0000000333473672-0152-s_lc.fits,12.99894,2458745.9405,1745.940500000026,4.46,1738.655959639706,1763.324377060711,1745.940500000026
333473672,17,tess2019279210107-s0017-0000000333473672-0161-s_lc.fits,12.99894,2458745.9405,1745.940500000026,4.46,1764.688289534783,1789.682237655236,1771.938380000026
333473672,57,tess2022273165103-s0057-0000000333473672-0245-s_lc.fits,12.99894,2458745.9405,1745.940500000026,4.46,2853.358584457134,2882.119328520224,2863.849340000026
333473672,84,tess2024274222008-s0084-0000000333473672-0281-s_lc.fits,12.99894,2458745.9405,1745.940500000026,4.46,3584.593914081236,3610.345001689362,3591.789980000026
333674399,42,tess2021232031932-s0042-0000000333674399-0213-s_lc.fits,10.980909686,2459490.27016,2490.27015999984,2.9196155,2447.691088334283,2473.147569415304,2457.32743094184
333674399,43,tess2021258175143-s0043-0000000333674399-0214-s_lc.fits,10.980909686,2459490.27016,2490.27015999984,2.9196155,2474.178218670179,2498.878509635959,2479.28925031384
333674399,70,tess2023263165758-s0070-0000000333674399-0265-s_lc.fits,10.980909686,2459490.27016,2490.27015999984,2.9196155,3208.550378910307,3233.807526216273,3215.01019927584
333674399,71,tess2023289093419-s0071-0000000333674399-0266-s_lc.fits,10.980909686,2459490.27016,2490.27015999984,2.9196155,3234.043636374331,3259.940106867703,3236.97201864784
333800257,44,tess2021284114741-s0044-0000000333800257-0215-s_lc.fits,9.844077,2457146.3287,146.32869999995455,3.6288,2500.2008975935,2524.440767942705,2508.9071799999547
333800257,45,tess2021310001228-s0045-0000000333800257-0216-s_lc.fits,9.844077,2457146.3287,146.32869999995455,3.6288,2526.008965249815,2550.627949434648,2528.5953339999546
333800257,46,tess2021336043614-s0046-0000000333800257-0217-s_lc.fits,9.844077,2457146.3287,146.32869999995455,3.6288,2551.997497030146,2578.706300580784,2558.1275649999548
333800257,72,tess2023315124025-s0072-0000000333800257-0267-s_lc.fits,9.844077,2457146.3287,146.32869999995455,3.6288,3260.183976966688,3285.586302911431,3266.901108999955
336691874,57,tess2022273165103-s0057-0000000336691874-0245-s_lc.fits,5.4233207,2460035.27909,3035.279089999851,5.111,2853.3596942152,2882.120268454877,2856.309506899851
336691874,70,tess2023263165758-s0070-0000000336691874-0265-s_lc.fits,5.4233207,2460035.27909,3035.279089999851,5.111,3208.376069124478,3233.808042056136,3208.825352399851
336691874,84,tess2024274222008-s0084-0000000336691874-0281-s_lc.fits,5.4233207,2460035.27909,3035.279089999851,5.111,3584.595024623475,3610.345966895454,3588.4578013998507
336732544,92,tess2025127075000-s0092-0000000336732544-0289-s_lc.fits,3.2768837,2455808.05158,-1191.948419999797,2.76528,3802.983231242489,3829.645353487139,3805.2992225002026
337216118,42,tess2021232031932-s0042-0000000337216118-0213-s_lc.fits,2.68566015238,2459474.61326,2474.613260000013,2.2493108,2447.692257855888,2473.148504843567,2447.756658476213
337216118,43,tess2021258175143-s0043-0000000337216118-0214-s_lc.fits,2.68566015238,2459474.61326,2474.613260000013,2.2493108,2474.179142916242,2498.879032457778,2474.613260000013
337216118,70,tess2023263165758-s0070-0000000337216118-0265-s_lc.fits,2.68566015238,2459474.61326,2474.613260000013,2.2493108,3208.373459302541,3233.809353836401,3210.484141752133
337216118,71,tess2023289093419-s0071-0000000337216118-0266-s_lc.fits,2.68566015238,2459474.61326,2474.613260000013,2.2493108,3234.044077123814,3259.953908389761,3234.6550831235527
337632006,44,tess2021284114741-s0044-0000000337632006-0215-s_lc.fits,21.1701963,2457144.40526,144.40525999991223,3.576,2500.201037941949,2524.440924832491,2515.4672455999125
337632006,45,tess2021310001228-s0045-0000000337632006-0216-s_lc.fits,21.1701963,2457144.40526,144.40525999991223,3.576,2526.00912218215,2550.628093110946,2536.637441899912
337632006,46,tess2021336043614-s0046-0000000337632006-0217-s_lc.fits,21.1701963,2457144.40526,144.40525999991223,3.576,2551.997639055674,2578.706397029481,2557.807638199912
346250894,91,tess2025099153000-s0091-0000000346250894-0288-s_lc.fits,1.62116,2458039.1317,1039.1316999997944,3.28,3775.2955490822,3802.752062041103,3775.649779999794
347329162,22,tess2020049080258-s0022-0000000347329162-0174-s_lc.fits,4.6171,2455841.60939,-1158.3906100001186,3.5616,1899.327438390045,1926.498714254261,1902.7466899998813
347329162,49,tess2022057073128-s0049-0000000347329162-0221-s_lc.fits,4.6171,2455841.60939,-1158.3906100001186,3.5616,2637.477372814116,2664.320547694525,2641.482689999881
348755728,35,tess2021039152502-s0035-0000000348755728-0205-s_lc.fits,4.50638,2459256.8481,2256.848100000061,2.0392007,2254.994097981491,2279.983926545487,2256.848100000061
348755728,61,tess2023018032328-s0061-0000000348755728-0250-s_lc.fits,4.50638,2459256.8481,2256.848100000061,2.0392007,2962.803074050973,2988.221530662745,2964.349760000061
348755728,88,tess2025014115807-s0088-0000000348755728-0285-s_lc.fits,4.50638,2459256.8481,2256.848100000061,2.0392007,3690.163249721692,3717.92904749741,3694.383320000061
348755728,99,tess2026005125623-s0099-0000000348755728-0300-s_lc.fits,4.50638,2459256.8481,2256.848100000061,2.0392007,4046.133479744258,4073.766317626984,4050.387340000061
349445372,46,tess2021336043614-s0046-0000000349445372-0217-s_lc.fits,0.3652575,2457582.822,582.8220000001602,1.161,2551.56298517041,2578.701745802382,2551.92518250016
349445372,91,tess2025099153000-s0091-0000000349445372-0288-s_lc.fits,0.3652575,2457582.822,582.8220000001602,1.161,3775.296328046799,3802.747890589109,3775.5378075001604
349488688,25,tess2020133194932-s0025-0000000349488688-0182-s_lc.fits,11.62071,2458994.2853,1994.285300000105,5.59,1983.637738967167,2009.310077775772,1994.285300000105
349488688,52,tess2022138205153-s0052-0000000349488688-0224-s_lc.fits,11.62071,2458994.2853,1994.285300000105,5.59,2718.638907960778,2743.080566403787,2726.390030000105
349488688,79,tess2024142205832-s0079-0000000349488688-0274-s_lc.fits,11.62071,2458994.2853,1994.285300000105,5.59,3452.54235013159,3479.678294237375,3458.494760000105
349827430,14,tess2019198215352-s0014-0000000349827430-0150-s_lc.fits,5.55149296,2459173.34743,2173.3474300000817,4.3032,1683.350012617136,1710.201547752903,1684.8160495200816
349827430,20,tess2019357164649-s0020-0000000349827430-0165-s_lc.fits,5.55149296,2459173.34743,2173.3474300000817,4.3032,1842.505899586399,1868.825753250294,1845.8093453600816
349827430,21,tess2020020091053-s0021-0000000349827430-0167-s_lc.fits,5.55149296,2459173.34743,2173.3474300000817,4.3032,1870.436866367488,1897.783768041961,1873.5668101600818
349827430,40,tess2021175071901-s0040-0000000349827430-0211-s_lc.fits,5.55149296,2459173.34743,2173.3474300000817,4.3032,2390.650087732895,2418.851059506768,2395.4071484000815
349827430,41,tess2021204101404-s0041-0000000349827430-0212-s_lc.fits,5.55149296,2459173.34743,2173.3474300000817,4.3032,2419.985775733693,2446.576345541757,2423.1646132000815
349827430,47,tess2021364111932-s0047-0000000349827430-0218-s_lc.fits,5.55149296,2459173.34743,2173.3474300000817,4.3032,2579.815457917779,2606.943477037718,2584.157909040082
349827430,48,tess2022027120115-s0048-0000000349827430-0219-s_lc.fits,5.55149296,2459173.34743,2173.3474300000817,4.3032,2607.936522904862,2635.988783841733,2611.915373840082
349827430,60,tess2022357055054-s0060-0000000349827430-0249-s_lc.fits,5.55149296,2459173.34743,2173.3474300000817,4.3032,2936.905362426508,2962.586355326525,2939.4534584800817
349827430,74,tess2024003055635-s0074-0000000349827430-0269-s_lc.fits,5.55149296,2459173.34743,2173.3474300000817,4.3032,3312.866545875637,3339.572274768959,3316.9549797600816
349827430,75,tess2024030031500-s0075-0000000349827430-0270-s_lc.fits,5.55149296,2459173.34743,2173.3474300000817,4.3032,3339.787549732106,3367.485615688194,3344.7124445600816
350810559,80,tess2024170053053-s0080-0000000350810559-0275-s_lc.fits,6.849692,2454967.68069,-2032.3193100001663,4.12,3479.889499655957,3506.3385823409,3481.6827499998335
350810559,81,tess2024196212429-s0081-0000000350810559-0276-s_lc.fits,6.849692,2454967.68069,-2032.3193100001663,4.12,3506.553863206683,3533.178958754403,3509.0815179998335
350810559,82,tess2024223182411-s0082-0000000350810559-0278-s_lc.fits,6.849692,2454967.68069,-2032.3193100001663,4.12,3533.394236200737,3559.248105993201,3536.4802859998335
350810590,14,tess2019198215352-s0014-0000000350810590-0150-s_lc.fits,13.86825,2454974.6491,-2025.3508999999613,7.2783,1683.355175329867,1710.206609218298,1691.3401000000385
350810590,15,tess2019226182529-s0015-0000000350810590-0151-s_lc.fits,13.86825,2454974.6491,-2025.3508999999613,7.2783,1711.366325830659,1737.41179616825,1719.0766000000385
350810590,40,tess2021175071901-s0040-0000000350810590-0211-s_lc.fits,13.86825,2454974.6491,-2025.3508999999613,7.2783,2390.65449096855,2418.856279524428,2398.6208500000384
350810590,41,tess2021204101404-s0041-0000000350810590-0212-s_lc.fits,13.86825,2454974.6491,-2025.3508999999613,7.2783,2419.99100695074,2446.581239891978,2426.3573500000384
350810590,54,tess2022190063128-s0054-0000000350810590-0227-s_lc.fits,13.86825,2454974.6491,-2025.3508999999613,7.2783,2769.900400746092,2796.131144170613,2773.0636000000386
350810590,55,tess2022217014003-s0055-0000000350810590-0242-s_lc.fits,13.86825,2454974.6491,-2025.3508999999613,7.2783,2797.101976268063,2824.265631909469,2800.8001000000386
350810590,74,tess2024003055635-s0074-0000000350810590-0269-s_lc.fits,13.86825,2454974.6491,-2025.3508999999613,7.2783,3312.86188666304,3339.567155796633,3313.9253500000386
350810590,75,tess2024030031500-s0075-0000000350810590-0270-s_lc.fits,13.86825,2454974.6491,-2025.3508999999613,7.2783,3339.782432745359,3367.481203393659,3341.6618500000386
350810590,80,tess2024170053053-s0080-0000000350810590-0275-s_lc.fits,13.86825,2454974.6491,-2025.3508999999613,7.2783,3479.889502296489,3506.338584948138,3480.3443500000385
350810590,81,tess2024196212429-s0081-0000000350810590-0276-s_lc.fits,13.86825,2454974.6491,-2025.3508999999613,7.2783,3506.553865812058,3533.17896081542,3508.0808500000385
350810590,82,tess2024223182411-s0082-0000000350810590-0278-s_lc.fits,13.86825,2454974.6491,-2025.3508999999613,7.2783,3533.394238256166,3559.248107125457,3535.8173500000385
350812580,40,tess2021175071901-s0040-0000000350812580-0211-s_lc.fits,12.3764661,2455012.40475,-1987.5952499997802,2.7534,2390.654694158688,2418.856300800027,2393.67374940022
350812580,41,tess2021204101404-s0041-0000000350812580-0212-s_lc.fits,12.3764661,2455012.40475,-1987.5952499997802,2.7534,2419.991020008581,2446.581077673281,2430.8031477002196
350812580,53,tess2022164095748-s0053-0000000350812580-0226-s_lc.fits,12.3764661,2455012.40475,-1987.5952499997802,2.7534,2743.997373386388,2768.981077077032,2752.59126630022
350812580,54,tess2022190063128-s0054-0000000350812580-0227-s_lc.fits,12.3764661,2455012.40475,-1987.5952499997802,2.7534,2769.900517956763,2796.131085053981,2777.34419850022
350812580,55,tess2022217014003-s0055-0000000350812580-0242-s_lc.fits,12.3764661,2455012.40475,-1987.5952499997802,2.7534,2797.101910352776,2824.265397689525,2802.09713070022
350812580,74,tess2024003055635-s0074-0000000350812580-0269-s_lc.fits,12.3764661,2455012.40475,-1987.5952499997802,2.7534,3312.861748548834,3339.567201835283,3321.90870690022
350812580,75,tess2024030031500-s0075-0000000350812580-0270-s_lc.fits,12.3764661,2455012.40475,-1987.5952499997802,2.7534,3339.78248030032,3367.481431532881,3346.66163910022
350812580,80,tess2024170053053-s0080-0000000350812580-0275-s_lc.fits,12.3764661,2455012.40475,-1987.5952499997802,2.7534,3479.889744823947,3506.338663601356,3482.8027662002196
350812580,81,tess2024196212429-s0081-0000000350812580-0276-s_lc.fits,12.3764661,2455012.40475,-1987.5952499997802,2.7534,3506.553943325734,3533.178858954156,3507.5556984002196
350812580,82,tess2024223182411-s0082-0000000350812580-0278-s_lc.fits,12.3764661,2455012.40475,-1987.5952499997802,2.7534,3533.394134790885,3559.247849460398,3544.68509670022
350814495,53,tess2022164095748-s0053-0000000350814495-0226-s_lc.fits,6.383159135,2455003.60462,-1996.3953800001182,1.7504,2743.997196841711,2768.980891940206,2746.291857304882
350987771,40,tess2021175071901-s0040-0000000350987771-0211-s_lc.fits,63.0382,2455002.11965,-1997.880350000225,7.3269,2390.655369392002,2418.856887669688,2414.793649999775
350987771,54,tess2022190063128-s0054-0000000350987771-0227-s_lc.fits,63.0382,2455002.11965,-1997.880350000225,7.3269,2769.901169198413,2796.131594073128,2793.0228499997756
350987771,80,tess2024170053053-s0080-0000000350987771-0275-s_lc.fits,63.0382,2455002.11965,-1997.880350000225,7.3269,3479.890424627096,3506.339296349316,3486.443049999775
351056774,74,tess2024003055635-s0074-0000000351056774-0269-s_lc.fits,5.747725012,2454966.29818,-2033.7018200000748,1.8222,3312.860874133238,3339.566199690776,3317.4301661719255
351803495,40,tess2021175071901-s0040-0000000351803495-0211-s_lc.fits,7.71468975,2454966.55478,-2033.4452200001106,4.2955,2390.655147932341,2418.856617136079,2394.7866964998893
351803495,41,tess2021204101404-s0041-0000000351803495-0212-s_lc.fits,7.71468975,2454966.55478,-2033.4452200001106,4.2955,2419.991328790909,2446.581190408714,2425.645455499889
351803495,53,tess2022164095748-s0053-0000000351803495-0226-s_lc.fits,7.71468975,2454966.55478,-2033.4452200001106,4.2955,2743.997857972848,2768.981479638887,2749.6624249998895
351803495,54,tess2022190063128-s0054-0000000351803495-0227-s_lc.fits,7.71468975,2454966.55478,-2033.4452200001106,4.2955,2769.90091650094,2796.13132091799,2772.8064942498895
351803495,74,tess2024003055635-s0074-0000000351803495-0269-s_lc.fits,7.71468975,2454966.55478,-2033.4452200001106,4.2955,3312.861345084342,3339.566958156759,3320.5494664998896
351803495,80,tess2024170053053-s0080-0000000351803495-0275-s_lc.fits,7.71468975,2454966.55478,-2033.4452200001106,4.2955,3479.890220630665,3506.339032551964,3482.557951249889
351803495,81,tess2024196212429-s0081-0000000351803495-0276-s_lc.fits,7.71468975,2454966.55478,-2033.4452200001106,4.2955,3506.554310730949,3533.179047083501,3513.4167102498895
351803524,74,tess2024003055635-s0074-0000000351803524-0269-s_lc.fits,13.81019974,2454977.71599,-2022.2840100000612,3.048,3312.861347846645,3339.566960899271,3322.263289379939
351803524,80,tess2024170053053-s0080-0000000351803524-0275-s_lc.fits,13.81019974,2454977.71599,-2022.2840100000612,3.048,3479.890218033672,3506.339029631103,3487.985686259939
351803524,81,tess2024196212429-s0081-0000000351803524-0276-s_lc.fits,13.81019974,2454977.71599,-2022.2840100000612,3.048,3506.554307808925,3533.179044409907,3515.606085739939
351804260,74,tess2024003055635-s0074-0000000351804260-0269-s_lc.fits,44.29919815,2454974.27883,-2025.7211699998006,4.367,3312.861418235074,3339.5670195074,3334.4818061502
351898154,40,tess2021175071901-s0040-0000000351898154-0211-s_lc.fits,9.176092,2454971.7174,-2028.282600000035,4.342,2390.654825263062,2418.856318176178,2394.593743999965
351898154,41,tess2021204101404-s0041-0000000351898154-0212-s_lc.fits,9.176092,2454971.7174,-2028.282600000035,4.342,2419.991032238243,2446.580979455071,2422.1220199999652
351898154,53,tess2022164095748-s0053-0000000351898154-0226-s_lc.fits,9.176092,2454971.7174,-2028.282600000035,4.342,2743.997546116341,2768.98115837963,2752.4613319999653
351898154,54,tess2022190063128-s0054-0000000351898154-0227-s_lc.fits,9.176092,2454971.7174,-2028.282600000035,4.342,2769.90059566916,2796.131052130961,2770.8135159999656
351898154,55,tess2022217014003-s0055-0000000351898154-0242-s_lc.fits,9.176092,2454971.7174,-2028.282600000035,4.342,2797.101872929674,2824.265253832667,2798.3417919999656
351898154,74,tess2024003055635-s0074-0000000351898154-0269-s_lc.fits,9.176092,2454971.7174,-2028.282600000035,4.342,3312.861658357741,3339.567227044603,3321.3790359999657
351898154,75,tess2024030031500-s0075-0000000351898154-0270-s_lc.fits,9.176092,2454971.7174,-2028.282600000035,4.342,3339.782506233695,3367.481571523121,3348.9073119999657
351898154,80,tess2024170053053-s0080-0000000351898154-0275-s_lc.fits,9.176092,2454971.7174,-2028.282600000035,4.342,3479.889900409882,3506.338716972659,3486.5486919999657
351898154,81,tess2024196212429-s0081-0000000351898154-0276-s_lc.fits,9.176092,2454971.7174,-2028.282600000035,4.342,3506.553995839289,3533.178798738215,3514.0769679999657
351898154,82,tess2024223182411-s0082-0000000351898154-0278-s_lc.fits,9.176092,2454971.7174,-2028.282600000035,4.342,3533.394073710909,3559.247690711343,3541.6052439999658
351909600,80,tess2024170053053-s0080-0000000351909600-0275-s_lc.fits,3.60147201,2455004.99099,-1995.0090100001544,2.522,3479.88992146173,3506.338840269989,3482.829917209846
351909600,81,tess2024196212429-s0081-0000000351909600-0276-s_lc.fits,3.60147201,2455004.99099,-1995.0090100001544,2.522,3506.554119890292,3533.179000921477,3508.0402212798463
351909600,82,tess2024223182411-s0082-0000000351909600-0278-s_lc.fits,3.60147201,2455004.99099,-1995.0090100001544,2.522,3533.394276399879,3559.247930286392,3536.851997359846
351909828,80,tess2024170053053-s0080-0000000351909828-0275-s_lc.fits,15.74957994,2454983.24542,-2016.7545799999498,4.6942,3479.889939526943,3506.338859984458,3495.5983990000504
351909828,81,tess2024196212429-s0081-0000000351909828-0276-s_lc.fits,15.74957994,2454983.24542,-2016.7545799999498,4.6942,3506.55413960639,3533.179018423589,3511.34797894005
351909828,82,tess2024223182411-s0082-0000000351909828-0278-s_lc.fits,15.74957994,2454983.24542,-2016.7545799999498,4.6942,3533.394293874052,3559.247942254585,3542.8471388200505
352007758,40,tess2021175071901-s0040-0000000352007758-0211-s_lc.fits,4.138575,2454965.01632,-2034.983680000063,2.226,2390.655152602691,2418.856737987524,2393.2915699999376
352007758,41,tess2021204101404-s0041-0000000352007758-0212-s_lc.fits,4.138575,2454965.01632,-2034.983680000063,2.226,2419.991454272656,2446.58139935559,2422.261594999937
352007758,53,tess2022164095748-s0053-0000000352007758-0226-s_lc.fits,4.138575,2454965.01632,-2034.983680000063,2.226,2743.997810974586,2768.981539398131,2745.0704449999375
352007758,54,tess2022190063128-s0054-0000000352007758-0227-s_lc.fits,4.138575,2454965.01632,-2034.983680000063,2.226,2769.900979641673,2796.131483479271,2769.901894999937
352007758,55,tess2022217014003-s0055-0000000352007758-0242-s_lc.fits,4.138575,2454965.01632,-2034.983680000063,2.226,2797.102305632852,2824.265644328306,2798.8719199999377
352007758,74,tess2024003055635-s0074-0000000352007758-0269-s_lc.fits,4.138575,2454965.01632,-2034.983680000063,2.226,3312.861299053676,3339.566803779051,3316.1937949999374
352007758,75,tess2024030031500-s0075-0000000352007758-0270-s_lc.fits,4.138575,2454965.01632,-2034.983680000063,2.226,3339.782083156667,3367.481179509426,3341.025244999937
352007758,80,tess2024170053053-s0080-0000000352007758-0275-s_lc.fits,4.138575,2454965.01632,-2034.983680000063,2.226,3479.890196860519,3506.339121020856,3481.736794999937
352007758,81,tess2024196212429-s0081-0000000352007758-0276-s_lc.fits,4.138575,2454965.01632,-2034.983680000063,2.226,3506.554400054796,3533.17923136523,3506.5682449999376
352011765,80,tess2024170053053-s0080-0000000352011765-0275-s_lc.fits,29.9633247,2454982.94193,-2017.0580699997954,2.632,3479.890117457586,3506.33904441096,3496.1936748002045
352011765,81,tess2024196212429-s0081-0000000352011765-0276-s_lc.fits,29.9633247,2454982.94193,-2017.0580699997954,2.632,3506.554323512886,3533.179172634399,3526.1569995002046
352011765,82,tess2024223182411-s0082-0000000352011765-0278-s_lc.fits,29.9633247,2454982.94193,-2017.0580699997954,2.632,3533.394448452412,3559.248038313291,3556.120324200205
353459965,59,tess2022330142927-s0059-0000000353459965-0248-s_lc.fits,10.8635,2456159.44417,-840.5558299999684,5.484,2910.281650849671,2936.692442755732,2918.215170000032
353459965,86,tess2024326142117-s0086-0000000353459965-0283-s_lc.fits,10.8635,2456159.44417,-840.5558299999684,5.484,3636.265500571593,3662.832040692664,3646.0696700000317
355703913,1,tess2018206045859-s0001-0000000355703913-0120-s_lc.fits,2.1061607,2456634.85732,-365.14268000004813,1.5552,1325.296800740252,1353.180304954369,1326.1043620999521
355703913,2,tess2018234235059-s0002-0000000355703913-0121-s_lc.fits,2.1061607,2456634.85732,-365.14268000004813,1.5552,1354.110853118864,1381.517227707007,1355.5906118999521
355703913,28,tess2020212050318-s0028-0000000355703913-0190-s_lc.fits,2.1061607,2456634.85732,-365.14268000004813,1.5552,2061.853518892432,2087.100776997894,2063.2606070999523
355703913,68,tess2023209231226-s0068-0000000355703913-0262-s_lc.fits,2.1061607,2456634.85732,-365.14268000004813,1.5552,3154.615494130801,3182.139200163979,3156.358010399952
355703913,95,tess2025206162959-s0095-0000000355703913-0292-s_lc.fits,2.1061607,2456634.85732,-365.14268000004813,1.5552,3882.556338847764,3907.545404143778,3882.9834518999523
355703913,96,tess2025232030459-s0096-0000000355703913-0293-s_lc.fits,2.1061607,2456634.85732,-365.14268000004813,1.5552,3907.777335324211,3933.438005946492,3908.2573802999523
356473034,20,tess2019357164649-s0020-0000000356473034-0165-s_lc.fits,2.61586178,2454508.73829,-2491.2617100002244,2.6839,1842.507957785229,1868.827527364771,1843.2212594597759
356473034,47,tess2021364111932-s0047-0000000356473034-0218-s_lc.fits,2.61586178,2454508.73829,-2491.2617100002244,2.6839,2579.821641332277,2606.945084519309,2580.8942814197753
356473034,60,tess2022357055054-s0060-0000000356473034-0249-s_lc.fits,2.61586178,2454508.73829,-2491.2617100002244,2.6839,2936.907405740009,2962.58814791495,2939.2673452797753
358070912,63,tess2023069172124-s0063-0000000358070912-0255-s_lc.fits,0.8831331,2459112.40036,2112.400359999854,1.618,3014.366620801776,3040.899063896007,3014.962388199854
358070912,66,tess2023153011303-s0066-0000000358070912-0260-s_lc.fits,0.8831331,2459112.40036,2112.400359999854,1.618,3097.674093317793,3126.428824623385,3097.9768995998543
358070912,67,tess2023181235917-s0067-0000000358070912-0261-s_lc.fits,0.8831331,2459112.40036,2112.400359999854,1.618,3126.642712906008,3154.390203434391,3127.1202918998542
358070912,68,tess2023209231226-s0068-0000000358070912-0262-s_lc.fits,0.8831331,2459112.40036,2112.400359999854,1.618,3154.624927477631,3182.130422539518,3155.380551099854
358070912,69,tess2023237165326-s0069-0000000358070912-0264-s_lc.fits,0.8831331,2459112.40036,2112.400359999854,1.618,3182.355421846882,3208.139790672442,3182.757677199854
358070912,87,tess2024353092137-s0087-0000000358070912-0284-s_lc.fits,0.8831331,2459112.40036,2112.400359999854,1.618,3663.039740995179,3689.936538144665,3663.182083599854
358070912,90,tess2025071122000-s0090-0000000358070912-0287-s_lc.fits,0.8831331,2459112.40036,2112.400359999854,1.618,3747.15753347151,3775.076139077481,3747.962861199854
358070912,93,tess2025154050500-s0093-0000000358070912-0290-s_lc.fits,0.8831331,2459112.40036,2112.400359999854,1.618,3829.871955545907,3856.050246847539,3830.094239499854
358070912,94,tess2025180145000-s0094-0000000358070912-0291-s_lc.fits,0.8831331,2459112.40036,2112.400359999854,1.618,3856.489136949072,3881.915793628235,3856.588232499854
358070912,95,tess2025206162959-s0095-0000000358070912-0292-s_lc.fits,0.8831331,2459112.40036,2112.400359999854,1.618,3882.539407260492,3907.543560994689,3883.082225499854
358070912,96,tess2025232030459-s0096-0000000358070912-0293-s_lc.fits,0.8831331,2459112.40036,2112.400359999854,1.618,3907.775503568984,3933.434929236824,3907.809952299854
360023124,81,tess2024196212429-s0081-0000000360023124-0276-s_lc.fits,9.178569794,2455006.08806,-1993.91194000002,2.1421,3506.554616001773,3533.179775846723,3513.22993639998
360023124,82,tess2024223182411-s0082-0000000360023124-0278-s_lc.fits,9.178569794,2455006.08806,-1993.91194000002,2.1421,3533.395052872703,3559.248828012525,3540.7656457819794
360156606,11,tess2019112060037-s0011-0000000360156606-0143-s_lc.fits,27.36397,2458617.4621,1617.4621000001207,4.831,1596.779596713529,1623.895081321674,1617.4621000001207
360156606,12,tess2019140104343-s0012-0000000360156606-0144-s_lc.fits,27.36397,2458617.4621,1617.4621000001207,4.831,1624.957572303714,1652.894620708734,1644.8260700001208
360156606,38,tess2021118034608-s0038-0000000360156606-0209-s_lc.fits,27.36397,2458617.4621,1617.4621000001207,4.831,2333.857176010131,2360.554453834452,2356.2892900001207
360156606,64,tess2023096110322-s0064-0000000360156606-0257-s_lc.fits,27.36397,2458617.4621,1617.4621000001207,4.831,3041.11605979107,3068.034679879354,3067.7525100001203
360156606,65,tess2023124020739-s0065-0000000360156606-0259-s_lc.fits,27.36397,2458617.4621,1617.4621000001207,4.831,3068.741633475238,3096.631848979866,3095.1164800001206
360156606,99,tess2026005125623-s0099-0000000360156606-0300-s_lc.fits,27.36397,2458617.4621,1617.4621000001207,4.831,4046.112381420352,4073.777530291878,4052.8554300001206
360156606,100,tess2026033082000-s0100-0000000360156606-0302-s_lc.fits,27.36397,2458617.4621,1617.4621000001207,4.831,4073.992813524812,4100.466365144545,4080.2194000001205
361343239,63,tess2023069172124-s0063-0000000361343239-0255-s_lc.fits,2.3505614,2459373.83677,2373.836769999936,2.934,3014.370090365506,3040.902192420004,3015.5400321999364
361343239,64,tess2023096110322-s0064-0000000361343239-0257-s_lc.fits,2.3505614,2459373.83677,2373.836769999936,2.934,3041.116081196403,3068.033803117196,3041.396207599936
361343239,90,tess2025071122000-s0090-0000000361343239-0287-s_lc.fits,2.3505614,2459373.83677,2373.836769999936,2.934,3747.160988492755,3775.079151691282,3748.9151889999366
363479723,45,tess2021310001228-s0045-0000000363479723-0216-s_lc.fits,39.91488,2456812.525,-187.47500000009313,6.34,2526.260746310064,2550.624113727639,2526.736839999907
363479723,46,tess2021336043614-s0046-0000000363479723-0217-s_lc.fits,39.91488,2456812.525,-187.47500000009313,6.34,2551.564472543335,2578.703276319932,2566.6517199999066
363479723,72,tess2023315124025-s0072-0000000363479723-0267-s_lc.fits,39.91488,2456812.525,-187.47500000009313,6.34,3260.180143847343,3285.565878116355,3285.1195599999064
363573185,45,tess2021310001228-s0045-0000000363573185-0216-s_lc.fits,19.30553,2456819.57944,-180.42055999999866,3.8064,2526.260573436105,2550.623905985196,2541.6591700000013
363573185,46,tess2021336043614-s0046-0000000363573185-0217-s_lc.fits,19.30553,2456819.57944,-180.42055999999866,3.8064,2551.564264293554,2578.703074923637,2560.9647000000014
363573185,72,tess2023315124025-s0072-0000000363573185-0267-s_lc.fits,19.30553,2456819.57944,-180.42055999999866,3.8064,3260.179965567988,3285.565669311913,3275.2693100000015
364186197,16,tess2019253231442-s0016-0000000364186197-0152-s_lc.fits,2.1664,2458739.847,1739.847000000067,2.67,1738.654180208568,1763.321251620216,1739.847000000067
364186197,17,tess2019279210107-s0017-0000000364186197-0161-s_lc.fits,2.1664,2458739.847,1739.847000000067,2.67,1764.685150352494,1789.679739716713,1765.843800000067
364186197,18,tess2019306063752-s0018-0000000364186197-0162-s_lc.fits,2.1664,2458739.847,1739.847000000067,2.67,1790.657519995814,1815.017090155109,1791.840600000067
364186197,19,tess2019331140908-s0019-0000000364186197-0164-s_lc.fits,2.1664,2458739.847,1739.847000000067,2.67,1816.085136556589,1841.149979343517,1817.837400000067
364186197,24,tess2020106103520-s0024-0000000364186197-0180-s_lc.fits,2.1664,2458739.847,1739.847000000067,2.67,1955.793231025665,1982.279294362028,1956.487000000067
364186197,25,tess2020133194932-s0025-0000000364186197-0182-s_lc.fits,2.1664,2458739.847,1739.847000000067,2.67,1983.630691989361,2009.304569018327,1984.6502000000671
364186197,52,tess2022138205153-s0052-0000000364186197-0224-s_lc.fits,2.1664,2458739.847,1739.847000000067,2.67,2718.633159304231,2743.075120030334,2719.059800000067
364186197,57,tess2022273165103-s0057-0000000364186197-0245-s_lc.fits,2.1664,2458739.847,1739.847000000067,2.67,2853.355389145897,2882.116735534643,2853.376600000067
364186197,58,tess2022302161335-s0058-0000000364186197-0247-s_lc.fits,2.1664,2458739.847,1739.847000000067,2.67,2882.330624916199,2910.049931438876,2883.706200000067
364186197,59,tess2022330142927-s0059-0000000364186197-0248-s_lc.fits,2.1664,2458739.847,1739.847000000067,2.67,2910.265206840111,2936.688373065219,2911.869400000067
364186197,73,tess2023341045131-s0073-0000000364186197-0268-s_lc.fits,2.1664,2458739.847,1739.847000000067,2.67,3285.799620351315,3312.65045575647,3286.6566000000666
364186197,76,tess2024058030222-s0076-0000000364186197-0271-s_lc.fits,2.1664,2458739.847,1739.847000000067,2.67,3367.697579804747,3394.776165825132,3368.979800000067
364186197,77,tess2024085201119-s0077-0000000364186197-0272-s_lc.fits,2.1664,2458739.847,1739.847000000067,2.67,3395.484486171904,3423.547615644134,3397.143000000067
364186197,78,tess2024114025118-s0078-0000000364186197-0273-s_lc.fits,2.1664,2458739.847,1739.847000000067,2.67,3434.269810300717,3452.321279171453,3436.1382000000667
364186197,79,tess2024142205832-s0079-0000000364186197-0274-s_lc.fits,2.1664,2458739.847,1739.847000000067,2.67,3452.536558456789,3479.673044714548,3453.4694000000673
364186197,84,tess2024274222008-s0084-0000000364186197-0281-s_lc.fits,2.1664,2458739.847,1739.847000000067,2.67,3584.590717569174,3610.34232630071,3585.619800000067
364186197,85,tess2024300212641-s0085-0000000364186197-0282-s_lc.fits,2.1664,2458739.847,1739.847000000067,2.67,3610.556215883863,3636.046407746278,3611.6166000000667
364186197,86,tess2024326142117-s0086-0000000364186197-0283-s_lc.fits,2.1664,2458739.847,1739.847000000067,2.67,3636.26168351234,3662.827948827593,3637.613400000067
366410512,7,tess2019006130736-s0007-0000000366410512-0131-s_lc.fits,10.1367349,2457662.95321,662.9532099999487,5.1216,1491.636436334934,1516.092262024181,1494.1654717999488
366410512,34,tess2021014023720-s0034-0000000366410512-0204-s_lc.fits,10.1367349,2457662.95321,662.9532099999487,5.1216,2228.772414719575,2254.070998359085,2234.1471194999485
366410512,44,tess2021284114741-s0044-0000000366410512-0215-s_lc.fits,10.1367349,2457662.95321,662.9532099999487,5.1216,2500.201257774356,2524.441131452807,2507.8389617999487
366410512,45,tess2021310001228-s0045-0000000366410512-0216-s_lc.fits,10.1367349,2457662.95321,662.9532099999487,5.1216,2525.72597745354,2550.628256397187,2528.1124315999486
366410512,46,tess2021336043614-s0046-0000000366410512-0217-s_lc.fits,10.1367349,2457662.95321,662.9532099999487,5.1216,2551.997787688005,2578.706455363336,2558.5226362999488
366410512,71,tess2023289093419-s0071-0000000366410512-0266-s_lc.fits,10.1367349,2457662.95321,662.9532099999487,5.1216,3234.037325985927,3259.955138546034,3237.683874599949
366410512,72,tess2023315124025-s0072-0000000366410512-0267-s_lc.fits,10.1367349,2457662.95321,662.9532099999487,5.1216,3260.184331507222,3285.586579046013,3268.094079299949
366568760,7,tess2019006130736-s0007-0000000366568760-0131-s_lc.fits,8.407115,2457722.1447,722.1447000000626,6.2712,1491.636386136648,1516.092270128085,1495.5992800000627
366568760,44,tess2021284114741-s0044-0000000366568760-0215-s_lc.fits,8.407115,2457722.1447,722.1447000000626,6.2712,2500.20112776871,2524.440995217776,2504.4530800000625
366568760,45,tess2021310001228-s0045-0000000366568760-0216-s_lc.fits,8.407115,2457722.1447,722.1447000000626,6.2712,2525.725841459839,2550.628140285942,2529.6744250000625
366568760,46,tess2021336043614-s0046-0000000366568760-0217-s_lc.fits,8.407115,2457722.1447,722.1447000000626,6.2712,2551.997673251045,2578.706387556068,2554.8957700000624
366568760,61,tess2023018032328-s0061-0000000366568760-0250-s_lc.fits,8.407115,2457722.1447,722.1447000000626,6.2712,2962.804046897591,2988.22197141963,2966.8444050000626
366568760,72,tess2023315124025-s0072-0000000366568760-0267-s_lc.fits,8.407115,2457722.1447,722.1447000000626,6.2712,3260.184197614934,3285.5864694354,3261.093430000062
366568760,88,tess2025014115807-s0088-0000000366568760-0285-s_lc.fits,8.407115,2457722.1447,722.1447000000626,6.2712,3690.157328622518,3717.255910121672,3698.2634100000623
366631954,34,tess2021014023720-s0034-0000000366631954-0204-s_lc.fits,4.7369696,2457652.79755,652.7975499997847,2.56632,2228.772333691669,2254.071078514712,2230.208426799785
366631954,44,tess2021284114741-s0044-0000000366631954-0215-s_lc.fits,4.7369696,2457652.79755,652.7975499997847,2.56632,2500.200910686032,2524.440771990174,2500.215693999785
366631954,45,tess2021310001228-s0045-0000000366631954-0216-s_lc.fits,4.7369696,2457652.79755,652.7975499997847,2.56632,2526.008968821437,2550.627943019698,2528.637511599785
366631954,46,tess2021336043614-s0046-0000000366631954-0217-s_lc.fits,4.7369696,2457652.79755,652.7975499997847,2.56632,2551.997490212166,2578.706284432116,2552.3223595997847
366631954,72,tess2023315124025-s0072-0000000366631954-0267-s_lc.fits,4.7369696,2457652.79755,652.7975499997847,2.56632,3260.18397905902,3285.586294828249,3262.8677995997846
368435330,22,tess2020049080258-s0022-0000000368435330-0174-s_lc.fits,1.0376109,2459635.926,2635.9259999999776,1.8155952,1899.311377402238,1926.498471136324,1900.2598718999775
368435330,48,tess2022027120115-s0048-0000000368435330-0219-s_lc.fits,1.0376109,2459635.926,2635.9259999999776,1.8155952,2607.938294071661,2635.991639756257,2608.9481165999778
368805700,51,tess2022112184951-s0051-0000000368805700-0223-s_lc.fits,3.577469,2455338.6188,-1661.381200000178,3.1296,2692.958326608526,2717.540067798491,2695.976041999822
370133522,13,tess2019169103026-s0013-0000000370133522-0146-s_lc.fits,0.5182331,2458668.09744,1668.0974400001578,0.724,1653.924107718244,1682.362100109821,1654.105146300158
370133522,27,tess2020186164531-s0027-0000000370133522-0189-s_lc.fits,0.5182331,2458668.09744,1668.0974400001578,0.724,2036.282699826931,2060.646525683489,2036.5611741001578
370133522,67,tess2023181235917-s0067-0000000370133522-0261-s_lc.fits,0.5182331,2458668.09744,1668.0974400001578,0.724,3126.646030377382,3154.393317159861,3126.9236165001576
370133522,94,tess2025180145000-s0094-0000000370133522-0291-s_lc.fits,0.5182331,2458668.09744,1668.0974400001578,0.724,3856.499407592606,3881.635645595046,3856.5958213001577
370133522,101,tess2026060005000-s0101-0000000370133522-0303-s_lc.fits,0.5182331,2458668.09744,1668.0974400001578,0.724,4101.109599947165,4126.546042348105,4101.201844500158
375506058,15,tess2019226182529-s0015-0000000375506058-0151-s_lc.fits,2.650237,2458739.17737,1739.177370000165,2.489,1711.366321961992,1737.412493046247,1712.675000000165
375506058,16,tess2019253231442-s0016-0000000375506058-0152-s_lc.fits,2.650237,2458739.17737,1739.177370000165,2.489,1738.654168392352,1763.322100031312,1739.177370000165
375506058,55,tess2022217014003-s0055-0000000375506058-0242-s_lc.fits,2.650237,2458739.17737,1739.177370000165,2.489,2797.101678314175,2824.266081554871,2799.272170000165
375506058,56,tess2022244194134-s0056-0000000375506058-0243-s_lc.fits,2.650237,2458739.17737,1739.177370000165,2.489,2825.25914652282,2853.141103069785,2825.774540000165
375506058,57,tess2022273165103-s0057-0000000375506058-0245-s_lc.fits,2.650237,2458739.17737,1739.177370000165,2.489,2853.356379775839,2882.116954043223,2854.927147000165
375506058,76,tess2024058030222-s0076-0000000375506058-0271-s_lc.fits,2.650237,2458739.17737,1739.177370000165,2.489,3367.696054893489,3394.7751075066,3369.073125000165
375506058,77,tess2024085201119-s0077-0000000375506058-0272-s_lc.fits,2.650237,2458739.17737,1739.177370000165,2.489,3395.483444938998,3423.547301527242,3395.575495000165
375506058,83,tess2024249191853-s0083-0000000375506058-0280-s_lc.fits,2.650237,2458739.17737,1739.177370000165,2.489,3559.429226807507,3584.377811635241,3559.8901890001653
375506058,84,tess2024274222008-s0084-0000000375506058-0281-s_lc.fits,2.650237,2458739.17737,1739.177370000165,2.489,3584.591699207081,3610.342619512187,3586.392559000165
376905329,42,tess2021232031932-s0042-0000000376905329-0213-s_lc.fits,8.269648,2457394.33225,394.33224999997765,2.232,2447.693995266758,2472.888555146559,2453.4746019999775
376905329,43,tess2021258175143-s0043-0000000376905329-0214-s_lc.fits,8.269648,2457394.33225,394.33224999997765,2.232,2474.174721319148,2498.808566146595,2478.283545999978
376905329,70,tess2023263165758-s0070-0000000376905329-0265-s_lc.fits,8.269648,2457394.33225,394.33224999997765,2.232,3208.373140142544,3233.813780098434,3214.2822179999775
377780790,14,tess2019198215352-s0014-0000000377780790-0150-s_lc.fits,0.8374907,2455034.08687,-1965.913129999768,1.811,1683.355024053697,1710.20632580189,1683.871340600232
377780790,40,tess2021175071901-s0040-0000000377780790-0211-s_lc.fits,0.8374907,2455034.08687,-1965.913129999768,1.811,2390.654482389672,2418.856103164762,2390.7134914002318
377780790,41,tess2021204101404-s0041-0000000377780790-0212-s_lc.fits,0.8374907,2455034.08687,-1965.913129999768,1.811,2419.990823905691,2446.580936705385,2420.0256659002325
377780790,53,tess2022164095748-s0053-0000000377780790-0226-s_lc.fits,0.8374907,2455034.08687,-1965.913129999768,1.811,2743.997168643009,2768.980864857346,2744.1345668002323
377780790,54,tess2022190063128-s0054-0000000377780790-0227-s_lc.fits,0.8374907,2455034.08687,-1965.913129999768,1.811,2769.900306667145,2796.130906694532,2770.096778500232
377780790,55,tess2022217014003-s0055-0000000377780790-0242-s_lc.fits,0.8374907,2455034.08687,-1965.913129999768,1.811,2797.101733797648,2824.265292354031,2797.7339716002325
377780790,74,tess2024003055635-s0074-0000000377780790-0269-s_lc.fits,0.8374907,2455034.08687,-1965.913129999768,1.811,3312.861954644931,3339.567380126979,3313.6282428002323
377780790,75,tess2024030031500-s0075-0000000377780790-0270-s_lc.fits,0.8374907,2455034.08687,-1965.913129999768,1.811,3339.782652587795,3367.481533873724,3340.427945200232
377780790,80,tess2024170053053-s0080-0000000377780790-0275-s_lc.fits,0.8374907,2455034.08687,-1965.913129999768,1.811,3479.889534842837,3506.338455296627,3480.2888921002323
377780790,81,tess2024196212429-s0081-0000000377780790-0276-s_lc.fits,0.8374907,2455034.08687,-1965.913129999768,1.811,3506.553734926428,3533.178693060179,3507.088594500232
377780790,82,tess2024223182411-s0082-0000000377780790-0278-s_lc.fits,0.8374907,2455034.08687,-1965.913129999768,1.811,3533.393969564598,3559.247757227798,3533.8882969002325
377782430,74,tess2024003055635-s0074-0000000377782430-0269-s_lc.fits,19.12947337,2454972.43468,-2027.5653200000525,3.757,3312.861784531645,3339.567228589154,3328.687223599947
377782430,75,tess2024030031500-s0075-0000000377782430-0270-s_lc.fits,19.12947337,2454972.43468,-2027.5653200000525,3.757,3339.782506943479,3367.48144243017,3347.8166969699478
377782430,80,tess2024170053053-s0080-0000000377782430-0275-s_lc.fits,19.12947337,2454972.43468,-2027.5653200000525,3.757,3479.889705473822,3506.338628845329,3481.7230105599474
377782430,82,tess2024223182411-s0082-0000000377782430-0278-s_lc.fits,19.12947337,2454972.43468,-2027.5653200000525,3.757,3533.394111606308,3559.247841802365,3539.1114306699474
377909730,40,tess2021175071901-s0040-0000000377909730-0211-s_lc.fits,1.499146953,2454966.06857,-2033.9314299998805,1.4421,2390.655209021281,2418.857104805218,2391.550375256119
377909730,41,tess2021204101404-s0041-0000000377909730-0212-s_lc.fits,1.499146953,2454966.06857,-2033.9314299998805,1.4421,2419.991815710657,2446.581974450166,2420.034167363119
377909730,54,tess2022190063128-s0054-0000000377909730-0227-s_lc.fits,1.499146953,2454966.06857,-2033.9314299998805,1.4421,2769.901195745811,2796.131960892965,2770.8345543651194
377909730,55,tess2022217014003-s0055-0000000377909730-0242-s_lc.fits,1.499146953,2454966.06857,-2033.9314299998805,1.4421,2797.102791122319,2824.266297383659,2797.819199519119
377909730,74,tess2024003055635-s0074-0000000377909730-0269-s_lc.fits,1.499146953,2454966.06857,-2033.9314299998805,1.4421,3312.861132829826,3339.566351071064,3313.5257513511187
377909730,75,tess2024030031500-s0075-0000000377909730-0270-s_lc.fits,1.499146953,2454966.06857,-2033.9314299998805,1.4421,3339.781628545988,3367.480531771548,3340.5103965051194
377909730,81,tess2024196212429-s0081-0000000377909730-0276-s_lc.fits,1.499146953,2454966.06857,-2033.9314299998805,1.4421,3506.554684224178,3533.179762854074,3506.9157082881193
377909730,82,tess2024223182411-s0082-0000000377909730-0278-s_lc.fits,1.499146953,2454966.06857,-2033.9314299998805,1.4421,3533.395039238606,3559.248738182272,3533.900353442119
377915723,74,tess2024003055635-s0074-0000000377915723-0269-s_lc.fits,7.5844126,2454970.8486,-2029.151399999857,3.81,3312.861159975085,3339.566372543171,3317.859483000143
377915723,75,tess2024030031500-s0075-0000000377915723-0270-s_lc.fits,7.5844126,2454970.8486,-2029.151399999857,3.81,3339.781649943822,3367.480542332281,3340.6127208001435
377915723,81,tess2024196212429-s0081-0000000377915723-0276-s_lc.fits,7.5844126,2454970.8486,-2029.151399999857,3.81,3506.554657568096,3533.17974363018,3507.469798000143
377915723,82,tess2024223182411-s0082-0000000377915723-0278-s_lc.fits,7.5844126,2454970.8486,-2029.151399999857,3.81,3533.395020085026,3559.248729921906,3537.8074484001436
378013798,74,tess2024003055635-s0074-0000000378013798-0269-s_lc.fits,18.5525701,2454968.51046,-2031.4895399999805,4.201,3312.860953314283,3339.566178745797,3330.2032189000192
378013798,75,tess2024030031500-s0075-0000000378013798-0270-s_lc.fits,18.5525701,2454968.51046,-2031.4895399999805,4.201,3339.78145602691,3367.480406583681,3348.75578900002
378160351,74,tess2024003055635-s0074-0000000378160351-0269-s_lc.fits,4.263742,2454966.72031,-2033.2796900002286,2.261,3312.861252095461,3339.566455959872,3313.4527779997707
378160351,75,tess2024030031500-s0075-0000000378160351-0270-s_lc.fits,4.263742,2454966.72031,-2033.2796900002286,2.261,3339.781733186132,3367.480597318264,3343.2989719997713
378160351,81,tess2024196212429-s0081-0000000378160351-0276-s_lc.fits,4.263742,2454966.72031,-2033.2796900002286,2.261,3506.554563145026,3533.179664811884,3509.5849099997713
378160351,82,tess2024223182411-s0082-0000000378160351-0278-s_lc.fits,4.263742,2454966.72031,-2033.2796900002286,2.261,3533.394941436231,3559.248681530385,3535.167361999771
380619414,45,tess2021310001228-s0045-0000000380619414-0216-s_lc.fits,2.6556777,2456847.47286,-152.52713999990374,2.59584,2526.278517266879,2550.623760447115,2527.051659300096
380619414,46,tess2021336043614-s0046-0000000380619414-0217-s_lc.fits,2.6556777,2456847.47286,-152.52713999990374,2.59584,2551.564118003664,2578.702924378767,2553.6084363000964
380619414,72,tess2023315124025-s0072-0000000380619414-0267-s_lc.fits,2.6556777,2456847.47286,-152.52713999990374,2.59584,3260.179847953636,3285.569688776714,3262.6743822000963
381856447,27,tess2020186164531-s0027-0000000381856447-0189-s_lc.fits,1.7690381,2456844.16526,-155.83473999984562,0.9768,2036.282208518369,2060.646306284331,2037.7725040001542
381856447,67,tess2023181235917-s0067-0000000381856447-0261-s_lc.fits,1.7690381,2456844.16526,-155.83473999984562,0.9768,3126.645480305674,3154.393066385425,3127.499973600154
381856447,94,tess2025180145000-s0094-0000000381856447-0291-s_lc.fits,1.7690381,2456844.16526,-155.83473999984562,0.9768,3856.498851599548,3881.635356299246,3858.1127089001543
381856447,95,tess2025206162959-s0095-0000000381856447-0292-s_lc.fits,1.7690381,2456844.16526,-155.83473999984562,0.9768,3882.552023106264,3907.54606025341,3882.879242300154
382626661,1,tess2018206045859-s0001-0000000382626661-0120-s_lc.fits,17.61745,2459549.0822,2549.0822000000626,3.635468,1325.293146689389,1353.176048433493,1333.4781500000624
382626661,2,tess2018234235059-s0002-0000000382626661-0121-s_lc.fits,17.61745,2459549.0822,2549.0822000000626,3.635468,1354.106589567386,1381.513313847715,1368.7130500000624
382626661,3,tess2018263035959-s0003-0000000382626661-0123-s_lc.fits,17.61745,2459549.0822,2549.0822000000626,3.635468,1382.032754382272,1409.382784090645,1386.3305000000626
382626661,4,tess2018292075959-s0004-0000000382626661-0124-s_lc.fits,17.61745,2459549.0822,2549.0822000000626,3.635468,1410.899454428219,1436.839999773728,1421.5654000000625
382626661,5,tess2018319095959-s0005-0000000382626661-0125-s_lc.fits,17.61745,2459549.0822,2549.0822000000626,3.635468,1437.988621807681,1464.287675788203,1439.1828500000624
382626661,6,tess2018349182500-s0006-0000000382626661-0126-s_lc.fits,17.61745,2459549.0822,2549.0822000000626,3.635468,1468.269698447839,1490.045128910533,1474.4177500000626
382626661,7,tess2019006130736-s0007-0000000382626661-0131-s_lc.fits,17.61745,2459549.0822,2549.0822000000626,3.635468,1491.632653827054,1516.087272402104,1492.0352000000626
382626661,8,tess2019032160000-s0008-0000000382626661-0136-s_lc.fits,17.61745,2459549.0822,2549.0822000000626,3.635468,1517.363676579969,1542.001504250801,1527.2701000000625
382626661,9,tess2019058134432-s0009-0000000382626661-0139-s_lc.fits,17.61745,2459549.0822,2549.0822000000626,3.635468,1543.23901096275,1568.476646147007,1544.8875500000624
382626661,10,tess2019085135100-s0010-0000000382626661-0140-s_lc.fits,17.61745,2459549.0822,2549.0822000000626,3.635468,1569.437754553628,1595.682102018398,1580.1224500000626
382626661,11,tess2019112060037-s0011-0000000382626661-0143-s_lc.fits,17.61745,2459549.0822,2549.0822000000626,3.635468,1596.777922256621,1623.892872661978,1597.7399000000623
382626661,12,tess2019140104343-s0012-0000000382626661-0144-s_lc.fits,17.61745,2459549.0822,2549.0822000000626,3.635468,1624.967851360446,1652.892351372947,1632.9748000000625
382626661,13,tess2019169103026-s0013-0000000382626661-0146-s_lc.fits,17.61745,2459549.0822,2549.0822000000626,3.635468,1653.920104747759,1682.357043158653,1668.2097000000626
382626661,27,tess2020186164531-s0027-0000000382626661-0189-s_lc.fits,17.61745,2459549.0822,2549.0822000000626,3.635468,2036.27794269741,2060.637203774509,2038.1761500000625
382626661,28,tess2020212050318-s0028-0000000382626661-0190-s_lc.fits,17.61745,2459549.0822,2549.0822000000626,3.635468,2061.849681392092,2087.096535050121,2073.4110500000625
382626661,29,tess2020238165205-s0029-0000000382626661-0193-s_lc.fits,17.61745,2459549.0822,2549.0822000000626,3.635468,2088.238187698092,2114.419942347014,2091.0285000000626
382626661,30,tess2020266004630-s0030-0000000382626661-0195-s_lc.fits,17.61745,2459549.0822,2549.0822000000626,3.635468,2115.883825832538,2143.221382398648,2126.2634000000626
382626661,31,tess2020294194027-s0031-0000000382626661-0198-s_lc.fits,17.61745,2459549.0822,2549.0822000000626,3.635468,2144.513057876061,2169.943894695494,2161.4983000000625
382626661,32,tess2020324010417-s0032-0000000382626661-0200-s_lc.fits,17.61745,2459549.0822,2549.0822000000626,3.635468,2174.227289240854,2200.219413929553,2179.1157500000627
382626661,33,tess2020351194500-s0033-0000000382626661-0203-s_lc.fits,17.61745,2459549.0822,2549.0822000000626,3.635468,2201.73194272281,2227.572727998949,2214.3506500000626
382626661,34,tess2021014023720-s0034-0000000382626661-0204-s_lc.fits,17.61745,2459549.0822,2549.0822000000626,3.635468,2228.765805711815,2254.06623991567,2231.968100000063
382626661,35,tess2021039152502-s0035-0000000382626661-0205-s_lc.fits,17.61745,2459549.0822,2549.0822000000626,3.635468,2254.995419572768,2279.980419085198,2267.2030000000627
382626661,36,tess2021065132309-s0036-0000000382626661-0207-s_lc.fits,17.61745,2459549.0822,2549.0822000000626,3.635468,2280.904036195707,2305.990217769044,2284.8204500000625
382626661,37,tess2021091135823-s0037-0000000382626661-0208-s_lc.fits,17.61745,2459549.0822,2549.0822000000626,3.635468,2307.256882895013,2332.580338893649,2320.0553500000624
382626661,38,tess2021118034608-s0038-0000000382626661-0209-s_lc.fits,17.61745,2459549.0822,2549.0822000000626,3.635468,2333.855326096241,2360.55217730183,2337.6728000000626
382626661,39,tess2021146024351-s0039-0000000382626661-0210-s_lc.fits,17.61745,2459549.0822,2549.0822000000626,3.635468,2361.771601475174,2389.718295840096,2372.9077000000625
382626661,61,tess2023018032328-s0061-0000000382626661-0250-s_lc.fits,17.61745,2459549.0822,2549.0822000000626,3.635468,2962.798877098571,2988.215961911198,2971.9010000000626
382626661,62,tess2023043185947-s0062-0000000382626661-0254-s_lc.fits,17.61745,2459549.0822,2549.0822000000626,3.635468,2988.440965660243,3014.153724169134,2989.518450000063
382626661,64,tess2023096110322-s0064-0000000382626661-0257-s_lc.fits,17.61745,2459549.0822,2549.0822000000626,3.635468,3041.114871372804,3068.032726028484,3042.3708000000624
382626661,65,tess2023124020739-s0065-0000000382626661-0259-s_lc.fits,17.61745,2459549.0822,2549.0822000000626,3.635468,3068.739668340515,3096.629526138462,3077.605700000063
382626661,68,tess2023209231226-s0068-0000000382626661-0262-s_lc.fits,17.61745,2459549.0822,2549.0822000000626,3.635468,3154.624241505053,3182.125216754584,3165.6929500000624
382626661,69,tess2023237165326-s0069-0000000382626661-0264-s_lc.fits,17.61745,2459549.0822,2549.0822000000626,3.635468,3182.352992509672,3208.137509973034,3183.3104000000626
382626661,87,tess2024353092137-s0087-0000000382626661-0284-s_lc.fits,17.61745,2459549.0822,2549.0822000000626,3.635468,3663.040545057405,3689.927181870989,3676.599000000063
382626661,88,tess2025014115807-s0088-0000000382626661-0285-s_lc.fits,17.61745,2459549.0822,2549.0822000000626,3.635468,3690.15218631192,3717.924875238415,3694.2164500000627
382626661,89,tess2025042113628-s0089-0000000382626661-0286-s_lc.fits,17.61745,2459549.0822,2549.0822000000626,3.635468,3718.138767116198,3746.945994382358,3729.451350000063
382626661,90,tess2025071122000-s0090-0000000382626661-0287-s_lc.fits,17.61745,2459549.0822,2549.0822000000626,3.635468,3747.159879333998,3775.077948505732,3764.6862500000625
382626661,95,tess2025206162959-s0095-0000000382626661-0292-s_lc.fits,17.61745,2459549.0822,2549.0822000000626,3.635468,3882.337381536691,3907.542536277513,3888.0084000000625
382626661,96,tess2025232030459-s0096-0000000382626661-0293-s_lc.fits,17.61745,2459549.0822,2549.0822000000626,3.635468,3907.773088668205,3933.432568081041,3923.243300000063
382626661,97,tess2025258001959-s0097-0000000382626661-0294-s_lc.fits,17.61745,2459549.0822,2549.0822000000626,3.635468,3933.658955761355,3988.284154923546,3940.8607500000626
382626661,98,tess2025312202959-s0098-0000000382626661-0298-s_lc.fits,17.61745,2459549.0822,2549.0822000000626,3.635468,3988.499435193874,4045.899052565465,3993.7131000000627
389900760,18,tess2019306063752-s0018-0000000389900760-0162-s_lc.fits,5.7998164,2458795.82368,1795.823679999914,1.014374,1790.659537136937,1815.017863387147,1795.823679999914
389900760,24,tess2020106103520-s0024-0000000389900760-0180-s_lc.fits,5.7998164,2458795.82368,1795.823679999914,1.014374,1955.791481146481,1982.277148200432,1958.218539199914
389900760,25,tess2020133194932-s0025-0000000389900760-0182-s_lc.fits,5.7998164,2458795.82368,1795.823679999914,1.014374,1983.636872620235,2009.302459933846,1987.217621199914
389900760,52,tess2022138205153-s0052-0000000389900760-0224-s_lc.fits,5.7998164,2458795.82368,1795.823679999914,1.014374,2718.63096928712,2743.073032451954,2723.794303999914
389900760,58,tess2022302161335-s0058-0000000389900760-0247-s_lc.fits,5.7998164,2458795.82368,1795.823679999914,1.014374,2882.33255833084,2910.052074683753,2886.189163199914
389900760,78,tess2024114025118-s0078-0000000389900760-0273-s_lc.fits,5.7998164,2458795.82368,1795.823679999914,1.014374,3434.267735418872,3452.319070765193,3437.171721199914
389900760,85,tess2024300212641-s0085-0000000389900760-0282-s_lc.fits,5.7998164,2458795.82368,1795.823679999914,1.014374,3610.558103933316,3636.048544924985,3611.1662131999137
389900760,86,tess2024326142117-s0086-0000000389900760-0283-s_lc.fits,5.7998164,2458795.82368,1795.823679999914,1.014374,3636.263820684343,3662.829893872173,3640.165295199914
392681545,59,tess2022330142927-s0059-0000000392681545-0248-s_lc.fits,7.501428,2458817.909,1817.908999999985,5.65,2910.275112775417,2936.69145763191,2913.1174879999853
392681545,86,tess2024326142117-s0086-0000000392681545-0283-s_lc.fits,7.501428,2458817.909,1817.908999999985,5.65,3636.264545070814,3662.831045229299,3640.7560039999853
393414358,6,tess2018349182500-s0006-0000000393414358-0126-s_lc.fits,4.37808,2458574.77102,1574.7710199998692,5.3900978,1468.272621325887,1490.047650976652,1469.6970999998691
393414358,7,tess2019006130736-s0007-0000000393414358-0131-s_lc.fits,4.37808,2458574.77102,1574.7710199998692,5.3900978,1491.633747510718,1516.088854158635,1495.965579999869
393414358,32,tess2020324010417-s0032-0000000393414358-0200-s_lc.fits,4.37808,2458574.77102,1574.7710199998692,5.3900978,2174.230137757422,2200.226474869555,2174.5679799998693
393414358,33,tess2020351194500-s0033-0000000393414358-0203-s_lc.fits,4.37808,2458574.77102,1574.7710199998692,5.3900978,2201.734823626704,2227.575034334163,2205.214539999869
393414358,87,tess2024353092137-s0087-0000000393414358-0284-s_lc.fits,4.37808,2458574.77102,1574.7710199998692,5.3900978,3663.043390273178,3689.940526798473,3663.1151799998693
393414358,98,tess2025312202959-s0098-0000000393414358-0298-s_lc.fits,4.37808,2458574.77102,1574.7710199998692,5.3900978,3988.502027913034,4045.901564995161,3991.471179999869
393818343,55,tess2022217014003-s0055-0000000393818343-0242-s_lc.fits,16.24921,2459811.2402,2811.2401999998838,4.1506,2797.105362984294,2824.268693060357,2811.2401999998838
394172692,40,tess2021175071901-s0040-0000000394172692-0211-s_lc.fits,3.881510019,2454968.1178,-2031.8821999998763,2.797,2390.655224692181,2418.856953175658,2393.039221660123
394172692,41,tess2021204101404-s0041-0000000394172692-0212-s_lc.fits,3.881510019,2454968.1178,-2031.8821999998763,2.797,2419.991674877363,2446.581708699971,2420.2097917931233
394172692,54,tess2022190063128-s0054-0000000394172692-0227-s_lc.fits,3.881510019,2454968.1178,-2031.8821999998763,2.797,2769.901126931783,2796.131746715781,2773.427203522124
394172692,55,tess2022217014003-s0055-0000000394172692-0242-s_lc.fits,3.881510019,2454968.1178,-2031.8821999998763,2.797,2797.102571790265,2824.265974066878,2800.597773655123
394172692,74,tess2024003055635-s0074-0000000394172692-0269-s_lc.fits,3.881510019,2454968.1178,-2031.8821999998763,2.797,3312.861176492324,3339.566552320559,3312.9570961631234
394172692,75,tess2024030031500-s0075-0000000394172692-0270-s_lc.fits,3.881510019,2454968.1178,-2031.8821999998763,2.797,3339.781830898402,3367.480851365134,3340.1276662961236
394172692,80,tess2024170053053-s0080-0000000394172692-0275-s_lc.fits,3.881510019,2454968.1178,-2031.8821999998763,2.797,3479.890232256132,3506.339298413592,3483.7435369991235
394172692,82,tess2024223182411-s0082-0000000394172692-0278-s_lc.fits,3.881510019,2454968.1178,-2031.8821999998763,2.797,3533.394792738475,3559.248403160862,3534.2031672461235
394174221,74,tess2024003055635-s0074-0000000394174221-0269-s_lc.fits,23.44971004,2455015.92292,-1984.077080000192,8.6525,3312.86110724267,3339.566486430418,3315.557389039808
394174221,75,tess2024030031500-s0075-0000000394174221-0270-s_lc.fits,23.44971004,2455015.92292,-1984.077080000192,8.6525,3339.781765116061,3367.480804252319,3362.456809119808
394174221,80,tess2024170053053-s0080-0000000394174221-0275-s_lc.fits,23.44971004,2455015.92292,-1984.077080000192,8.6525,3479.890299116478,3506.33937059016,3503.1550693598083
394174221,82,tess2024223182411-s0082-0000000394174221-0278-s_lc.fits,23.44971004,2455015.92292,-1984.077080000192,8.6525,3533.394855979469,3559.248445681325,3550.054489439808
394174412,74,tess2024003055635-s0074-0000000394174412-0269-s_lc.fits,52.0688601,2455011.15605,-1988.843950000126,3.0436,3312.861097710118,3339.566480969841,3322.1797801998746
394287035,27,tess2020186164531-s0027-0000000394287035-0189-s_lc.fits,17.10197,2458330.4894,1330.4893999998458,3.357,2036.280048770314,2060.643872156655,2048.772139999846
394287035,28,tess2020212050318-s0028-0000000394287035-0190-s_lc.fits,17.10197,2458330.4894,1330.4893999998458,3.357,2061.852195284079,2087.098994237733,2065.874109999846
394287035,39,tess2021146024351-s0039-0000000394287035-0210-s_lc.fits,17.10197,2458330.4894,1330.4893999998458,3.357,2361.772356037096,2389.720073496682,2373.709569999846
394287035,66,tess2023153011303-s0066-0000000394287035-0260-s_lc.fits,17.10197,2458330.4894,1330.4893999998458,3.357,3097.674933900848,3126.429530488359,3109.0942799998456
394287035,67,tess2023181235917-s0067-0000000394287035-0261-s_lc.fits,17.10197,2458330.4894,1330.4893999998458,3.357,3126.643422001697,3154.386461028704,3143.298219999846
394287035,68,tess2023209231226-s0068-0000000394287035-0262-s_lc.fits,17.10197,2458330.4894,1330.4893999998458,3.357,3154.625349170365,3182.130473000205,3160.4001899998457
394287035,93,tess2025154050500-s0093-0000000394287035-0290-s_lc.fits,17.10197,2458330.4894,1330.4893999998458,3.357,3829.875572002544,3856.035682094418,3844.478989999846
394287035,95,tess2025206162959-s0095-0000000394287035-0292-s_lc.fits,17.10197,2458330.4894,1330.4893999998458,3.357,3882.539861513777,3907.543683439626,3895.784899999846
397362481,63,tess2023069172124-s0063-0000000397362481-0255-s_lc.fits,4.46569,2460014.8496,3014.8495999998413,1.77,3014.371733380503,3040.904189745498,3014.8495999998413
397362481,64,tess2023096110322-s0064-0000000397362481-0257-s_lc.fits,4.46569,2460014.8496,3014.8495999998413,1.77,3041.118079497225,3068.03574681248,3041.6437399998413
397362481,90,tess2025071122000-s0090-0000000397362481-0287-s_lc.fits,4.46569,2460014.8496,3014.8495999998413,1.77,3747.162674359067,3775.081162790804,3747.2227599998414
397362481,99,tess2026005125623-s0099-0000000397362481-0300-s_lc.fits,4.46569,2460014.8496,3014.8495999998413,1.77,4046.114012055522,4073.779910558293,4046.423989999841
397362481,100,tess2026033082000-s0100-0000000397362481-0302-s_lc.fits,4.46569,2460014.8496,3014.8495999998413,1.77,4073.995215496143,4100.468963417779,4077.6838199998415
398943781,10,tess2019085135100-s0010-0000000398943781-0140-s_lc.fits,3.0524,2457077.22944,77.22943999990821,2.6376,1569.441626765821,1595.68626163988,1569.853039999908
398943781,37,tess2021091135823-s0037-0000000398943781-0208-s_lc.fits,3.0524,2457077.22944,77.22943999990821,2.6376,2307.269274351345,2332.584467744768,2308.533839999908
398943781,64,tess2023096110322-s0064-0000000398943781-0257-s_lc.fits,3.0524,2457077.22944,77.22943999990821,2.6376,3041.119012627492,3068.036799800704,3044.1622399999083
398943781,101,tess2026060005000-s0101-0000000398943781-0303-s_lc.fits,3.0524,2457077.22944,77.22943999990821,2.6376,4100.684720210333,4126.810890843378,4103.345039999908
399702475,30,tess2020266004630-s0030-0000000399702475-0195-s_lc.fits,4.194766,2457394.4158,394.41580000007525,1.272,2115.890391659839,2142.491967484815,2118.4646260000754
399702475,42,tess2021232031932-s0042-0000000399702475-0213-s_lc.fits,4.194766,2457394.4158,394.41580000007525,1.272,2447.693978520414,2472.888521515569,2449.8511400000752
399702475,43,tess2021258175143-s0043-0000000399702475-0214-s_lc.fits,4.194766,2457394.4158,394.41580000007525,1.272,2474.174687099563,2498.81963289438,2475.0197360000757
399702475,70,tess2023263165758-s0070-0000000399702475-0265-s_lc.fits,4.194766,2457394.4158,394.41580000007525,1.272,3208.373104006762,3233.813734748613,3209.1037860000756
399702475,97,tess2025258001959-s0097-0000000399702475-0294-s_lc.fits,4.194766,2457394.4158,394.41580000007525,1.272,3933.665166644393,3988.290065423447,3934.7983040000754
399722652,30,tess2020266004630-s0030-0000000399722652-0195-s_lc.fits,4.19097,2457430.039,430.03899999987334,1.944,2115.890382042071,2142.491972054349,2118.999909999873
399722652,42,tess2021232031932-s0042-0000000399722652-0213-s_lc.fits,4.19097,2457430.039,430.03899999987334,1.944,2447.693954203116,2472.888507764591,2450.0865399998734
399722652,43,tess2021258175143-s0043-0000000399722652-0214-s_lc.fits,4.19097,2457430.039,430.03899999987334,1.944,2474.174673940906,2498.819632610326,2475.2323599998736
399722652,70,tess2023263165758-s0070-0000000399722652-0265-s_lc.fits,4.19097,2457430.039,430.03899999987334,1.944,3208.37309249189,3233.813736675519,3208.6521099998736
399722652,97,tess2025258001959-s0097-0000000399722652-0294-s_lc.fits,4.19097,2457430.039,430.03899999987334,1.944,3933.665152461282,3988.290079598176,3933.6899199998734
399731211,30,tess2020266004630-s0030-0000000399731211-0195-s_lc.fits,0.669561,2457432.6479,432.6479000002146,1.2912,2115.890369484117,2142.491987592535,2115.924254000214
399731211,42,tess2021232031932-s0042-0000000399731211-0213-s_lc.fits,0.669561,2457432.6479,432.6479000002146,1.2912,2447.693910635845,2472.888486726014,2448.0265100002143
399731211,43,tess2021258175143-s0043-0000000399731211-0214-s_lc.fits,0.669561,2457432.6479,432.6479000002146,1.2912,2474.174654120499,2498.819638693725,2474.8089500002143
399731211,70,tess2023263165758-s0070-0000000399731211-0265-s_lc.fits,0.669561,2457432.6479,432.6479000002146,1.2912,3208.373076056841,3233.813747084912,3208.6478060002146
399731211,97,tess2025258001959-s0097-0000000399731211-0294-s_lc.fits,0.669561,2457432.6479,432.6479000002146,1.2912,3933.665130565422,3988.290113345116,3933.782369000214
399794186,74,tess2024003055635-s0074-0000000399794186-0269-s_lc.fits,51.1309704,2454970.17952,-2029.8204800002277,5.995,3312.860911598387,3339.566469027772,3338.9314119997725
399794186,80,tess2024170053053-s0080-0000000399794186-0275-s_lc.fits,51.1309704,2454970.17952,-2029.8204800002277,5.995,3479.890592017428,3506.339512612662,3492.324323199772
399794420,40,tess2021175071901-s0040-0000000399794420-0211-s_lc.fits,1.594745463,2455003.64832,-1996.351679999847,1.9561,2390.655531420244,2418.857090559242,2390.7930887131533
399794420,41,tess2021204101404-s0041-0000000399794420-0212-s_lc.fits,1.594745463,2455003.64832,-1996.351679999847,1.9561,2419.991804102095,2446.5816498334,2421.0932525101525
399794420,53,tess2022164095748-s0053-0000000399794420-0226-s_lc.fits,1.594745463,2455003.64832,-1996.351679999847,1.9561,2743.998176380861,2768.981917299728,2744.826581499153
399794420,54,tess2022190063128-s0054-0000000399794420-0227-s_lc.fits,1.594745463,2455003.64832,-1996.351679999847,1.9561,2769.901357107178,2796.131801209746,2770.3425089071534
399794420,74,tess2024003055635-s0074-0000000399794420-0269-s_lc.fits,1.594745463,2455003.64832,-1996.351679999847,1.9561,3312.860930907498,3339.566486236751,3314.150711790153
399794420,80,tess2024170053053-s0080-0000000399794420-0275-s_lc.fits,1.594745463,2455003.64832,-1996.351679999847,1.9561,3479.89057266082,3506.339492916587,3480.0042399421527
399794420,81,tess2024196212429-s0081-0000000399794420-0276-s_lc.fits,1.594745463,2455003.64832,-1996.351679999847,1.9561,3506.554771697672,3533.179526202632,3507.114912813153
399822422,40,tess2021175071901-s0040-0000000399822422-0211-s_lc.fits,2.75564,2455003.84454,-1996.1554600000381,1.948,2390.65527471631,2418.856849172305,2390.8234199999624
399822422,41,tess2021204101404-s0041-0000000399822422-0212-s_lc.fits,2.75564,2455003.84454,-1996.1554600000381,1.948,2419.991564472098,2446.581475735683,2421.135459999962
399822422,53,tess2022164095748-s0053-0000000399822422-0226-s_lc.fits,2.75564,2455003.84454,-1996.1554600000381,1.948,2743.997929860008,2768.981660051902,2746.300979999962
399822422,54,tess2022190063128-s0054-0000000399822422-0227-s_lc.fits,2.75564,2455003.84454,-1996.1554600000381,1.948,2769.901100066804,2796.131582525892,2771.101739999962
399822422,75,tess2024030031500-s0075-0000000399822422-0270-s_lc.fits,2.75564,2455003.84454,-1996.1554600000381,1.948,3339.781984186414,3367.481122745082,3341.519219999962
399822422,80,tess2024170053053-s0080-0000000399822422-0275-s_lc.fits,2.75564,2455003.84454,-1996.1554600000381,1.948,3479.890318612319,3506.339239131185,3482.0568599999624
399822422,81,tess2024196212429-s0081-0000000399822422-0276-s_lc.fits,2.75564,2455003.84454,-1996.1554600000381,1.948,3506.55451806524,3533.179322580593,3506.8576199999625
399826020,80,tess2024170053053-s0080-0000000399826020-0275-s_lc.fits,106.247547,2454968.7451,-2031.2549000000581,13.668,3479.889593346542,3506.338544033391,3493.6175439999415
399860218,40,tess2021175071901-s0040-0000000399860218-0211-s_lc.fits,3.410493,2454964.57549,-2035.424509999808,2.389,2390.654580674471,2418.856230380166,2391.3954040001927
399860218,41,tess2021204101404-s0041-0000000399860218-0212-s_lc.fits,3.410493,2454964.57549,-2035.424509999808,2.389,2419.99095183053,2446.581064840121,2422.089841000193
399860218,54,tess2022190063128-s0054-0000000399860218-0227-s_lc.fits,3.410493,2454964.57549,-2035.424509999808,2.389,2769.900422758366,2796.131038012645,2769.960127000192
399860218,55,tess2022217014003-s0055-0000000399860218-0242-s_lc.fits,3.410493,2454964.57549,-2035.424509999808,2.389,2797.101865345099,2824.265411922695,2797.244071000192
399860218,74,tess2024003055635-s0074-0000000399860218-0269-s_lc.fits,3.410493,2454964.57549,-2035.424509999808,2.389,3312.861846423036,3339.567251614591,3315.6390070001926
399860218,75,tess2024030031500-s0075-0000000399860218-0270-s_lc.fits,3.410493,2454964.57549,-2035.424509999808,2.389,3339.782529610008,3367.481419439891,3342.9229510001924
399860218,80,tess2024170053053-s0080-0000000399860218-0275-s_lc.fits,3.410493,2454964.57549,-2035.424509999808,2.389,3479.889623647821,3506.338577529106,3482.7531640001926
399860218,81,tess2024196212429-s0081-0000000399860218-0276-s_lc.fits,3.410493,2454964.57549,-2035.424509999808,2.389,3506.553857356813,3533.178824977831,3506.626615000192
399860218,82,tess2024223182411-s0082-0000000399860218-0278-s_lc.fits,3.410493,2454964.57549,-2035.424509999808,2.389,3533.394101480736,3559.247873007725,3533.9105590001927
399860444,26,tess2020160202036-s0026-0000000399860444-0188-s_lc.fits,2.47063,2454955.76336,-2044.2366399997845,1.74259,2010.268305762142,2035.136796811402,2012.537820000215
399860444,40,tess2021175071901-s0040-0000000399860444-0211-s_lc.fits,2.47063,2454955.76336,-2044.2366399997845,1.74259,2390.654555893142,2418.856208068122,2393.0148400002154
399860444,41,tess2021204101404-s0041-0000000399860444-0212-s_lc.fits,2.47063,2454955.76336,-2044.2366399997845,1.74259,2419.990929730478,2446.581049784826,2420.191770000215
399860444,54,tess2022190063128-s0054-0000000399860444-0227-s_lc.fits,2.47063,2454955.76336,-2044.2366399997845,1.74259,2769.900398447355,2796.131018256267,2771.021230000215
399860444,55,tess2022217014003-s0055-0000000399860444-0242-s_lc.fits,2.47063,2454955.76336,-2044.2366399997845,1.74259,2797.101845824462,2824.265401220518,2798.1981600002155
399860444,74,tess2024003055635-s0074-0000000399860444-0269-s_lc.fits,2.47063,2454955.76336,-2044.2366399997845,1.74259,3312.861870251739,3339.567271426384,3314.559830000215
399860444,75,tess2024030031500-s0075-0000000399860444-0270-s_lc.fits,2.47063,2454955.76336,-2044.2366399997845,1.74259,3339.782549364175,3367.481430458717,3341.7367600002153
399860444,80,tess2024170053053-s0080-0000000399860444-0275-s_lc.fits,2.47063,2454955.76336,-2044.2366399997845,1.74259,3479.889598876503,3506.338553740217,3480.092040000215
399860444,81,tess2024196212429-s0081-0000000399860444-0276-s_lc.fits,2.47063,2454955.76336,-2044.2366399997845,1.74259,3506.553833590043,3533.178806856855,3507.2689700002156
399860444,82,tess2024223182411-s0082-0000000399860444-0278-s_lc.fits,2.47063,2454955.76336,-2044.2366399997845,1.74259,3533.394083415639,3559.247863892405,3534.4459000002153
399954349,14,tess2019198215352-s0014-0000000399954349-0150-s_lc.fits,3.005156,2455135.3874,-1864.6126000001095,1.9686,1683.355114758811,1710.206454233717,1684.4766359998903
399954349,26,tess2020160202036-s0026-0000000399954349-0188-s_lc.fits,3.005156,2455135.3874,-1864.6126000001095,1.9686,2010.268263747503,2035.13677378806,2012.0386399998906
399954349,40,tess2021175071901-s0040-0000000399954349-0211-s_lc.fits,3.005156,2455135.3874,-1864.6126000001095,1.9686,2390.654524587199,2418.856201786002,2390.68829599989
399954349,41,tess2021204101404-s0041-0000000399954349-0212-s_lc.fits,3.005156,2455135.3874,-1864.6126000001095,1.9686,2419.990924593768,2446.581069469842,2420.73985599989
399954349,53,tess2022164095748-s0053-0000000399954349-0226-s_lc.fits,3.005156,2455135.3874,-1864.6126000001095,1.9686,2743.997183113085,2768.980935022956,2745.2967039998903
399954349,54,tess2022190063128-s0054-0000000399954349-0227-s_lc.fits,3.005156,2455135.3874,-1864.6126000001095,1.9686,2769.900378861408,2796.131023255257,2772.34310799989
399954349,55,tess2022217014003-s0055-0000000399954349-0242-s_lc.fits,3.005156,2455135.3874,-1864.6126000001095,1.9686,2797.101851780037,2824.265431324007,2799.3895119998906
399954349,74,tess2024003055635-s0074-0000000399954349-0269-s_lc.fits,3.005156,2455135.3874,-1864.6126000001095,1.9686,3312.861892598242,3339.567268209828,3313.2711879998906
399954349,75,tess2024030031500-s0075-0000000399954349-0270-s_lc.fits,3.005156,2455135.3874,-1864.6126000001095,1.9686,3339.782545933299,3367.481401228576,3340.3175919998903
399954349,80,tess2024170053053-s0080-0000000399954349-0275-s_lc.fits,3.005156,2455135.3874,-1864.6126000001095,1.9686,3479.889562239786,3506.338539456523,3481.55992399989
399954349,81,tess2024196212429-s0081-0000000399954349-0276-s_lc.fits,3.005156,2455135.3874,-1864.6126000001095,1.9686,3506.553819495523,3533.178817926555,3508.6063279998907
399954349,82,tess2024223182411-s0082-0000000399954349-0278-s_lc.fits,3.005156,2455135.3874,-1864.6126000001095,1.9686,3533.394094679637,3559.247897413499,3535.6527319998904
401125028,62,tess2023043185947-s0062-0000000401125028-0254-s_lc.fits,5.1750073,2459752.59549,2752.5954900002107,2.025,2988.442749603714,3014.155419241381,2990.645825800211
401125028,63,tess2023069172124-s0063-0000000401125028-0255-s_lc.fits,5.1750073,2459752.59549,2752.5954900002107,2.025,3014.37069617296,3040.902239566161,3016.520862300211
401125028,89,tess2025042113628-s0089-0000000401125028-0286-s_lc.fits,5.1750073,2459752.59549,2752.5954900002107,2.025,3718.140540074952,3746.947655924198,3720.3218551002105
401125028,90,tess2025071122000-s0090-0000000401125028-0287-s_lc.fits,5.1750073,2459752.59549,2752.5954900002107,2.025,3747.161543923807,3775.079112603721,3751.371898900211
402828941,81,tess2024196212429-s0081-0000000402828941-0276-s_lc.fits,4.1509768,2459716.931,2716.930999999866,2.3592,3506.556280638587,3533.181550860862,3509.767568799866
402898317,16,tess2019253231442-s0016-0000000402898317-0152-s_lc.fits,53.81149,2458751.6122,1751.6121999998577,4.68,1738.654077850746,1763.321012744009,1751.6121999998577
402898317,18,tess2019306063752-s0018-0000000402898317-0162-s_lc.fits,53.81149,2458751.6122,1751.6121999998577,4.68,1790.657184122015,1815.016727184014,1805.4236899998577
402898317,20,tess2019357164649-s0020-0000000402898317-0165-s_lc.fits,53.81149,2458751.6122,1751.6121999998577,4.68,1842.50380468964,1868.822696539823,1859.2351799998578
402898317,22,tess2020049080258-s0022-0000000402898317-0174-s_lc.fits,53.81149,2458751.6122,1751.6121999998577,4.68,1899.320652103522,1926.492404407119,1913.0466699998576
402898317,24,tess2020106103520-s0024-0000000402898317-0180-s_lc.fits,53.81149,2458751.6122,1751.6121999998577,4.68,1955.793527605058,1982.279661008312,1966.8581599998577
402898317,40,tess2021175071901-s0040-0000000402898317-0211-s_lc.fits,53.81149,2458751.6122,1751.6121999998577,4.68,2390.652243008725,2418.854180338016,2397.350079999858
402898317,48,tess2022027120115-s0048-0000000402898317-0219-s_lc.fits,53.81149,2458751.6122,1751.6121999998577,4.68,2607.933287419515,2635.985477164109,2612.5960399998576
402898317,50,tess2022085151738-s0050-0000000402898317-0222-s_lc.fits,53.81149,2458751.6122,1751.6121999998577,4.68,2665.26974822903,2691.508462668643,2666.4075299998576
402898317,52,tess2022138205153-s0052-0000000402898317-0224-s_lc.fits,53.81149,2458751.6122,1751.6121999998577,4.68,2718.633534210462,2743.075479670441,2720.2190199998577
402898317,56,tess2022244194134-s0056-0000000402898317-0243-s_lc.fits,53.81149,2458751.6122,1751.6121999998577,4.68,2825.257594318308,2853.139908272825,2827.8419999998578
402898317,57,tess2022273165103-s0057-0000000402898317-0245-s_lc.fits,53.81149,2458751.6122,1751.6121999998577,4.68,2853.35518248565,2882.116409817611,2881.653489999858
402898317,59,tess2022330142927-s0059-0000000402898317-0248-s_lc.fits,53.81149,2458751.6122,1751.6121999998577,4.68,2910.264847131439,2936.688056362462,2935.464979999858
402898317,73,tess2023341045131-s0073-0000000402898317-0268-s_lc.fits,53.81149,2458751.6122,1751.6121999998577,4.68,3285.799269125711,3312.650178092777,3312.1454099998577
402898317,75,tess2024030031500-s0075-0000000402898317-0270-s_lc.fits,53.81149,2458751.6122,1751.6121999998577,4.68,3339.784304383877,3367.482336711988,3365.9568999998573
402898317,77,tess2024085201119-s0077-0000000402898317-0272-s_lc.fits,53.81149,2458751.6122,1751.6121999998577,4.68,3395.484686098688,3423.547940752663,3419.7683899998574
402898317,79,tess2024142205832-s0079-0000000402898317-0274-s_lc.fits,53.81149,2458751.6122,1751.6121999998577,4.68,3452.536936928588,3479.673392640131,3473.5798799998574
402898317,83,tess2024249191853-s0083-0000000402898317-0280-s_lc.fits,53.81149,2458751.6122,1751.6121999998577,4.68,3559.42769593814,3584.376622833438,3581.2028599998575
402898317,85,tess2024300212641-s0085-0000000402898317-0282-s_lc.fits,53.81149,2458751.6122,1751.6121999998577,4.68,3610.555897500531,3636.046044390542,3635.0143499998576
404505029,23,tess2020078014623-s0023-0000000404505029-0177-s_lc.fits,9.5739181,2458933.33614,1933.3361399997957,4.3070829,1928.938931225671,1954.880810383425,1933.3361399997957
404505029,50,tess2022085151738-s0050-0000000404505029-0222-s_lc.fits,9.5739181,2458933.33614,1933.3361399997957,4.3070829,2665.276283255164,2691.515123986542,2670.527833699796
405685914,80,tess2024170053053-s0080-0000000405685914-0275-s_lc.fits,3.17060005,2454965.67726,-2034.322740000207,1.5778,3479.889712593783,3506.338643177685,3482.5213469997934
405685914,82,tess2024223182411-s0082-0000000405685914-0278-s_lc.fits,3.17060005,2454965.67726,-2034.322740000207,1.5778,3533.394130419722,3559.247861278416,3536.4215478497927
405688133,26,tess2020160202036-s0026-0000000405688133-0188-s_lc.fits,0.6693124,2454967.12007,-2032.879929999821,1.6015,2010.26830197748,2035.136770214808,2010.4362784001792
405688133,40,tess2021175071901-s0040-0000000405688133-0211-s_lc.fits,0.6693124,2454967.12007,-2032.879929999821,1.6015,2390.654537955752,2418.856167390164,2391.2750340001794
405688133,41,tess2021204101404-s0041-0000000405688133-0212-s_lc.fits,0.6693124,2454967.12007,-2032.879929999821,1.6015,2419.990888223643,2446.580995547161,2420.055467200179
405688133,53,tess2022164095748-s0053-0000000405688133-0226-s_lc.fits,0.6693124,2454967.12007,-2032.879929999821,1.6015,2743.997216717066,2768.980926209967,2744.002668800179
405688133,54,tess2022190063128-s0054-0000000405688133-0227-s_lc.fits,0.6693124,2454967.12007,-2032.879929999821,1.6015,2769.900368391014,2796.130970410035,2770.105852400179
405688133,55,tess2022217014003-s0055-0000000405688133-0242-s_lc.fits,0.6693124,2454967.12007,-2032.879929999821,1.6015,2797.101797411287,2824.265344624627,2797.547660800179
405688133,74,tess2024003055635-s0074-0000000405688133-0269-s_lc.fits,0.6693124,2454967.12007,-2032.879929999821,1.6015,3312.861896185813,3339.567317395768,3312.918208800179
405688133,75,tess2024030031500-s0075-0000000405688133-0270-s_lc.fits,0.6693124,2454967.12007,-2032.879929999821,1.6015,3339.782595449974,3367.481486754373,3340.3600172001798
405688133,80,tess2024170053053-s0080-0000000405688133-0275-s_lc.fits,0.6693124,2454967.12007,-2032.879929999821,1.6015,3479.889586927751,3506.338518861721,3480.2463088001796
405688133,81,tess2024196212429-s0081-0000000405688133-0276-s_lc.fits,0.6693124,2454967.12007,-2032.879929999821,1.6015,3506.553798546819,3533.178755708153,3507.018804800179
405688133,82,tess2024223182411-s0082-0000000405688133-0278-s_lc.fits,0.6693124,2454967.12007,-2032.879929999821,1.6015,3533.394032167985,3559.247806860306,3533.7913008001797
405717552,40,tess2021175071901-s0040-0000000405717552-0211-s_lc.fits,5.65179605,2455005.27893,-1994.7210699999705,2.9289,2390.654474933154,2418.856112854009,2391.072664800029
405717552,41,tess2021204101404-s0041-0000000405717552-0212-s_lc.fits,5.65179605,2455005.27893,-1994.7210699999705,2.9289,2419.990834315316,2446.580961158191,2424.9834411000293
405717552,53,tess2022164095748-s0053-0000000405717552-0226-s_lc.fits,5.65179605,2455005.27893,-1994.7210699999705,2.9289,2743.997154099593,2768.980865284241,2747.1358159500296
405717552,54,tess2022190063128-s0054-0000000405717552-0227-s_lc.fits,5.65179605,2455005.27893,-1994.7210699999705,2.9289,2769.900307685546,2796.13092318453,2775.3947962000293
405717552,55,tess2022217014003-s0055-0000000405717552-0242-s_lc.fits,5.65179605,2455005.27893,-1994.7210699999705,2.9289,2797.101750851911,2824.26532180152,2798.0019804000294
405717552,74,tess2024003055635-s0074-0000000405717552-0269-s_lc.fits,5.65179605,2455005.27893,-1994.7210699999705,2.9289,3312.861956002567,3339.567364933731,3317.9672170000294
405717552,75,tess2024030031500-s0075-0000000405717552-0270-s_lc.fits,5.65179605,2455005.27893,-1994.7210699999705,2.9289,3339.782637271264,3367.481504874434,3340.5744012000296
405717552,80,tess2024170053053-s0080-0000000405717552-0275-s_lc.fits,5.65179605,2455005.27893,-1994.7210699999705,2.9289,3479.889523393507,3506.338459952658,3481.869302450029
405717552,81,tess2024196212429-s0081-0000000405717552-0276-s_lc.fits,5.65179605,2455005.27893,-1994.7210699999705,2.9289,3506.553739709933,3533.178713044965,3510.1282827000296
405717552,82,tess2024223182411-s0082-0000000405717552-0278-s_lc.fits,5.65179605,2455005.27893,-1994.7210699999705,2.9289,3533.39398965893,3559.247788214064,3538.3872629500293
405719849,80,tess2024170053053-s0080-0000000405719849-0275-s_lc.fits,3.595769645,2455003.36964,-1996.6303599998355,3.3249,3479.889728280282,3506.338669717584,3483.3225789801645
405719849,82,tess2024223182411-s0082-0000000405719849-0278-s_lc.fits,3.595769645,2455003.36964,-1996.6303599998355,3.3249,3533.394162714963,3559.247892858866,3533.663354010164
406951266,74,tess2024003055635-s0074-0000000406951266-0269-s_lc.fits,33.2406882,2454976.46245,-2023.5375500000082,4.982,3312.862037329845,3339.56732158474,3328.213250199992
406951266,75,tess2024030031500-s0075-0000000406951266-0270-s_lc.fits,33.2406882,2454976.46245,-2023.5375500000082,4.982,3339.782598466062,3367.481346615238,3361.453938399992
406951266,76,tess2024058030222-s0076-0000000406951266-0271-s_lc.fits,33.2406882,2454976.46245,-2023.5375500000082,4.982,3367.696621856195,3394.776294958547,3394.6946265999923
406951266,80,tess2024170053053-s0080-0000000406951266-0275-s_lc.fits,33.2406882,2454976.46245,-2023.5375500000082,4.982,3479.889370591878,3506.338419613934,3494.416691199992
406951266,81,tess2024196212429-s0081-0000000406951266-0276-s_lc.fits,33.2406882,2454976.46245,-2023.5375500000082,4.982,3506.553700303929,3533.178794065954,3527.6573793999924
406951266,83,tess2024249191853-s0083-0000000406951266-0280-s_lc.fits,33.2406882,2454976.46245,-2023.5375500000082,4.982,3559.428523978037,3584.376583446358,3560.898067599992
406997913,40,tess2021175071901-s0040-0000000406997913-0211-s_lc.fits,19.96371318,2455011.30562,-1988.694379999768,2.4825,2390.654236352731,2418.856003080388,2403.322519600232
406997913,53,tess2022164095748-s0053-0000000406997913-0226-s_lc.fits,19.96371318,2455011.30562,-1988.694379999768,2.4825,2743.996874958003,2768.980681077483,2762.6693568402316
406997913,54,tess2022190063128-s0054-0000000406997913-0227-s_lc.fits,19.96371318,2455011.30562,-1988.694379999768,2.4825,2769.90012770513,2796.130877279291,2782.6330700202316
406997913,55,tess2022217014003-s0055-0000000406997913-0242-s_lc.fits,19.96371318,2455011.30562,-1988.694379999768,2.4825,2797.101710377097,2824.265428385684,2802.5967832002316
406997913,74,tess2024003055635-s0074-0000000406997913-0269-s_lc.fits,19.96371318,2455011.30562,-1988.694379999768,2.4825,3312.862142411782,3339.567414472754,3321.653325880232
406997913,75,tess2024030031500-s0075-0000000406997913-0270-s_lc.fits,19.96371318,2455011.30562,-1988.694379999768,2.4825,3339.782690671205,3367.481403585421,3341.617039060232
406997913,76,tess2024058030222-s0076-0000000406997913-0271-s_lc.fits,19.96371318,2455011.30562,-1988.694379999768,2.4825,3367.696684011499,3394.776308718838,3381.544465420232
406997913,80,tess2024170053053-s0080-0000000406997913-0275-s_lc.fits,19.96371318,2455011.30562,-1988.694379999768,2.4825,3479.889259976716,3506.338307268724,3481.363031320232
406997913,81,tess2024196212429-s0081-0000000406997913-0276-s_lc.fits,19.96371318,2455011.30562,-1988.694379999768,2.4825,3506.55358801099,3533.178702061063,3521.290457680232
406997913,82,tess2024223182411-s0082-0000000406997913-0278-s_lc.fits,19.96371318,2455011.30562,-1988.694379999768,2.4825,3533.393979805654,3559.247916811784,3541.254170860232
406997913,83,tess2024249191853-s0083-0000000406997913-0280-s_lc.fits,19.96371318,2455011.30562,-1988.694379999768,2.4825,3559.42846979206,3584.376575250602,3561.217884040232
407966340,5,tess2018319095959-s0005-0000000407966340-0125-s_lc.fits,3.04405,2458438.473,1438.473000000231,1.3514496,1437.993619695696,1464.011394978638,1438.473000000231
407966340,32,tess2020324010417-s0032-0000000407966340-0200-s_lc.fits,3.04405,2458438.473,1438.473000000231,1.3514496,2174.232216596016,2200.231677083765,2175.133100000231
407966340,43,tess2021258175143-s0043-0000000407966340-0214-s_lc.fits,3.04405,2458438.473,1438.473000000231,1.3514496,2474.168989773268,2498.88201112551,2476.4940500002313
407966340,44,tess2021284114741-s0044-0000000407966340-0215-s_lc.fits,3.04405,2458438.473,1438.473000000231,1.3514496,2500.193202353548,2524.445695134663,2500.846450000231
407966340,70,tess2023263165758-s0070-0000000407966340-0265-s_lc.fits,3.04405,2458438.473,1438.473000000231,1.3514496,3208.543962976372,3233.806923426119,3210.110100000231
407966340,71,tess2023289093419-s0071-0000000407966340-0266-s_lc.fits,3.04405,2458438.473,1438.473000000231,1.3514496,3234.550028441104,3259.867683256926,3237.506550000231
408618999,18,tess2019306063752-s0018-0000000408618999-0162-s_lc.fits,7.073076,2458792.795,1792.7949999999255,3.9825962,1790.659318941795,1815.034668680902,1792.7949999999255
408618999,19,tess2019331140908-s0019-0000000408618999-0164-s_lc.fits,7.073076,2458792.795,1792.7949999999255,3.9825962,1816.087451883849,1841.152364831031,1821.0873039999256
408618999,25,tess2020133194932-s0025-0000000408618999-0182-s_lc.fits,7.073076,2458792.795,1792.7949999999255,3.9825962,1983.628576636778,2009.302136620838,1983.7680519999255
408618999,52,tess2022138205153-s0052-0000000408618999-0224-s_lc.fits,7.073076,2458792.795,1792.7949999999255,3.9825962,2718.630942214038,2743.072667091314,2719.3679559999255
408618999,58,tess2022302161335-s0058-0000000408618999-0247-s_lc.fits,7.073076,2458792.795,1792.7949999999255,3.9825962,2882.332283422111,2910.052202837697,2889.121779999926
408618999,59,tess2022330142927-s0059-0000000408618999-0248-s_lc.fits,7.073076,2458792.795,1792.7949999999255,3.9825962,2910.267481055998,2936.690739785186,2910.3410079999258
408618999,79,tess2024142205832-s0079-0000000408618999-0274-s_lc.fits,7.073076,2458792.795,1792.7949999999255,3.9825962,3452.534270034272,3479.670582249961,3454.9678599999256
408618999,86,tess2024326142117-s0086-0000000408618999-0283-s_lc.fits,7.073076,2458792.795,1792.7949999999255,3.9825962,3636.263881519731,3662.830324992801,3638.867835999926
409594381,87,tess2024353092137-s0087-0000000409594381-0284-s_lc.fits,3.4913885,2459129.8346,2129.8346000001766,3.254,3663.044841555119,3689.94257871153,3666.0455400001765
410153553,1,tess2018206045859-s0001-0000000410153553-0120-s_lc.fits,0.462929709,2460178.83309,3178.8330899998546,0.5242,1325.297055163657,1353.18006141496,1325.7254648728544
410153553,27,tess2020186164531-s0027-0000000410153553-0189-s_lc.fits,0.462929709,2460178.83309,3178.8330899998546,0.5242,2036.281243439384,2060.645338063996,2036.3225681878546
410153553,28,tess2020212050318-s0028-0000000410153553-0190-s_lc.fits,0.462929709,2460178.83309,3178.8330899998546,0.5242,2061.853670638688,2087.10047857844,2062.2466318918546
410153553,67,tess2023181235917-s0067-0000000410153553-0261-s_lc.fits,0.462929709,2460178.83309,3178.8330899998546,0.5242,3126.644542747614,3154.394874708862,3126.9849625918546
410153553,68,tess2023209231226-s0068-0000000410153553-0262-s_lc.fits,0.462929709,2460178.83309,3178.8330899998546,0.5242,3154.624042388512,3182.133367189284,3154.7607451318545
410153553,94,tess2025180145000-s0094-0000000410153553-0291-s_lc.fits,0.462929709,2460178.83309,3178.8330899998546,0.5242,3856.502079824899,3881.581597774089,3856.5621839758546
410153553,95,tess2025206162959-s0095-0000000410153553-0292-s_lc.fits,0.462929709,2460178.83309,3178.8330899998546,0.5242,3882.555209559141,3907.545214637049,3882.949177388855
410153553,101,tess2026060005000-s0101-0000000410153553-0303-s_lc.fits,0.462929709,2460178.83309,3178.8330899998546,0.5242,4101.110059347821,4126.533360894927,4101.452000036855
410214986,1,tess2018206045859-s0001-0000000410214986-0120-s_lc.fits,8.138268,2458332.30997,1332.3099699998274,3.1764,1325.296721663563,1353.179919155437,1332.3099699998274
410214986,27,tess2020186164531-s0027-0000000410214986-0189-s_lc.fits,8.138268,2458332.30997,1332.3099699998274,3.1764,2036.280816831247,2060.645032777387,2040.3392859998276
410214986,28,tess2020212050318-s0028-0000000410214986-0190-s_lc.fits,8.138268,2458332.30997,1332.3099699998274,3.1764,2061.853373097423,2087.100362195714,2064.7540899998276
410214986,67,tess2023181235917-s0067-0000000410214986-0261-s_lc.fits,8.138268,2458332.30997,1332.3099699998274,3.1764,3126.644081407088,3154.39037408267,3130.8671979998276
410214986,68,tess2023209231226-s0068-0000000410214986-0262-s_lc.fits,8.138268,2458332.30997,1332.3099699998274,3.1764,3154.622321338934,3182.129062601252,3155.2820019998276
410214986,94,tess2025180145000-s0094-0000000410214986-0291-s_lc.fits,8.138268,2458332.30997,1332.3099699998274,3.1764,3856.496059941927,3881.99235662807,3863.3113179998277
410214986,95,tess2025206162959-s0095-0000000410214986-0292-s_lc.fits,8.138268,2458332.30997,1332.3099699998274,3.1764,3882.535416485466,3907.545036868044,3887.7261219998277
411697517,32,tess2020324010417-s0032-0000000411697517-0200-s_lc.fits,3.38628,2457823.2233,823.223300000187,3.09,2174.233347131167,2200.228064533014,2174.349020000187
411697517,43,tess2021258175143-s0043-0000000411697517-0214-s_lc.fits,3.38628,2457823.2233,823.223300000187,3.09,2474.175603843824,2498.882056552833,2475.727940000187
411697517,44,tess2021284114741-s0044-0000000411697517-0215-s_lc.fits,3.38628,2457823.2233,823.223300000187,3.09,2500.190505786957,2524.445005824037,2502.818180000187
411697517,71,tess2023289093419-s0071-0000000411697517-0266-s_lc.fits,3.38628,2457823.2233,823.223300000187,3.09,3234.041787818542,3259.957384424122,3234.254660000187
411697517,98,tess2025312202959-s0098-0000000411697517-0298-s_lc.fits,3.38628,2457823.2233,823.223300000187,3.09,3988.505091812097,4045.90394359308,3989.395100000187
411839167,32,tess2020324010417-s0032-0000000411839167-0200-s_lc.fits,6.180235,2457865.11032,865.110319999978,4.10808,2174.233326588054,2200.228068502776,2175.320139999978
411839167,43,tess2021258175143-s0043-0000000411839167-0214-s_lc.fits,6.180235,2457865.11032,865.110319999978,4.10808,2474.1755490969,2498.88200809449,2478.151654999978
411839167,44,tess2021284114741-s0044-0000000411839167-0215-s_lc.fits,6.180235,2457865.11032,865.110319999978,4.10808,2500.190457838745,2524.444972982809,2502.872594999978
411839167,71,tess2023289093419-s0071-0000000411839167-0266-s_lc.fits,6.180235,2457865.11032,865.110319999978,4.10808,3234.041741474999,3259.957355413424,3238.320559999978
411839167,98,tess2025312202959-s0098-0000000411839167-0298-s_lc.fits,6.180235,2457865.11032,865.110319999978,4.10808,3988.505060950396,4045.90396524959,3992.309229999978
416279912,83,tess2024249191853-s0083-0000000416279912-0280-s_lc.fits,282.52542,2455196.0677,-1803.9322999999858,10.81,3559.428438057942,3584.376532772747,3564.050680000014
416279965,74,tess2024003055635-s0074-0000000416279965-0269-s_lc.fits,31.8277111,2454967.59821,-2032.4017900000326,1.584,3312.862123894528,3339.567416087667,3314.653674799967
416279965,75,tess2024030031500-s0075-0000000416279965-0270-s_lc.fits,31.8277111,2454967.59821,-2032.4017900000326,1.584,3339.782692455852,3367.481425899211,3346.481385899967
416279965,76,tess2024058030222-s0076-0000000416279965-0271-s_lc.fits,31.8277111,2454967.59821,-2032.4017900000326,1.584,3367.696706472439,3394.776346354747,3378.3090969999666
416279965,80,tess2024170053053-s0080-0000000416279965-0275-s_lc.fits,31.8277111,2454967.59821,-2032.4017900000326,1.584,3479.889289690912,3506.33831949373,3505.6199413999675
416279965,82,tess2024223182411-s0082-0000000416279965-0278-s_lc.fits,31.8277111,2454967.59821,-2032.4017900000326,1.584,3533.393971833882,3559.247891065837,3537.4476524999673
416279965,83,tess2024249191853-s0083-0000000416279965-0280-s_lc.fits,31.8277111,2454967.59821,-2032.4017900000326,1.584,3559.428443939476,3584.37653694612,3569.275363599967
417047499,75,tess2024030031500-s0075-0000000417047499-0270-s_lc.fits,2.30458952,2460417.45562,3417.455620000139,3.65,3339.781668087245,3367.480206395475,3341.404165840139
417047499,81,tess2024196212429-s0081-0000000417047499-0276-s_lc.fits,2.30458952,2460417.45562,3417.455620000139,3.65,3506.554405198771,3533.179827722554,3507.3346112801387
417047499,82,tess2024223182411-s0082-0000000417047499-0278-s_lc.fits,2.30458952,2460417.45562,3417.455620000139,3.65,3533.395106819563,3559.249126504204,3534.9896855201387
417659078,82,tess2024223182411-s0082-0000000417659078-0278-s_lc.fits,394.62508,2455010.8377,-1989.1622999999672,24.01,3533.394284196679,3559.24812372244,3535.5888200000336
417659212,80,tess2024170053053-s0080-0000000417659212-0275-s_lc.fits,1.208465026,2454966.67538,-2033.3246200000867,1.5105,3479.889587318324,3506.338662463746,3480.901293637913
417659212,81,tess2024196212429-s0081-0000000417659212-0276-s_lc.fits,1.208465026,2454966.67538,-2033.3246200000867,1.5105,3506.553943221611,3533.179015521773,3507.4875242099133
417659212,82,tess2024223182411-s0082-0000000417659212-0278-s_lc.fits,1.208465026,2454966.67538,-2033.3246200000867,1.5105,3533.394292749713,3559.248129117242,3534.0737547819135
417659970,40,tess2021175071901-s0040-0000000417659970-0211-s_lc.fits,23.8990296,2454984.39964,-2015.6003600000404,15.722,2390.654612475179,2418.856392182562,2405.7201159999595
417659970,41,tess2021204101404-s0041-0000000417659970-0212-s_lc.fits,23.8990296,2454984.39964,-2015.6003600000404,15.722,2419.991118699903,2446.581319468835,2429.6191455999597
417659970,54,tess2022190063128-s0054-0000000417659970-0227-s_lc.fits,23.8990296,2454984.39964,-2015.6003600000404,15.722,2769.90052160196,2796.131245496181,2788.1045895999596
417659970,55,tess2022217014003-s0055-0000000417659970-0242-s_lc.fits,23.8990296,2454984.39964,-2015.6003600000404,15.722,2797.102076536346,2824.265690874644,2812.0036191999598
417659970,74,tess2024003055635-s0074-0000000417659970-0269-s_lc.fits,23.8990296,2454984.39964,-2015.6003600000404,15.722,3312.861768672852,3339.567054451973,3313.883240799959
417659970,75,tess2024030031500-s0075-0000000417659970-0270-s_lc.fits,23.8990296,2454984.39964,-2015.6003600000404,15.722,3339.782331663099,3367.481142943373,3361.6812999999593
417659970,80,tess2024170053053-s0080-0000000417659970-0275-s_lc.fits,23.8990296,2454984.39964,-2015.6003600000404,15.722,3479.889622958177,3506.338703934143,3481.1764479999592
417659970,81,tess2024196212429-s0081-0000000417659970-0276-s_lc.fits,23.8990296,2454984.39964,-2015.6003600000404,15.722,3506.553984714127,3533.179054719278,3528.9745071999596
417659970,82,tess2024223182411-s0082-0000000417659970-0278-s_lc.fits,23.8990296,2454984.39964,-2015.6003600000404,15.722,3533.394331906239,3559.24815852352,3552.873536799959
417660580,80,tess2024170053053-s0080-0000000417660580-0275-s_lc.fits,20.342199,2454970.69875,-2029.3012500000186,2.257,3479.889582787673,3506.338660073739,3483.4346789999818
417660580,81,tess2024196212429-s0081-0000000417660580-0276-s_lc.fits,20.342199,2454970.69875,-2029.3012500000186,2.257,3506.553940850231,3533.179015760192,3524.119076999981
417660580,82,tess2024223182411-s0082-0000000417660580-0278-s_lc.fits,20.342199,2454970.69875,-2029.3012500000186,2.257,3533.394293008853,3559.248131859521,3544.461275999982
417676622,14,tess2019198215352-s0014-0000000417676622-0150-s_lc.fits,5.39875259,2455006.85878,-1993.1412200001068,3.43422,1683.355191992858,1710.206616743151,1683.4092937898931
417676622,15,tess2019226182529-s0015-0000000417676622-0151-s_lc.fits,5.39875259,2455006.85878,-1993.1412200001068,3.43422,1711.366332883099,1737.411792841799,1715.8018093298933
417676622,40,tess2021175071901-s0040-0000000417676622-0211-s_lc.fits,5.39875259,2455006.85878,-1993.1412200001068,3.43422,2390.654513021686,2418.856294828387,2396.044635669893
417676622,41,tess2021204101404-s0041-0000000417676622-0212-s_lc.fits,5.39875259,2455006.85878,-1993.1412200001068,3.43422,2419.991021883333,2446.581245247316,2423.038398619893
417676622,54,tess2022190063128-s0054-0000000417676622-0227-s_lc.fits,5.39875259,2455006.85878,-1993.1412200001068,3.43422,2769.90042006859,2796.131155526695,2773.9573169698933
417676622,55,tess2022217014003-s0055-0000000417676622-0242-s_lc.fits,5.39875259,2455006.85878,-1993.1412200001068,3.43422,2797.101987277227,2824.265632368611,2800.9510799198933
417676622,74,tess2024003055635-s0074-0000000417676622-0269-s_lc.fits,5.39875259,2455006.85878,-1993.1412200001068,3.43422,3312.861867070341,3339.567144036357,3313.832575969893
417676622,75,tess2024030031500-s0075-0000000417676622-0270-s_lc.fits,5.39875259,2455006.85878,-1993.1412200001068,3.43422,3339.782421065643,3367.481202555468,3340.826338919893
417676622,80,tess2024170053053-s0080-0000000417676622-0275-s_lc.fits,5.39875259,2455006.85878,-1993.1412200001068,3.43422,3479.889525451264,3506.338602841056,3481.193906259893
417676622,81,tess2024196212429-s0081-0000000417676622-0276-s_lc.fits,5.39875259,2455006.85878,-1993.1412200001068,3.43422,3506.553883652124,3533.178969883707,3508.187669209893
417676622,82,tess2024223182411-s0082-0000000417676622-0278-s_lc.fits,5.39875259,2455006.85878,-1993.1412200001068,3.43422,3533.394247249483,3559.248105878648,3535.181432159893
417676802,74,tess2024003055635-s0074-0000000417676802-0269-s_lc.fits,0.927859821,2454966.90604,-2033.093960000202,1.4398,3312.861881800605,3339.567159895849,3313.2343286017976
417676802,75,tess2024030031500-s0075-0000000417676802-0270-s_lc.fits,0.927859821,2454966.90604,-2033.093960000202,1.4398,3339.782436916287,3367.481215923673,3340.1422634107976
417676802,80,tess2024170053053-s0080-0000000417676802-0275-s_lc.fits,0.927859821,2454966.90604,-2033.093960000202,1.4398,3479.889512360361,3506.338586805894,3480.249096381798
417676802,81,tess2024196212429-s0081-0000000417676802-0276-s_lc.fits,0.927859821,2454966.90604,-2033.093960000202,1.4398,3506.553867602525,3533.178954031666,3507.157031190798
417676802,82,tess2024223182411-s0082-0000000417676802-0278-s_lc.fits,0.927859821,2454966.90604,-2033.093960000202,1.4398,3533.394231407919,3559.248093272266,3534.064965999798
417676990,40,tess2021175071901-s0040-0000000417676990-0211-s_lc.fits,2.886762645,2454964.66581,-2035.3341899998486,0.885,2390.654483700159,2418.8562632959,2392.959707430152
417676990,41,tess2021204101404-s0041-0000000417676990-0212-s_lc.fits,2.886762645,2454964.66581,-2035.3341899998486,0.885,2419.990990395317,2446.581218363525,2421.827333880152
417676990,54,tess2022190063128-s0054-0000000417676990-0227-s_lc.fits,2.886762645,2454964.66581,-2035.3341899998486,0.885,2769.900388692216,2796.13112512786,2771.125613925152
417676990,55,tess2022217014003-s0055-0000000417676990-0242-s_lc.fits,2.886762645,2454964.66581,-2035.3341899998486,0.885,2797.101957002491,2824.265609481475,2797.1064777301517
417676990,74,tess2024003055635-s0074-0000000417676990-0269-s_lc.fits,2.886762645,2454964.66581,-2035.3341899998486,0.885,3312.86189709199,3339.567174104572,3313.8369911851514
417676990,75,tess2024030031500-s0075-0000000417676990-0270-s_lc.fits,2.886762645,2454964.66581,-2035.3341899998486,0.885,3339.782451098933,3367.481225708613,3339.8178549901513
417676990,80,tess2024170053053-s0080-0000000417676990-0275-s_lc.fits,2.886762645,2454964.66581,-2035.3341899998486,0.885,3479.8894973819,3506.338570988078,3481.269224595152
417676990,81,tess2024196212429-s0081-0000000417676990-0276-s_lc.fits,2.886762645,2454964.66581,-2035.3341899998486,0.885,3506.553851787038,3533.178940476266,3507.250088400152
417676990,82,tess2024223182411-s0082-0000000417676990-0278-s_lc.fits,2.886762645,2454964.66581,-2035.3341899998486,0.885,3533.394217878828,3559.248084535995,3536.117714850152
417931300,14,tess2019198215352-s0014-0000000417931300-0150-s_lc.fits,7.768915,2458683.4258,1683.4257999998517,2.06,1683.350423303431,1710.201293180582,1683.4257999998517
417931300,15,tess2019226182529-s0015-0000000417931300-0151-s_lc.fits,7.768915,2458683.4258,1683.4257999998517,2.06,1711.361005763575,1737.4070056279,1714.5014599998517
417931300,21,tess2020020091053-s0021-0000000417931300-0167-s_lc.fits,7.768915,2458683.4258,1683.4257999998517,2.06,1870.436592658816,1897.784196906275,1877.6486749998517
417931300,22,tess2020049080258-s0022-0000000417931300-0174-s_lc.fits,7.768915,2458683.4258,1683.4257999998517,2.06,1899.321692282891,1926.496303794727,1900.9554199998518
417931300,41,tess2021204101404-s0041-0000000417931300-0212-s_lc.fits,7.768915,2458683.4258,1683.4257999998517,2.06,2419.986046182832,2446.575956288317,2421.472724999852
417931300,48,tess2022027120115-s0048-0000000417931300-0219-s_lc.fits,7.768915,2458683.4258,1683.4257999998517,2.06,2607.936439456777,2635.989407818592,2615.6955999998518
417931300,75,tess2024030031500-s0075-0000000417931300-0270-s_lc.fits,7.768915,2458683.4258,1683.4257999998517,2.06,3339.787506467002,3367.486267213946,3345.9736099998518
418761354,42,tess2021232031932-s0042-0000000418761354-0213-s_lc.fits,2.1748,2457394.0417,394.0416999999434,1.84,2447.694483888236,2472.267966720595,2449.227699999943
418761354,43,tess2021258175143-s0043-0000000418761354-0214-s_lc.fits,2.1748,2457394.0417,394.0416999999434,1.84,2474.172186071662,2498.815488722484,2475.325299999943
418761354,70,tess2023263165758-s0070-0000000418761354-0265-s_lc.fits,2.1748,2457394.0417,394.0416999999434,1.84,3208.376126719795,3233.808157914061,3210.4076999999434
420202798,64,tess2023096110322-s0064-0000000420202798-0257-s_lc.fits,7.479182,2459884.82079,2884.820789999794,3.528,3041.117190012592,3068.035645052588,3041.883611999794
420202798,65,tess2023124020739-s0065-0000000420202798-0259-s_lc.fits,7.479182,2459884.82079,2884.820789999794,3.528,3068.742590677652,3096.632426817809,3071.8003399997942
420202798,99,tess2026005125623-s0099-0000000420202798-0300-s_lc.fits,7.479182,2459884.82079,2884.820789999794,3.528,4046.112489269205,4073.778141428978,4051.573181999794
420202798,100,tess2026033082000-s0100-0000000420202798-0302-s_lc.fits,7.479182,2459884.82079,2884.820789999794,3.528,4073.993428258385,4100.46732957007,4074.010727999794
420202798,101,tess2026060005000-s0101-0000000420202798-0303-s_lc.fits,7.479182,2459884.82079,2884.820789999794,3.528,4100.688187853014,4126.80892552066,4103.927455999794
422349422,91,tess2025099153000-s0091-0000000422349422-0288-s_lc.fits,7.385655,2457223.79921,223.79920999985188,2.5872,3775.296484878122,3802.757321111096,3776.299264999852
422655579,4,tess2018292075959-s0004-0000000422655579-0124-s_lc.fits,2.90367,2458720.93288,1720.9328800002113,5.0469369,1410.906219939742,1436.83900633845,1413.1438600002114
422655579,42,tess2021232031932-s0042-0000000422655579-0213-s_lc.fits,2.90367,2458720.93288,1720.9328800002113,5.0469369,2447.693272459439,2472.899172736792,2449.7540500002115
422655579,43,tess2021258175143-s0043-0000000422655579-0214-s_lc.fits,2.90367,2458720.93288,1720.9328800002113,5.0469369,2474.174240731088,2498.819512092528,2475.8870800002114
422655579,70,tess2023263165758-s0070-0000000422655579-0265-s_lc.fits,2.90367,2458720.93288,1720.9328800002113,5.0469369,3208.372686552114,3233.809493994347,3210.515590000211
422655579,97,tess2025258001959-s0097-0000000422655579-0294-s_lc.fits,2.90367,2458720.93288,1720.9328800002113,5.0469369,3933.664694456397,3988.290334828991,3936.4330900002115
422685031,91,tess2025099153000-s0091-0000000422685031-0288-s_lc.fits,4.941907,2457993.5101,993.5101000000723,2.9,3775.295406544724,3802.758963500089,3775.803741000072
423275733,8,tess2019032160000-s0008-0000000423275733-0136-s_lc.fits,2.052868,2457007.7779,7.777900000102818,2.6808,1517.371499053758,1542.00506662264,1518.6887480001028
423275733,35,tess2021039152502-s0035-0000000423275733-0205-s_lc.fits,2.052868,2457007.7779,7.777900000102818,2.6808,2254.993575552837,2279.983835975302,2255.668360000103
423275733,62,tess2023043185947-s0062-0000000423275733-0254-s_lc.fits,2.052868,2457007.7779,7.777900000102818,2.6808,2988.444671167096,3014.157030943033,2988.542236000103
423275733,89,tess2025042113628-s0089-0000000423275733-0286-s_lc.fits,2.052868,2457007.7779,7.777900000102818,2.6808,3718.142456699531,3746.935325381067,3719.363244000103
423275733,99,tess2026005125623-s0099-0000000423275733-0300-s_lc.fits,2.052868,2457007.7779,7.777900000102818,2.6808,4046.117268407865,4073.78235867097,4047.822124000103
424865156,14,tess2019198215352-s0014-0000000424865156-0150-s_lc.fits,2.20474,2454954.35857,-2045.6414299998432,3.88216,1683.355301637464,1710.206743397201,1684.778650000157
424865156,15,tess2019226182529-s0015-0000000424865156-0151-s_lc.fits,2.20474,2454954.35857,-2045.6414299998432,3.88216,1711.366459790235,1737.411910564232,1713.440270000157
424865156,40,tess2021175071901-s0040-0000000424865156-0211-s_lc.fits,2.20474,2454954.35857,-2045.6414299998432,3.88216,2390.654589480359,2418.856409031585,2392.500190000157
424865156,41,tess2021204101404-s0041-0000000424865156-0212-s_lc.fits,2.20474,2454954.35857,-2045.6414299998432,3.88216,2419.991137253246,2446.581371854566,2421.161810000157
424865156,54,tess2022190063128-s0054-0000000424865156-0227-s_lc.fits,2.20474,2454954.35857,-2045.6414299998432,3.88216,2769.900518118115,2796.131278522276,2771.7154700001574
424865156,55,tess2022217014003-s0055-0000000424865156-0242-s_lc.fits,2.20474,2454954.35857,-2045.6414299998432,3.88216,2797.102110913093,2824.265755733113,2798.172350000157
424865156,74,tess2024003055635-s0074-0000000424865156-0269-s_lc.fits,2.20474,2454954.35857,-2045.6414299998432,3.88216,3312.861777481533,3339.567024405644,3314.0815100001573
424865156,75,tess2024030031500-s0075-0000000424865156-0270-s_lc.fits,2.20474,2454954.35857,-2045.6414299998432,3.88216,3339.782301321076,3367.481079183633,3340.538390000157
424865156,81,tess2024196212429-s0081-0000000424865156-0276-s_lc.fits,2.20474,2454954.35857,-2045.6414299998432,3.88216,3506.553989970046,3533.179096129605,3508.098630000157
424865156,82,tess2024223182411-s0082-0000000424865156-0278-s_lc.fits,2.20474,2454954.35857,-2045.6414299998432,3.88216,3533.394373581062,3559.248227277477,3534.5555100001575
424867045,74,tess2024003055635-s0074-0000000424867045-0269-s_lc.fits,5.248672631,2454968.51625,-2031.4837500001304,1.8418,3312.861881596529,3339.567113316216,3316.913660988869
424867045,75,tess2024030031500-s0075-0000000424867045-0270-s_lc.fits,5.248672631,2454968.51625,-2031.4837500001304,1.8418,3339.782389996722,3367.481131588223,3343.1570241438694
424867045,81,tess2024196212429-s0081-0000000424867045-0276-s_lc.fits,5.248672631,2454968.51625,-2031.4837500001304,1.8418,3506.553885244918,3533.179013932937,3511.1145483358696
424867045,82,tess2024223182411-s0082-0000000424867045-0278-s_lc.fits,5.248672631,2454968.51625,-2031.4837500001304,1.8418,3533.394291612335,3559.24818291998,3537.35791149087
425817867,67,tess2023181235917-s0067-0000000425817867-0261-s_lc.fits,3.7784022,2456502.72415,-497.27584999985993,2.82963,3126.646519837313,3154.400897823042,3129.99026200014
425817867,94,tess2025180145000-s0094-0000000425817867-0291-s_lc.fits,3.7784022,2456502.72415,-497.27584999985993,2.82963,3856.352668566748,3881.59460857758,3859.2218866001404
427685831,83,tess2024249191853-s0083-0000000427685831-0280-s_lc.fits,1.7497798,2455793.68143,-1206.3185700001195,1.8096,3559.432475829003,3584.380923922285,3560.081605199881
428679607,19,tess2019331140908-s0019-0000000428679607-0164-s_lc.fits,2.6800535,2458816.94479,1816.944790000096,1.9284255,1816.086349932438,1841.151649424124,1816.944790000096
428679607,20,tess2019357164649-s0020-0000000428679607-0165-s_lc.fits,2.6800535,2458816.94479,1816.944790000096,1.9284255,1842.505805402166,1868.824698940472,1843.745325000096
428679607,25,tess2020133194932-s0025-0000000428679607-0182-s_lc.fits,2.6800535,2458816.94479,1816.944790000096,1.9284255,1983.62980365599,2009.303087482185,1985.788160500096
428679607,26,tess2020160202036-s0026-0000000428679607-0188-s_lc.fits,2.6800535,2458816.94479,1816.944790000096,1.9284255,2010.264197921799,2035.13244267675,2012.588695500096
428679607,52,tess2022138205153-s0052-0000000428679607-0224-s_lc.fits,2.6800535,2458816.94479,1816.944790000096,1.9284255,2718.632145398425,2743.073577023875,2720.122819500096
428679607,53,tess2022164095748-s0053-0000000428679607-0226-s_lc.fits,2.6800535,2458816.94479,1816.944790000096,1.9284255,2743.993019010381,2768.976608130887,2744.243301000096
428679607,59,tess2022330142927-s0059-0000000428679607-0248-s_lc.fits,2.6800535,2458816.94479,1816.944790000096,1.9284255,2910.26637406846,2936.690031373676,2910.406618000096
428679607,60,tess2022357055054-s0060-0000000428679607-0249-s_lc.fits,2.6800535,2458816.94479,1816.944790000096,1.9284255,2936.905306349433,2962.585358839495,2937.207153000096
428679607,73,tess2023341045131-s0073-0000000428679607-0268-s_lc.fits,2.6800535,2458816.94479,1816.944790000096,1.9284255,3285.801009300514,3312.652209400296,3288.294161500096
428679607,79,tess2024142205832-s0079-0000000428679607-0274-s_lc.fits,2.6800535,2458816.94479,1816.944790000096,1.9284255,3452.535447498323,3479.671395648609,3454.457478500096
428679607,86,tess2024326142117-s0086-0000000428679607-0283-s_lc.fits,2.6800535,2458816.94479,1816.944790000096,1.9284255,3636.262728854081,3662.829537911542,3636.701116500096
428787891,40,tess2021175071901-s0040-0000000428787891-0211-s_lc.fits,3.8240801,2459148.60166,2148.6016600001603,2.465,2390.650112710405,2418.851957581032,2393.3427864001605
428787891,52,tess2022138205153-s0052-0000000428787891-0224-s_lc.fits,3.8240801,2459148.60166,2148.6016600001603,2.465,2718.632230031433,2743.073550159876,2722.2136750001605
428787891,53,tess2022164095748-s0053-0000000428787891-0226-s_lc.fits,3.8240801,2459148.60166,2148.6016600001603,2.465,2743.99298763878,2768.976468481861,2745.15815560016
428787891,59,tess2022330142927-s0059-0000000428787891-0248-s_lc.fits,3.8240801,2459148.60166,2148.6016600001603,2.465,2910.266325035491,2936.690107182868,2913.4176800001605
428787891,60,tess2022357055054-s0060-0000000428787891-0249-s_lc.fits,3.8240801,2459148.60166,2148.6016600001603,2.465,2936.905383085756,2962.585541846942,2940.1862407001604
428787891,79,tess2024142205832-s0079-0000000428787891-0274-s_lc.fits,3.8240801,2459148.60166,2148.6016600001603,2.465,3452.535516398964,3479.671340032586,3452.6129741001605
428787891,86,tess2024326142117-s0086-0000000428787891-0283-s_lc.fits,3.8240801,2459148.60166,2148.6016600001603,2.465,3636.262657822806,3662.829592297055,3639.9928990001604
429358906,10,tess2019085135100-s0010-0000000429358906-0140-s_lc.fits,8.0240015,2458577.04189,1577.0418899999931,1.7082731,1569.442105735338,1595.686270479624,1577.0418899999931
429358906,36,tess2021065132309-s0036-0000000429358906-0207-s_lc.fits,8.0240015,2458577.04189,1577.0418899999931,1.7082731,2280.907995376061,2305.994637390274,2283.1540219999933
429358906,63,tess2023069172124-s0063-0000000429358906-0255-s_lc.fits,8.0240015,2458577.04189,1577.0418899999931,1.7082731,3014.699473826959,3040.277643958506,3021.3621599999933
429358906,90,tess2025071122000-s0090-0000000429358906-0287-s_lc.fits,8.0240015,2458577.04189,1577.0418899999931,1.7082731,3747.164012144946,3775.08234749426,3751.5462964999933
429358906,101,tess2026060005000-s0101-0000000429358906-0303-s_lc.fits,8.0240015,2458577.04189,1577.0418899999931,1.7082731,4100.685556123846,4126.811350094419,4104.602362499993
431701493,56,tess2022244194134-s0056-0000000431701493-0243-s_lc.fits,3.0927616,2454664.0373,-2335.962700000033,2.2271,2825.261310417453,2853.143618676059,2825.856410399968
431701493,83,tess2024249191853-s0083-0000000431701493-0280-s_lc.fits,3.0927616,2454664.0373,-2335.962700000033,2.2271,3559.431467217739,3584.380333174971,3561.9336711999676
432247186,91,tess2025099153000-s0091-0000000432247186-0288-s_lc.fits,20.978959,2457991.5363,991.5362999998033,4.4,3775.295726758106,3802.759042054354,3781.7378469998034
432247315,91,tess2025099153000-s0091-0000000432247315-0288-s_lc.fits,6.034,2457996.825,996.8250000001863,2.1528,3775.295727309914,3802.759042127463,3778.4990000001862
432261603,91,tess2025099153000-s0091-0000000432261603-0288-s_lc.fits,1.908084,2457990.2841,990.2840999998152,2.5,3775.295717425274,3802.7520942481,3776.086739999815
432549364,17,tess2019279210107-s0017-0000000432549364-0161-s_lc.fits,1.217514,2455914.1628,-1085.8371999999508,2.76456,1764.688435920531,1789.682538306187,1765.580588000049
432549364,57,tess2022273165103-s0057-0000000432549364-0245-s_lc.fits,1.217514,2455914.1628,-1085.8371999999508,2.76456,2853.358677302545,2882.119607919324,2854.0381040000493
432549364,84,tess2024274222008-s0084-0000000432549364-0281-s_lc.fits,1.217514,2455914.1628,-1085.8371999999508,2.76456,3584.594010224459,3610.345266359596,3585.764018000049
434094657,42,tess2021232031932-s0042-0000000434094657-0213-s_lc.fits,6.67199,2456982.685,-17.31499999994412,1.56,2447.696150269028,2473.16516982156,2451.321300000056
434094657,92,tess2025127075000-s0092-0000000434094657-0289-s_lc.fits,6.67199,2456982.685,-17.31499999994412,1.56,3802.975274301703,3829.634798882132,3805.735270000056
434133930,42,tess2021232031932-s0042-0000000434133930-0213-s_lc.fits,6.4215,2457071.4212,71.42120000021532,2.81,2447.690448979851,2473.147010349813,2453.797700000215
434133930,43,tess2021258175143-s0043-0000000434133930-0214-s_lc.fits,6.4215,2457071.4212,71.42120000021532,2.81,2474.169318973447,2498.88229304477,2479.4837000002153
434133930,44,tess2021284114741-s0044-0000000434133930-0215-s_lc.fits,6.4215,2457071.4212,71.42120000021532,2.81,2500.193480448331,2524.445874996801,2505.1697000002155
434133930,70,tess2023263165758-s0070-0000000434133930-0265-s_lc.fits,6.4215,2457071.4212,71.42120000021532,2.81,3208.549845041749,3233.80719201303,3211.5347000002153
434133930,71,tess2023289093419-s0071-0000000434133930-0266-s_lc.fits,6.4215,2457071.4212,71.42120000021532,2.81,3234.550294352791,3259.867839577092,3237.2207000002154
435339847,5,tess2018319095959-s0005-0000000435339847-0125-s_lc.fits,8.2000844,2457316.80766,316.8076599999331,2.544,1437.993731135893,1464.011295999072,1440.219222799933
435339847,42,tess2021232031932-s0042-0000000435339847-0213-s_lc.fits,8.2000844,2457316.80766,316.8076599999331,2.544,2447.690596268807,2473.147127496688,2448.829603999933
435339847,43,tess2021258175143-s0043-0000000435339847-0214-s_lc.fits,8.2000844,2457316.80766,316.8076599999331,2.544,2474.169434700055,2498.882357714878,2481.629941599933
435339847,44,tess2021284114741-s0044-0000000435339847-0215-s_lc.fits,8.2000844,2457316.80766,316.8076599999331,2.544,2500.193542356602,2524.445874856637,2506.230194799933
435339847,70,tess2023263165758-s0070-0000000435339847-0265-s_lc.fits,8.2000844,2457316.80766,316.8076599999331,2.544,3208.549954550149,3233.807246761759,3211.437453199933
435339847,71,tess2023289093419-s0071-0000000435339847-0266-s_lc.fits,8.2000844,2457316.80766,316.8076599999331,2.544,3234.550347576945,3259.867827329735,3236.037706399933
437704321,42,tess2021232031932-s0042-0000000437704321-0213-s_lc.fits,2.849271,2456983.4229,-16.577099999878556,2.006,2447.696131553636,2473.165052378989,2448.0423150001216
437704321,92,tess2025127075000-s0092-0000000437704321-0289-s_lc.fits,2.849271,2456983.4229,-16.577099999878556,2.006,3802.975516515538,3829.63503089717,3804.2953110001213
437856897,43,tess2021258175143-s0043-0000000437856897-0214-s_lc.fits,7.24599,2459549.126,2549.126000000164,2.854,2474.175051464949,2498.88158065212,2476.666100000164
437856897,44,tess2021284114741-s0044-0000000437856897-0215-s_lc.fits,7.24599,2459549.126,2549.126000000164,2.854,2500.190035419464,2524.444698368844,2505.650060000164
437856897,45,tess2021310001228-s0045-0000000437856897-0216-s_lc.fits,7.24599,2459549.126,2549.126000000164,2.854,2525.528080681571,2550.63057363374,2527.388030000164
437856897,71,tess2023289093419-s0071-0000000437856897-0266-s_lc.fits,7.24599,2459549.126,2549.126000000164,2.854,3234.041335343851,3259.957117114985,3237.495050000164
437856897,72,tess2023315124025-s0072-0000000437856897-0267-s_lc.fits,7.24599,2459549.126,2549.126000000164,2.854,3261.026615559906,3285.588625729632,3266.4790100001637
439366538,28,tess2020212050318-s0028-0000000439366538-0190-s_lc.fits,4.31361,2458326.564,1326.5639999997802,1.38,2061.856006417422,2087.102960959455,2064.19130999978
439366538,92,tess2025127075000-s0092-0000000439366538-0289-s_lc.fits,4.31361,2458326.564,1326.5639999997802,1.38,3802.974187210335,3829.635014614907,3806.88974999978
439867639,4,tess2018292075959-s0004-0000000439867639-0124-s_lc.fits,0.3711281,2459144.5697,2144.5696999998763,0.4918187,1410.905915343196,1436.839289664424,1411.2205743998763
439867639,31,tess2020294194027-s0031-0000000439867639-0198-s_lc.fits,0.3711281,2459144.5697,2144.5696999998763,0.4918187,2144.51952628474,2169.950003810925,2144.5696999998763
440687723,70,tess2023263165758-s0070-0000000440687723-0265-s_lc.fits,1.096026,2457066.0066,66.00659999996424,0.895,3208.562173722177,3233.807081025874,3209.409167999964
440687723,71,tess2023289093419-s0071-0000000440687723-0266-s_lc.fits,1.096026,2457066.0066,66.00659999996424,0.895,3234.550185232471,3259.862257850981,3234.617765999964
440777904,7,tess2019006130736-s0007-0000000440777904-0131-s_lc.fits,3.35524,2458491.69572,1491.6957200001925,3.694,1491.640899674116,1516.091813945381,1491.6957200001925
440777904,33,tess2020351194500-s0033-0000000440777904-0203-s_lc.fits,3.35524,2458491.69572,1491.6957200001925,3.694,2201.737411831062,2227.578068744014,2203.0066000001925
440777904,44,tess2021284114741-s0044-0000000440777904-0215-s_lc.fits,3.35524,2458491.69572,1491.6957200001925,3.694,2500.194639107461,2524.44277792189,2501.6229600001925
440777904,45,tess2021310001228-s0045-0000000440777904-0216-s_lc.fits,3.35524,2458491.69572,1491.6957200001925,3.694,2525.730398287206,2550.62950999989,2528.4648800001924
440777904,46,tess2021336043614-s0046-0000000440777904-0217-s_lc.fits,3.35524,2458491.69572,1491.6957200001925,3.694,2552.008736996376,2578.706992794347,2555.306800000192
440777904,71,tess2023289093419-s0071-0000000440777904-0266-s_lc.fits,3.35524,2458491.69572,1491.6957200001925,3.694,3234.039049142277,3259.956734704357,3236.4205200001925
440777904,72,tess2023315124025-s0072-0000000440777904-0267-s_lc.fits,3.35524,2458491.69572,1491.6957200001925,3.694,3260.185926102161,3285.587731416747,3263.2624400001923
440777904,87,tess2024353092137-s0087-0000000440777904-0284-s_lc.fits,3.35524,2458491.69572,1491.6957200001925,3.694,3663.630700906174,3689.2143822355,3665.8912400001923
441738827,16,tess2019253231442-s0016-0000000441738827-0152-s_lc.fits,6.0784247,2458741.07323,1741.0732300002128,2.03,1738.651365236788,1763.319684589294,1741.0732300002128
441738827,19,tess2019331140908-s0019-0000000441738827-0164-s_lc.fits,6.0784247,2458741.07323,1741.0732300002128,2.03,1816.084179251214,1841.146857550368,1820.0927511002128
441738827,20,tess2019357164649-s0020-0000000441738827-0165-s_lc.fits,6.0784247,2458741.07323,1741.0732300002128,2.03,1842.503809718597,1868.823300764247,1844.4064499002127
441738827,21,tess2020020091053-s0021-0000000441738827-0167-s_lc.fits,6.0784247,2458741.07323,1741.0732300002128,2.03,1870.434409936242,1897.781513193042,1874.7985734002127
441738827,22,tess2020049080258-s0022-0000000441738827-0174-s_lc.fits,6.0784247,2458741.07323,1741.0732300002128,2.03,1899.319002053649,1926.49374339482,1905.1906969002127
441738827,23,tess2020078014623-s0023-0000000441738827-0177-s_lc.fits,6.0784247,2458741.07323,1741.0732300002128,2.03,1928.10483630233,1954.875338328256,1929.5043957002129
441738827,25,tess2020133194932-s0025-0000000441738827-0182-s_lc.fits,6.0784247,2458741.07323,1741.0732300002128,2.03,1983.631920284823,2009.305277361343,1984.2102180002128
441738827,26,tess2020160202036-s0026-0000000441738827-0188-s_lc.fits,6.0784247,2458741.07323,1741.0732300002128,2.03,2010.266379597063,2035.134295136877,2014.6023415002128
441738827,48,tess2022027120115-s0048-0000000441738827-0219-s_lc.fits,6.0784247,2458741.07323,1741.0732300002128,2.03,2607.934068810363,2635.986685097844,2610.287962100213
441738827,49,tess2022057073128-s0049-0000000441738827-0221-s_lc.fits,6.0784247,2458741.07323,1741.0732300002128,2.03,2637.472779595561,2664.31555574022,2640.680085600213
441738827,50,tess2022085151738-s0050-0000000441738827-0222-s_lc.fits,6.0784247,2458741.07323,1741.0732300002128,2.03,2665.271098085149,2691.509656435615,2671.0722091002126
441738827,51,tess2022112184951-s0051-0000000441738827-0223-s_lc.fits,6.0784247,2458741.07323,1741.0732300002128,2.03,2692.955468149838,2717.534340611685,2695.3859079002127
441738827,52,tess2022138205153-s0052-0000000441738827-0224-s_lc.fits,6.0784247,2458741.07323,1741.0732300002128,2.03,2718.634319546613,2743.075758951634,2719.699606700213
441738827,53,tess2022164095748-s0053-0000000441738827-0226-s_lc.fits,6.0784247,2458741.07323,1741.0732300002128,2.03,2743.995194584144,2768.978403036442,2744.013305500213
441738827,54,tess2022190063128-s0054-0000000441738827-0227-s_lc.fits,6.0784247,2458741.07323,1741.0732300002128,2.03,2769.897849250035,2796.128413844033,2774.4054290002127
441738827,55,tess2022217014003-s0055-0000000441738827-0242-s_lc.fits,6.0784247,2458741.07323,1741.0732300002128,2.03,2797.099246730847,2824.263293654278,2798.719127800213
441738827,56,tess2022244194134-s0056-0000000441738827-0243-s_lc.fits,6.0784247,2458741.07323,1741.0732300002128,2.03,2825.256353740923,2853.138579267046,2829.1112513002126
441738827,57,tess2022273165103-s0057-0000000441738827-0245-s_lc.fits,6.0784247,2458741.07323,1741.0732300002128,2.03,2853.353859000585,2882.115311959861,2853.4249501002128
441738827,58,tess2022302161335-s0058-0000000441738827-0247-s_lc.fits,6.0784247,2458741.07323,1741.0732300002128,2.03,2882.329202996926,2910.048949387795,2883.817073600213
441738827,59,tess2022330142927-s0059-0000000441738827-0248-s_lc.fits,6.0784247,2458741.07323,1741.0732300002128,2.03,2910.264229015371,2936.688033564432,2914.209197100213
441738827,60,tess2022357055054-s0060-0000000441738827-0249-s_lc.fits,6.0784247,2458741.07323,1741.0732300002128,2.03,2936.903312078855,2962.583922418683,2938.522895900213
441738827,73,tess2023341045131-s0073-0000000441738827-0268-s_lc.fits,6.0784247,2458741.07323,1741.0732300002128,2.03,3285.798872386883,3312.650404699206,3291.071528500213
441738827,75,tess2024030031500-s0075-0000000441738827-0270-s_lc.fits,6.0784247,2458741.07323,1741.0732300002128,2.03,3339.785112351481,3367.483554197044,3345.777350800213
441738827,76,tess2024058030222-s0076-0000000441738827-0271-s_lc.fits,6.0784247,2458741.07323,1741.0732300002128,2.03,3367.698829864239,3394.777711879659,3370.091049600213
441738827,77,tess2024085201119-s0077-0000000441738827-0272-s_lc.fits,6.0784247,2458741.07323,1741.0732300002128,2.03,3395.486035918136,3423.549115839101,3400.4831731002128
441738827,78,tess2024114025118-s0078-0000000441738827-0273-s_lc.fits,6.0784247,2458741.07323,1741.0732300002128,2.03,3434.271196997937,3452.322382042328,3436.953721300213
441738827,80,tess2024170053053-s0080-0000000441738827-0275-s_lc.fits,6.0784247,2458741.07323,1741.0732300002128,2.03,3479.887426789029,3506.335934791715,3485.581118900213
441738827,81,tess2024196212429-s0081-0000000441738827-0276-s_lc.fits,6.0784247,2458741.07323,1741.0732300002128,2.03,3506.551212335131,3533.176252931094,3509.894817700213
441738827,82,tess2024223182411-s0082-0000000441738827-0278-s_lc.fits,6.0784247,2458741.07323,1741.0732300002128,2.03,3533.391531331987,3559.245868388951,3534.2085165002127
441738827,83,tess2024249191853-s0083-0000000441738827-0280-s_lc.fits,6.0784247,2458741.07323,1741.0732300002128,2.03,3559.426425185322,3584.375292291296,3564.600640000213
441738827,84,tess2024274222008-s0084-0000000441738827-0281-s_lc.fits,6.0784247,2458741.07323,1741.0732300002128,2.03,3584.589183731809,3610.340878285942,3588.914338800213
441738827,85,tess2024300212641-s0085-0000000441738827-0282-s_lc.fits,6.0784247,2458741.07323,1741.0732300002128,2.03,3610.554769787529,3636.045332130107,3613.2280376002127
441738827,86,tess2024326142117-s0086-0000000441738827-0283-s_lc.fits,6.0784247,2458741.07323,1741.0732300002128,2.03,3636.260612285842,3662.827491733012,3637.541736400213
443616612,36,tess2021065132309-s0036-0000000443616612-0207-s_lc.fits,2.198884,2456810.4059,-189.5940999998711,1.44,2280.908645152884,2305.994462526592,2281.951516000129
443616612,45,tess2021310001228-s0045-0000000443616612-0216-s_lc.fits,2.198884,2456810.4059,-189.5940999998711,1.44,2525.503644974818,2550.623967496607,2526.027640000129
443616612,46,tess2021336043614-s0046-0000000443616612-0217-s_lc.fits,2.198884,2456810.4059,-189.5940999998711,1.44,2551.56432523325,2578.703109270232,2552.414248000129
443616612,63,tess2023069172124-s0063-0000000443616612-0255-s_lc.fits,2.198884,2456810.4059,-189.5940999998711,1.44,3014.388896878549,3040.90508491944,3016.378772000129
443616612,72,tess2023315124025-s0072-0000000443616612-0267-s_lc.fits,2.198884,2456810.4059,-189.5940999998711,1.44,3260.180037686814,3285.562948901031,3260.454896000129
446549906,67,tess2023181235917-s0067-0000000446549906-0261-s_lc.fits,2.4545467,2459228.98176,2228.9817599998787,2.5956,3126.646223583092,3154.386053623798,3127.3458521998787
446549906,93,tess2025154050500-s0093-0000000446549906-0290-s_lc.fits,2.4545467,2459228.98176,2228.9817599998787,2.5956,3829.87822618342,3855.638494065585,3831.8007550998786
446549906,94,tess2025180145000-s0094-0000000446549906-0291-s_lc.fits,2.4545467,2459228.98176,2228.9817599998787,2.5956,3856.506554332875,3881.635380754427,3858.800768799879
446672575,72,tess2023315124025-s0072-0000000446672575-0267-s_lc.fits,30.94191,2456827.5014,-172.49860000004992,5.28,3260.179431934821,3285.565017469173,3262.05340999995
452866790,7,tess2019006130736-s0007-0000000452866790-0131-s_lc.fits,1.1980035,2458492.20408,1492.204080000054,0.95,1491.63636172482,1516.092016706365,1492.204080000054
452866790,34,tess2021014023720-s0034-0000000452866790-0204-s_lc.fits,1.1980035,2458492.20408,1492.204080000054,0.95,2228.772288571467,2254.070705316109,2228.976232500054
452866790,61,tess2023018032328-s0061-0000000452866790-0250-s_lc.fits,1.1980035,2458492.20408,1492.204080000054,0.95,2962.803918292188,2988.221621154798,2963.352378000054
452866790,88,tess2025014115807-s0088-0000000452866790-0285-s_lc.fits,1.1980035,2458492.20408,1492.204080000054,0.95,3690.157230929574,3717.929161211992,3690.540502500054
455135327,7,tess2019006130736-s0007-0000000455135327-0131-s_lc.fits,2.8106,2457775.21278,775.2127800001763,2.2499254,1491.636365320657,1516.092138822312,1491.9157800001763
455135327,34,tess2021014023720-s0034-0000000455135327-0204-s_lc.fits,2.8106,2457775.21278,775.2127800001763,2.2499254,2228.772326993645,2254.070861975276,2231.1035800001764
455135327,61,tess2023018032328-s0061-0000000455135327-0250-s_lc.fits,2.8106,2457775.21278,775.2127800001763,2.2499254,2962.803975553626,2988.221793786613,2964.670180000176
455135327,88,tess2025014115807-s0088-0000000455135327-0285-s_lc.fits,2.8106,2457775.21278,775.2127800001763,2.2499254,3690.157272243975,3717.457122011144,3692.615580000176
456945304,43,tess2021258175143-s0043-0000000456945304-0214-s_lc.fits,2.14084,2457822.184,822.183999999892,1.569,2474.168212250283,2498.881465563314,2474.9124799998917
456945304,44,tess2021284114741-s0044-0000000456945304-0215-s_lc.fits,2.14084,2457822.184,822.183999999892,1.569,2500.196855397241,2524.445509450366,2500.602559999892
456945304,70,tess2023263165758-s0070-0000000456945304-0265-s_lc.fits,2.14084,2457822.184,822.183999999892,1.569,3208.555711978209,3233.807816726473,3209.220599999892
456945304,71,tess2023289093419-s0071-0000000456945304-0266-s_lc.fits,2.14084,2457822.184,822.183999999892,1.569,3234.54815096922,3259.866158965846,3234.9106799998917
459189798,73,tess2023341045131-s0073-0000000459189798-0268-s_lc.fits,6.91716177373,2459392.31582,2392.3158200001344,2.5609922,3285.800740871044,3312.652408491033,3291.5468505850345
459189798,74,tess2024003055635-s0074-0000000459189798-0269-s_lc.fits,6.91716177373,2459392.31582,2392.3158200001344,2.5609922,3312.866308374833,3339.571549575268,3319.2154976799543
459730973,55,tess2022217014003-s0055-0000000459730973-0242-s_lc.fits,3.916243,2456235.5639,-764.4361000000499,3.3552,2797.105249110551,2824.268856093962,2799.3450299999504
459730973,82,tess2024223182411-s0082-0000000459730973-0278-s_lc.fits,3.916243,2456235.5639,-764.4361000000499,3.3552,3533.397572932653,3559.251273255607,3535.5987139999506
466206508,27,tess2020186164531-s0027-0000000466206508-0189-s_lc.fits,75.12375,2458679.3476,1679.3475999999791,8.599,2036.282511236904,2060.646204224929,2054.9663499999792
466206508,94,tess2025180145000-s0094-0000000466206508-0291-s_lc.fits,75.12375,2458679.3476,1679.3475999999791,8.599,3856.497868364284,3881.63534750854,3857.936349999979
466840711,10,tess2019085135100-s0010-0000000466840711-0140-s_lc.fits,2.4855335,2454492.79765,-2507.2023499999195,2.7385746,1569.439424018182,1595.684106341264,1571.55812350008
466840711,11,tess2019112060037-s0011-0000000466840711-0143-s_lc.fits,2.4855335,2454492.79765,-2507.2023499999195,2.7385746,1596.779930189923,1623.89479135793,1598.8989920000804
466840711,37,tess2021091135823-s0037-0000000466840711-0208-s_lc.fits,2.4855335,2454492.79765,-2507.2023499999195,2.7385746,2307.258694069842,2332.582376643429,2307.2760395000805
466840711,64,tess2023096110322-s0064-0000000466840711-0257-s_lc.fits,2.4855335,2454492.79765,-2507.2023499999195,2.7385746,3041.116751923047,3068.034779539765,3042.99395550008
466840711,90,tess2025071122000-s0090-0000000466840711-0287-s_lc.fits,2.4855335,2454492.79765,-2507.2023499999195,2.7385746,3747.161259887138,3775.079872797588,3748.88546950008
466840711,99,tess2026005125623-s0099-0000000466840711-0300-s_lc.fits,2.4855335,2454492.79765,-2507.2023499999195,2.7385746,4046.113519865301,4073.778865434191,4047.1494895000797
466840711,100,tess2026033082000-s0100-0000000466840711-0302-s_lc.fits,2.4855335,2454492.79765,-2507.2023499999195,2.7385746,4073.994154439689,4100.467600400818,4074.49035800008
467331291,52,tess2022138205153-s0052-0000000467331291-0224-s_lc.fits,3.320729,2459803.9384,2803.938399999868,2.487,2718.632770865418,2743.074580178959,2720.9201749998683
467331291,53,tess2022164095748-s0053-0000000467331291-0226-s_lc.fits,3.320729,2459803.9384,2803.938399999868,2.487,2743.9940344938,2768.977827448686,2744.165277999868
467331291,58,tess2022302161335-s0058-0000000467331291-0247-s_lc.fits,3.320729,2459803.9384,2803.938399999868,2.487,2882.330815736231,2910.050359401924,2883.635895999868
467331291,59,tess2022330142927-s0059-0000000467331291-0248-s_lc.fits,3.320729,2459803.9384,2803.938399999868,2.487,2910.265636423708,2936.688936307925,2913.522456999868
467331291,73,tess2023341045131-s0073-0000000467331291-0268-s_lc.fits,3.320729,2459803.9384,2803.938399999868,2.487,3285.800112972296,3312.651037669399,3288.764833999868
467331291,77,tess2024085201119-s0077-0000000467331291-0272-s_lc.fits,3.320729,2459803.9384,2803.938399999868,2.487,3395.484607646403,3423.547453214259,3398.348890999868
467331291,78,tess2024114025118-s0078-0000000467331291-0273-s_lc.fits,3.320729,2459803.9384,2803.938399999868,2.487,3434.269551656075,3452.320868504001,3434.876909999868
467331291,79,tess2024142205832-s0079-0000000467331291-0274-s_lc.fits,3.320729,2459803.9384,2803.938399999868,2.487,3452.536146302062,3479.672482151691,3454.8012839998682
467331291,85,tess2024300212641-s0085-0000000467331291-0282-s_lc.fits,3.320729,2459803.9384,2803.938399999868,2.487,3610.556381247939,3636.046799524533,3610.875546999868
467331291,86,tess2024326142117-s0086-0000000467331291-0283-s_lc.fits,3.320729,2459803.9384,2803.938399999868,2.487,3636.262077033148,3662.828494472959,3637.441378999868
470171739,53,tess2022164095748-s0053-0000000470171739-0226-s_lc.fits,4.6174141,2459557.05746,2557.057459999807,4.5122,2743.99371489391,2768.977392540119,2746.371438099807
470171739,58,tess2022302161335-s0058-0000000470171739-0247-s_lc.fits,4.6174141,2459557.05746,2557.057459999807,4.5122,2882.33079131963,2910.050557570255,2884.893861099807
470171739,59,tess2022330142927-s0059-0000000470171739-0248-s_lc.fits,4.6174141,2459557.05746,2557.057459999807,4.5122,2910.265836086346,2936.689306066735,2912.5983456998074
470171739,60,tess2022357055054-s0060-0000000470171739-0249-s_lc.fits,4.6174141,2459557.05746,2557.057459999807,4.5122,2936.904580524725,2962.584600029204,2940.3028302998073
470171739,73,tess2023341045131-s0073-0000000470171739-0268-s_lc.fits,4.6174141,2459557.05746,2557.057459999807,4.5122,3285.800384713131,3312.651453975945,3286.6088877998072
470171739,78,tess2024114025118-s0078-0000000470171739-0273-s_lc.fits,4.6174141,2459557.05746,2557.057459999807,4.5122,3434.26951851077,3452.320692432579,3434.3661389998074
470171739,79,tess2024142205832-s0079-0000000470171739-0274-s_lc.fits,4.6174141,2459557.05746,2557.057459999807,4.5122,3452.535968512117,3479.672125256773,3452.8357953998075
470171739,85,tess2024300212641-s0085-0000000470171739-0282-s_lc.fits,4.6174141,2459557.05746,2557.057459999807,4.5122,3610.556335566217,3636.046960700615,3614.4452888998076
470381900,19,tess2019331140908-s0019-0000000470381900-0164-s_lc.fits,2.500311,2458834.20115,1834.2011500000954,1.0,1816.088790110475,1841.153784517416,1816.6989730000953
470381900,59,tess2022330142927-s0059-0000000470381900-0248-s_lc.fits,2.500311,2458834.20115,1834.2011500000954,1.0,2910.282681348187,2936.692147331782,2911.8351910000956
