tic_id,sector,period_days,duration_hours,cadence_minutes,cadences_per_transit,sector_duration_days,expected_transits,largest_chunk_points,num_chunks
709015,91,7.122605,3.072,1.999962885165587,92.16171028330818,23.731705255986526,3.3318856311681646,4788,5
1129033,4,1.360029395,2.1652751,1.9999717018799856,64.95917211122422,25.60941439770363,18.83004477098352,8551,3
1129033,31,1.360029395,2.1652751,1.9999682692287024,64.95928360408585,25.4287389780161,18.697198069028573,8213,2
2521105,91,1.33711647,1.809816,1.9999776386248413,54.29508705640547,23.75265777671575,17.76409034638228,4788,4
2764004,91,11.811437,2.064,1.9999923907744233,61.92023558252016,23.752816712035383,2.0110014312429034,4788,4
4070275,5,5.424019,1.6,2.0000380724741262,47.9990862780148,25.66298274753808,4.731359301569202,8666,2
4070275,32,5.424019,1.6,2.000021240892238,47.99949022400034,25.90163599499556,4.775358639967072,9317,2
4070275,98,5.424019,1.6,1.999996376762283,48.00008695786274,51.61943329938049,9.516823834758043,5082,11
4616072,6,4.1876244,3.0456,2.000027334797778,91.36675125416541,21.772502856995516,5.199249210840284,8436,2
4616072,7,4.1876244,3.0456,1.9999649691817467,91.36960037593232,24.352356871079337,5.815315449752212,8098,2
4616072,33,4.1876244,3.0456,2.000014528821339,91.36733627014756,25.839071384119052,6.170341204459276,8731,2
4616072,87,4.1876244,3.0456,2.0000064402847784,91.3677057829776,24.288999772188617,5.800185845747918,4829,5
5078530,22,8.1352,3.08,2.0000011596857803,92.39994642254803,26.354153137177946,3.2395212333043992,8807,2
5078530,49,8.1352,3.08,1.9999756348261144,92.40112568474727,24.133013074376322,2.9664929042157935,7382,2
6663331,13,3.1810781,2.3544,1.9999850651220186,70.63252744408945,25.356860524003423,7.9711530892634865,9728,4
6663331,67,3.1810781,2.3544,1.9999749393900856,70.63288505158971,24.066284168948187,7.565449012065496,5009,4
6663331,94,3.1810781,2.3544,1.9999702343920944,70.63305121785386,24.110740194108075,7.579424156265787,3848,5
8260536,48,4.77271,3.127,2.0000185573735507,93.80912957446999,26.121074295134804,5.473006802243338,8407,2
8400842,19,3.19152309,2.9638,1.9999864212877583,88.91460367290868,25.013708529508904,7.83754584382747,8637,2
8400842,59,3.19152309,2.9638,1.9999843336699996,88.9146964834885,24.851218213152606,7.786632749428928,4596,4
8400842,73,3.19152309,2.9638,1.99995952356403,88.91579949733254,26.84944795665615,8.412738118919938,4650,5
8400842,86,3.19152309,2.9638,2.000009136245353,88.91359383179577,26.565289959901293,8.323702887545549,4733,21
8767448,21,4.35301,4.003,1.9999884152639424,120.0906956095058,27.344320252398347,6.281703982393412,9598,2
9006668,2,1.273099,1.587,2.000005247173249,47.60987509136852,27.405469027628442,21.526581222378184,9226,3
9006668,29,1.273099,1.587,1.9999937633110676,47.610148464843,24.338719575743653,19.11769593389332,7516,2
9006668,69,1.273099,1.587,1.9999950507190078,47.61011781792558,24.034634075630038,18.878841374967728,4358,10
9006668,96,1.273099,1.587,2.0000030901428545,47.609926439263006,24.082008251597472,18.916053073325383,4229,5
10837041,30,0.7826942,1.0403706,2.0000071547110565,31.2110063471339,25.89310614294618,33.08202123248924,8304,2
10837041,97,0.7826942,1.0403706,1.999979609681759,31.211436205558492,52.106476812293295,66.5732246543967,5065,8
11023038,92,28.380619,4.9392,2.000148608494783,148.1649907118754,24.8740444021405,0.8764447456956629,4281,4
11439959,92,3.619188,4.36848,2.000148598017404,131.04466351140542,24.93654911496469,6.890094992292385,4348,4
11755687,87,3.052524,2.2564388,1.9999601610470563,67.69451243924782,23.013499294575922,7.539170632098527,4829,5
12421862,2,10.215213,2.26,2.0000273740879493,67.79907203111966,27.405800991506567,2.6828418547421933,9226,3
12421862,29,10.215213,2.26,2.0000185737444554,67.79937035591038,23.394590532751863,2.290171583573623,6779,2
12421862,69,10.215213,2.26,2.0000198598427232,67.79932675801692,23.67521003995853,2.317642328158848,4433,10
12421862,96,10.215213,2.26,2.0000265614362434,67.79909957926958,24.18367920962055,2.3674180077909828,4276,5
13349647,8,1.53736596,1.81584,1.9999743513471913,54.475898616705024,23.941317213726506,15.57294608872861,7855,2
13349647,34,1.53736596,1.81584,2.000030620765756,54.474365976599856,24.98232567916557,16.250083798632804,8505,2
13349647,61,1.53736596,1.81584,2.000016507736291,54.474750372593164,23.979384130749168,15.597707217837169,4031,4
13349647,88,1.53736596,1.81584,2.0000218656059587,54.47460443988227,23.166921945908598,15.069230455648047,4963,5
13349647,99,1.53736596,1.81584,2.000039982958697,54.474110981935276,23.652026471233512,15.384773103232694,3221,4
14156936,71,4.9394392,4.98,2.0000822670408525,149.39385490481772,24.081558342518292,4.875362843320006,4192,4
14227229,70,5.3518963,3.2362,2.0001556519127917,97.0784447771898,23.82405852095735,4.451517216609251,4048,4
14227229,71,5.3518963,3.2362,2.00008360814536,97.08194157945832,24.076014566918275,4.4985951179432,4192,4
14570090,44,18.718269,6.888,2.000199278409127,206.61941260608052,24.04821033583721,1.2847454182775775,8142,2
14570090,45,18.718269,6.888,2.000180159811862,206.62138756484484,24.357743431886774,1.301281834975594,8423,2
14570090,46,18.718269,6.888,2.000120471493574,206.62755363500003,25.980732432274635,1.387987982877831,8556,2
14570090,71,18.718269,6.888,2.0002003680565394,206.61930004620308,23.660671443804404,1.2640416399510235,4121,4
14570090,72,18.718269,6.888,2.000171754989424,206.6222557983203,23.420070284220856,1.2511878253390234,4531,4
14570099,44,26.201446,3.33,2.000199278409127,99.8900470351696,24.048210247710813,0.9178199648870834,8142,2
14570099,45,26.201446,3.33,2.000180159811862,99.891001827952,24.36191086015242,0.9297926099251324,8426,2
14570099,46,26.201446,3.33,2.00012047214841,99.89398277864072,25.98073321528409,0.9915763128219751,8556,2
14570099,71,26.201446,3.33,2.0002003680565394,99.88999261815569,23.659282407739283,0.9029762100816605,4121,4
14570099,72,26.201446,3.33,2.000171754989424,99.89142157497194,23.420070694584865,0.8938464958989235,4531,4
14770122,44,3.54387,4.188,2.000196429544303,125.62766150784906,24.19124294158246,6.826221882174702,8245,2
14770122,45,3.54387,4.188,2.000160713796504,125.62990477052494,24.286679701182038,6.853151978255985,8372,2
14770122,46,3.54387,4.188,2.0000869438808877,125.63453842282797,24.810813401620635,7.001050659764787,7714,2
14770122,71,3.54387,4.188,2.0001940803194884,125.62780905734074,23.600871763317627,6.659632481811586,4195,4
14770122,72,3.54387,4.188,2.0001486215915065,125.63066428536592,22.46001693404196,6.337709039564645,4562,4
15756231,43,8.249164,4.89,2.0001654142106418,146.68786787106268,24.40477184333622,2.958453952829186,8190,2
15756231,44,8.249164,4.89,2.0001030528510455,146.6924414628402,24.251225070060173,2.939840336555337,8070,2
16005254,71,3.792622,1.773,2.000092995876912,53.187526889648055,24.08168321937137,6.349613333301175,4192,4
17307715,43,6.342,2.4096,2.000172456318978,72.28176727624316,24.372913742854053,3.8430958282645937,8167,2
17307715,44,6.342,2.4096,2.0001131124445237,72.28391189501292,24.056907706970378,3.793268323394888,7987,2
17307715,71,6.342,2.4096,2.0000997013994493,72.28439657225171,24.14148773578927,3.8066048148516667,4166,4
21276520,45,50.819172,3.7496,2.0001883727672976,112.4774061598716,24.160586586771842,0.4754226728993507,8281,2
21832928,25,16.34136,4.6981114,2.0000004315079423,140.9433115909208,25.664018732764816,1.57049466707574,6589,5
21832928,26,16.34136,4.6981114,1.9999679044849472,140.94560386087517,24.866182860917206,1.5216715659478284,8500,2
21832928,52,16.34136,4.6981114,1.9999910313345026,140.94397403967852,24.440307974891766,1.4956104005353144,3876,4
21832928,79,16.34136,4.6981114,1.9999832754547242,140.9445206165082,27.134630797244427,1.660487915157883,5252,5
22529346,7,1.27492504,2.9053,1.9999988304334693,87.15905096915444,24.454146048130042,19.180850074236552,8171,2
22529346,33,1.27492504,2.9053,2.0000312939373543,87.15763624719567,25.839290259825248,20.267301566078935,8731,2
22529346,34,1.27492504,2.9053,1.9999856944195926,87.15962343450066,25.06232184369628,19.65787874375444,8563,2
22529346,61,1.27492504,2.9053,1.9999786208791193,87.1599317013579,24.120579769817596,18.919214081651102,4068,4
22529346,87,1.27492504,2.9053,2.0000275620259345,87.15779887724348,24.864237763639267,19.502509546474407,4748,5
22529346,88,1.27492504,2.9053,1.9999802933307365,87.15985881525538,27.77060158629547,21.782144608513978,5249,4
26017005,42,4.098503,2.3208,2.0001898396003526,69.61739193106912,22.435451008276686,5.474059920970336,6390,2
26017005,43,4.098503,2.3208,2.0001493222662248,69.61880218134323,24.286509994378775,5.9257026271247755,8105,2
26017005,44,4.098503,2.3208,2.000078914279584,69.6212529444901,24.25232358825633,5.917361433737228,8070,2
26017005,70,4.098503,2.3208,2.0001392240374116,69.61915367017244,23.93498886097632,5.839934449474923,4000,4
26017005,71,4.098503,2.3208,2.0000621491635684,69.62183653054677,24.01047585854394,5.858352637180927,4192,4
26416742,81,2.633867,2.061,2.000003760695108,61.82988373832934,26.62369420204459,10.108215108069082,4908,5
26416742,82,2.633867,2.061,1.999973922756908,61.83080618848177,25.852449131508365,9.815396575266847,4944,4
26416803,74,7.61760804,3.479,1.999979977044859,104.37104490837511,26.70388376694791,3.5055470991321718,4643,7
26416803,75,7.61760804,3.479,2.0000154672015924,104.36919285032708,27.697410410053635,3.6359721141616568,5157,6
26416803,81,7.61760804,3.479,2.000003760040272,104.3698037826673,26.623694036734832,3.4950202080409,4908,5
26416803,82,7.61760804,3.479,1.9999735891178716,104.37137827008453,25.852448115668267,3.3937750511600577,4944,4
26417717,74,0.631332353,1.1076,1.9999794757677591,33.22834099309375,26.703875260480345,42.29765056960473,4643,6
26417717,75,0.631332353,1.1076,2.0000144600635394,33.22775976224128,27.697394027856717,43.87133638287774,5157,6
26417717,81,0.631332353,1.1076,2.0000047652138164,33.22792083092628,26.62370522773972,42.17066510408935,4908,5
26417717,82,0.631332353,1.1076,1.9999749295675429,33.22841652538607,25.852464603686713,40.94905715007245,4944,4
26472830,80,3.0091324,2.269,2.000034926313674,68.0688113036725,26.4476964284504,8.789143484829847,4721,6
26472830,81,3.0091324,2.269,2.000006442249287,68.06978073875179,26.62372998904584,8.84764325725443,4908,5
26472830,82,3.0091324,2.269,1.9999787839333294,68.07072209648916,25.85251934158896,8.591353222473348,4944,4
26472830,83,3.0091324,2.269,1.999954974744469,68.07153246907191,24.918884954235637,8.281086254043071,4799,9
26541144,74,22.12679948,3.686,1.9999776314216433,110.58123677252976,26.703857576876544,1.2068558582552196,4643,6
26541144,75,22.12679948,3.686,2.000011779164197,110.57934873384724,27.697360553678664,1.2517562957405473,5157,6
26541144,81,22.12679948,3.686,2.000006106318324,110.57966238269067,26.623728282630054,1.2032344897731253,4908,5
26541144,82,22.12679948,3.686,1.999977277155267,110.58125636035932,25.852498202079914,1.168379467868704,4944,4
26547036,15,141.834025,8.681,1.999979517349857,260.43266717560374,23.074820692495905,0.16268889423744343,6731,2
26547036,56,141.834025,8.681,1.999963033158565,260.43481372623154,27.88009909815446,0.19656848276113198,5148,4
26547036,82,141.834025,8.681,1.9999861609903746,260.43180205910767,25.852623500356458,0.18227377739831085,4944,4
26582909,81,27.5722742,5.292,2.0000067768705776,158.75946205383633,26.623737238227932,0.9655981601339193,4908,5
26582909,82,27.5722742,5.292,1.999978449966875,158.76171066006185,25.852514188115492,0.937627197545986,4944,4
26584326,74,4.959319244,2.22739,1.9999772968003526,66.82245854180861,26.70385607267417,5.3845809795329584,4643,6
26584326,75,4.959319244,2.22739,2.000012450371287,66.82128402510202,27.69737134980278,5.584913974496049,5157,6
26584326,81,4.959319244,2.22739,2.00000610697316,66.82149596145884,26.623725313108025,5.368423366839828,4908,5
26584326,82,4.959319244,2.22739,1.9999762719817227,66.82249278266505,25.85248516880256,5.212910058185914,4944,4
26656435,81,14.2563227,4.389,2.0000071128015406,131.66953173037595,26.6237450981248,1.8675043809245984,4908,5
26656435,82,14.2563227,4.389,1.9999786156404298,131.67140785436536,25.852513206850745,1.8134068476754348,4944,4
26656768,74,9.4060467,5.161,1.9999756197648821,154.8318874189095,26.703835186484866,2.8390072937321125,4643,7
26656768,75,9.4060467,5.161,2.0000097675074358,154.8292438521047,27.69733328478651,2.944630636884517,5157,6
26656768,81,9.4060467,5.161,2.000007782698958,154.82939750470464,26.62375201133227,2.830493283786511,4908,5
26656768,82,9.4060467,5.161,1.9999792875023559,154.8316034746111,25.852523138125434,2.748500402206746,4944,4
26657021,81,5.86601526,3.978,2.0000077846634667,119.33953549093897,26.62375409248898,4.538643851480362,4908,5
26657021,82,5.86601526,3.978,1.9999796214688104,119.34121599934623,25.852528513486504,4.407170347778213,4944,4
26657021,83,5.86601526,3.978,1.999954473139951,119.34271664957939,24.918878595747174,4.248007802786925,4799,9
26814296,74,6.2216147,3.2606,1.9999746132816654,97.81924165476781,26.703821676370353,4.292104696931868,4643,7
26814296,75,6.2216147,3.2606,2.000009432231309,97.81753868117455,27.697328715135882,4.451791062396693,5157,6
26814296,81,6.2216147,3.2606,2.000008453906048,97.81758652965682,26.62376203492431,4.27923671244449,4908,5
26814296,82,6.2216147,3.2606,1.9999792888120282,97.81901297398247,25.85252434267477,4.155275694374769,4944,4
26817284,74,4.977656,2.553,1.9999746126268292,76.59097222179666,26.70382170361154,5.364738283162103,4643,7
26817284,75,4.977656,2.553,2.0000107733358163,76.58958743732725,27.697347064402493,5.564335314534089,5157,6
26817284,81,4.977656,2.553,2.0000081186299212,76.58968909832922,26.623755387143774,5.3486531385744165,4908,5
26817284,82,4.977656,2.553,1.9999779470526846,76.5908445269296,25.85250297860057,5.193710248076719,4944,4
26817863,74,6.91134416,5.6555,1.9999746126268292,169.66715370167293,26.70382162992064,3.8637667307137313,4643,7
26817863,75,6.91134416,5.6555,2.000010104093235,169.664142848841,27.69733929845279,4.0075184591086535,5157,6
26817863,81,6.91134416,5.6555,2.0000084525963757,169.6642829481484,26.62375823931916,3.8521823863737614,4908,5
26817863,82,6.91134416,5.6555,1.9999786169501022,169.66681399697484,25.852512001486502,3.7405910345356763,4944,4
27006192,74,10.065275,1.44,1.99997277057264,43.20058816363865,26.703792401642204,2.6530613819932594,4643,6
27006192,75,10.065275,1.44,2.0000054089177866,43.19988316769177,27.69727709541803,2.751765559849883,5157,6
27006192,76,10.065275,1.44,2.0000372490176233,43.19919543620394,27.078245921577036,2.690263894585795,5103,6
27006192,81,10.065275,1.44,2.000011807649571,43.199744956275,26.62379882938376,2.64511390194344,4908,5
27006192,82,10.065275,1.44,1.9999829768494237,43.200367703182174,25.852575542715385,2.5684917245396064,4944,4
27006192,83,10.065275,1.44,1.9999574906250928,43.200918222014515,24.918918792095155,2.475731541571905,4799,9
27007509,74,24.7576421,7.361,1.9999732708674856,220.8329513366099,26.70379927817885,1.0786083412272467,4643,6
27007509,75,24.7576421,7.361,2.0000074199197115,220.82918073260447,27.69730114985032,1.1187374402609334,5157,6
27007509,81,24.7576421,7.361,2.0000114700815175,220.82873353821245,26.623785875734484,1.0753764743910925,4908,5
27007509,82,24.7576421,7.361,1.9999812998139532,220.8320648003484,25.852549621563412,1.0442250323007702,4944,4
27007509,83,24.7576421,7.361,1.9999549760541413,220.8349714308987,24.918885831192256,1.006512887234615,4799,9
27014562,81,49.276764,3.696,2.0000121419434436,110.87932685474215,26.623801490405185,0.5402911905985788,4908,5
27014562,82,49.276764,3.696,1.9999833104884601,110.88092527424097,25.85257706531138,0.5246403165863607,4944,4
27081773,76,3.35183158,1.9405,2.0000357409298886,58.213959689474095,27.07823340762843,8.078637831686171,5103,6
27081773,81,3.35183158,1.9405,2.0000121419434436,58.21464658052681,26.623809985347634,7.943063173045119,4908,5
27081773,82,3.35183158,1.9405,1.9999839820229681,58.21546624700062,25.852587845020935,7.7129734081152534,4944,4
27081773,83,3.35183158,1.9405,1.9999583275057375,58.216213007401265,24.91892981173669,7.434421812964925,4799,9
27082724,74,12.73719978,3.382,1.999972098710714,101.46141545215197,26.703783468396068,2.0965191666638106,4643,6
27082724,75,12.73719978,3.382,2.000005742884241,101.45970866431901,27.697278680994714,2.1745186665349387,5157,6
27082724,81,12.73719978,3.382,2.0000118066673167,101.45940105130282,26.623803792052513,2.0902399469196764,4908,5
27082724,82,12.73719978,3.382,1.999982808229106,101.46087214603433,25.852570972599096,2.0296903102040456,4944,4
27082724,83,12.73719978,3.382,1.9999566511251032,101.46219913608856,24.91890629083582,1.9563881167949948,4799,9
27083727,74,7.1,5.1462,1.9999721000203863,154.38815371317062,26.703790231427774,3.7610972156940528,4643,7
27083727,75,7.1,5.1462,2.0000070846435847,154.38545311704502,27.697297398133742,3.901027802554048,5157,6
27083727,81,7.1,5.1462,2.0000118066673167,154.38508861331007,26.62379283760356,3.7498299771272623,4908,5
27083727,82,7.1,5.1462,1.9999813004687894,154.387443486409,25.85255123368279,3.641204399110252,4944,4
27083727,83,7.1,5.1462,1.9999548071064055,154.38948865386644,24.91888219763723,3.509701717977075,4799,9
27187386,74,16.45809937,1.8214,1.999971763434587,54.64277146209536,26.703779270343148,1.6225311726467688,4643,6
27187386,75,16.45809937,1.8214,2.0000057435390772,54.6418430812195,27.69727933257127,1.6828965915139733,5157,6
27187386,76,16.45809937,1.8214,2.00003641017247,54.64100525578735,27.078262892835482,1.645284931393356,5103,4
27187386,81,16.45809937,1.8214,2.000012140633771,54.64166830775821,26.623806158077514,1.61767197776237,4908,5
27187386,82,16.45809937,1.8214,1.9999826415732969,54.6424742536921,25.852568934283227,1.5708113283972247,4944,4
27187386,83,16.45809937,1.8214,1.999956148210913,54.64319810099908,24.91890057379578,1.5140813051121942,4799,9
27239111,74,2.78815679,3.326,1.9999710928823333,99.78144219694526,26.703774663323202,9.577572810502957,4643,7
27239111,75,2.78815679,3.326,2.0000074199197115,99.77962982157894,27.6973011238897,9.933910898852178,5157,6
27239111,81,2.78815679,3.326,2.000011807322153,99.77941093617542,26.623801138598083,9.548889515140246,4908,5
27239111,82,2.78815679,3.326,1.9999809645378264,99.78094968824672,25.852542148514658,9.272269852698871,4944,4
27239856,81,38.1312831,6.345,2.0000121419434436,190.3488443975484,26.623805696490763,0.6982142622022275,4908,5
27239856,83,38.1312831,6.345,1.9999541385186603,190.3543649665784,24.918874162535303,0.6535021152365917,4799,9
27240404,74,1.916944254,1.4629,1.9999710935371695,43.88763431813507,26.7037706469946,13.930384564534448,4643,6
27240404,75,1.916944254,1.4629,2.0000057448487496,43.88687393827357,27.697281988703253,14.448663246679502,5157,6
27240404,76,1.916944254,1.4629,2.0000374166556867,43.88617896297617,27.07827607908257,14.125750408536696,5103,4
27240404,81,1.916944254,1.4629,2.000012475909898,43.88672623657887,26.62381054216212,13.888672290082214,4908,5
27240404,82,1.916944254,1.4629,1.99998230629717,43.88738826520297,25.852563212004497,13.486340647652709,4944,4
27240404,83,1.916944254,1.4629,1.9999551436922047,43.88798432646673,24.91888660977793,12.999275569845512,4799,9
27240575,76,6.647520065,1.961,2.0000370833440684,58.82890921365924,27.078273455896124,4.073439898055595,5103,4
27240575,81,6.647520065,1.961,2.0000128124956973,58.82962312285344,26.623808894885315,4.0050738673302995,4908,5
27240575,82,6.647520065,1.961,1.99998230629717,58.830520464873224,25.852564002231702,3.889053925289912,4944,4
27240575,83,6.647520065,1.961,1.9999553113302682,58.831314546592836,24.918889500486785,3.7485993659030474,4799,9
27530621,76,41.43962808,10.6468,2.000037920224713,319.3979441790919,27.07827909365733,0.6534392403663033,5103,5
27530621,81,41.43962808,10.6468,2.000013482393115,319.4018468493696,26.62382520676738,0.6424725906171159,4908,5
27530621,82,41.43962808,10.6468,1.999982974230079,319.40671907265505,25.852568032995805,0.6238610052939405,4944,4
27532128,76,23.9109011,5.055,2.000035573291825,151.6473027031232,27.07824847992015,1.1324645761643901,5103,5
27532128,81,23.9109011,5.055,2.000013818324078,151.64895223281596,26.62383357947374,1.113460068615889,4908,5
27532128,82,23.9109011,5.055,1.999984317626513,151.65118912529377,25.85258964130935,1.0812051596545373,4944,4
27532128,83,23.9109011,5.055,1.99995698640123,151.65326157627277,24.918911141978697,1.0421569240641748,4799,9
27534138,40,7.51464,4.965,2.0000312775664497,148.947670639667,28.20052464883065,3.7527445957265617,9729,4
27534138,41,7.51464,4.965,2.0000010333023965,148.94992304484376,26.588988593407976,3.538291733656965,9251,2
27534138,54,7.51464,4.965,2.0000295867794193,148.94779655719913,26.229486856420408,3.4904515527584032,8944,4
27534138,55,7.51464,4.965,1.9999880334944464,148.95089121083342,27.162416174935515,3.6145997911989816,8447,5
27534138,74,7.51464,4.965,1.9999694158468628,148.952277789637,26.70374634122163,3.5535629572702927,4643,6
27534138,75,7.51464,4.965,2.0000013862591004,148.94989675842504,27.697225664293,3.68576880120578,5157,6
27534138,76,7.51464,4.965,2.0000325558066834,148.9475754457639,27.07820352928684,3.603393313490312,5103,6
27534138,81,7.51464,4.965,2.000015158118913,148.9488711076499,26.623845957449248,3.542930327660307,4908,6
27534138,82,7.51464,4.965,1.9999866625948926,148.95099330986946,25.852621406859726,3.4403007205747347,4944,4
27534138,83,7.51464,4.965,1.9999601728341077,148.95296618724723,24.918954762101293,3.3160543634959616,4799,9
27534458,40,8.05333618,5.277,2.000031445204513,158.30751099397042,28.200525640456362,3.5017196612865553,9729,4
27534458,41,8.05333618,5.277,2.0000013685785234,158.30989167024111,26.5889932861096,3.3016122376887536,9251,2
27534458,54,8.05333618,5.277,2.0000297544174828,158.3076448241226,26.22948954887397,3.256971888745115,8944,4
27534458,55,8.05333618,5.277,1.9999880341492826,158.31094716258033,27.16242232655395,3.37281614966109,8057,4
27534458,74,8.05333618,5.277,1.9999692475539632,158.31243424729558,26.703744121647105,3.3158610946807765,4643,6
27534458,75,8.05333618,5.277,2.000001049673301,158.30991691315344,27.697219645620862,3.4392230780586712,5157,6
27534458,81,8.05333618,5.277,2.000015829980839,158.30874698778428,26.623849507650903,3.305940409363477,4908,5
27534458,82,8.05333618,5.277,1.9999869995081099,158.31102906062472,25.85262774043531,3.2101761509272184,4944,4
27534458,83,8.05333618,5.277,1.999960842076689,158.31309960610676,24.918962459948034,3.0942409335689787,4799,9
27626711,34,11.02066,4.32,1.9999843520054128,129.6010139979828,24.981748717845676,2.2668105828367517,8505,2
27626711,44,11.02066,4.32,2.00019844021881,129.58714234955863,23.948190186299144,2.1730268592170656,8070,2
27626711,45,11.02066,4.32,2.000178482121555,129.58843539056127,24.396615670055326,2.213716389948998,8451,2
27626711,46,11.02066,4.32,2.0001171200419776,129.59241106568803,25.55150327109095,2.3185093516260324,8247,2
27626711,71,11.02066,4.32,2.00019952855655,129.5870718393042,23.718996807189797,2.152230157466957,4196,4
27626711,72,11.02066,4.32,2.000169743987499,129.58900152307277,23.192248814469167,2.104433746660288,4574,4
27635334,44,4.733999,3.5496,2.0001992790639633,106.47739064262974,24.006538674932017,5.0710907786275445,8112,2
27635334,45,4.733999,3.5496,2.0001784834312275,106.4784976761914,24.393839508892597,5.152903392859313,8449,2
27635334,46,4.733999,3.5496,2.0001171200419776,106.4817644256403,25.89596795251964,5.470209848485317,8495,2
27635334,71,4.733999,3.5496,2.000200246911845,106.47733912082978,23.660666510420924,4.998029469465652,4160,4
27635334,72,4.733999,3.5496,2.0001700779539533,106.4789451394358,23.393657463522686,4.941627039533107,4574,4
27639443,74,0.646716,1.7,1.9999684100184822,51.00080555725247,26.703737476427705,41.29128933941283,4643,7
27639443,75,0.646716,1.7,2.000001049673301,50.99997323334487,27.697219865995066,42.82748511865343,5157,6
27639443,76,0.646716,1.7,2.0000318839447573,50.999186972369955,27.078202420430898,41.87031466738244,5103,4
27639443,81,0.646716,1.7,2.0000153270666488,50.99960916279565,26.623853545865586,41.1677669113886,4908,5
27639443,82,0.646716,1.7,1.9999869981984375,51.000331548095204,25.852625457880094,39.9752371332704,4944,4
27639443,83,0.646716,1.7,1.9999601728341077,51.001015612954745,24.918954776536793,38.531526630757234,4799,9
27642556,76,3.53232449,2.8072,2.0000372503272956,84.21443149243194,27.07826816225861,7.665849567025086,5103,5
27642556,81,3.53232449,2.8072,2.0000138176692417,84.21541816960334,26.623830721011927,7.537198464179582,4908,5
27642556,82,3.53232449,2.8072,1.9999833124529687,84.21670268509344,25.852576881491586,7.318856734334616,4944,4
27642556,83,3.53232449,2.8072,1.9999554789683316,84.21787473333401,24.91889166860574,7.0545307315766275,4799,9
27644083,74,3.709213846,2.5575,1.9999692485362175,76.72617972116844,26.7037514901549,7.199302223826246,4643,7
27644083,75,3.709213846,2.5575,2.000006078160368,76.72476682728153,27.697283287665414,7.467157310850126,5157,6
27644083,81,3.709213846,2.5575,2.000013147771824,76.72449562191913,26.62382194387874,7.177753305485407,4908,5
27644083,82,3.709213846,2.5575,1.999981970693625,76.72569165550085,25.852555859678432,6.969820811910782,4944,4
27649489,75,40.0306015,4.979,2.000002727363608,149.36979630712673,27.697242632408233,0.6919017350365877,5157,6
27649489,76,40.0306015,4.979,2.0000345681182807,149.36741832470804,27.078239122340165,0.6764384772569596,5103,4
27649489,82,40.0306015,4.979,1.999984988506185,149.3711211418306,25.85259968585615,0.6458209149281993,4944,4
27769737,74,1.22621732,2.1486,1.9999680753971916,64.45902891444776,26.703736331250184,21.777327636548296,4643,7
27769737,75,1.22621732,2.1486,2.0000040691229515,64.45786885650321,27.69725997247042,22.587562188789196,5157,6
27769737,76,1.22621732,2.1486,2.0000374186201952,64.45679405785206,27.078272522710904,22.08276794093147,5103,6
27769737,81,1.22621732,2.1486,2.0000144888763316,64.45753304138756,26.62383976287356,21.712170696523483,4908,5
27769737,82,1.22621732,2.1486,1.9999836467468413,64.45852705330557,25.85257839535643,21.083194612971567,4944,4
27769737,83,1.22621732,2.1486,1.9999551423825324,64.45944574857978,24.918885943998703,20.321753360977404,4799,9
27776660,74,2.757982666,2.2906,1.9999679077591281,68.71910267499777,26.70372739823688,9.682340548197223,4643,6
27776660,75,2.757982666,2.2906,2.0000013862591004,68.71795236955658,27.697224152872877,10.04256643608393,5157,6
27776660,76,2.757982666,2.2906,2.000033225704101,68.71685841699775,27.07821986433555,9.818125471980595,5103,4
27776660,81,2.757982666,2.2906,2.0000161639472935,68.71744462742345,26.623858242408915,9.653381281406833,4908,5
27776660,82,2.757982666,2.2906,1.9999863296106923,68.71846970411674,25.852617392975844,9.373741797467789,4944,4
27776660,83,2.757982666,2.2906,1.9999588317296002,68.71941452971954,24.918936464290255,9.035204162624803,4799,9
27845000,74,17.2923453,6.724,1.9999672372068744,201.72330450944713,26.703721925436184,1.544251023337834,4643,7
27845000,75,17.2923453,6.724,2.0000003797758836,201.71996169581166,27.697211879205497,1.6017036092383314,5157,6
27845000,76,17.2923453,6.724,2.0000320515828207,201.71676732916282,27.078204231154814,1.5659069814639204,5103,4
27845000,81,17.2923453,6.724,2.0000168358092196,201.7183019545761,26.62386606877817,1.5396330345530498,4908,5
27845000,82,17.2923453,6.724,1.9999873347842367,201.7212774217513,25.852630020545803,1.4950331821413374,4944,4
27845000,83,17.2923453,6.724,1.9999600038863719,201.72403408869448,24.918951121444934,1.4410394130543376,4799,9
27846759,74,5.1762429,5.15,1.9999670689139748,154.50254396828328,26.70372095558014,5.158900281820263,4643,7
27846759,75,5.1762429,5.15,2.0000020548468456,154.49984126324426,27.697229827654155,5.350836574468744,5157,6
27846759,76,5.1762429,5.15,2.000034399825381,154.49734265919534,27.07823606038437,5.231252973152471,5103,4
27846759,81,5.1762429,5.15,2.000016165256966,154.49875124399261,26.623860184216483,5.143471954188333,4908,5
27846759,82,5.1762429,5.15,1.9999859920426388,154.5010821222853,25.85260881956947,4.994473659566761,4944,4
27846759,83,5.1762429,5.15,1.9999576582631562,154.50327096842042,24.91891981422168,4.814093985856359,4799,9
27847148,74,7.378689766,3.207,1.9999672372068744,96.2115760799817,26.703724376327955,3.619033354590281,4643,7
27847148,75,7.378689766,3.207,2.000002391432645,96.20988496027017,27.697236875204908,3.7536795492920727,5157,6
27847148,76,7.378689766,3.207,2.000035070377635,96.20831296906627,27.0782447588208,3.669790385224444,5103,4
27847148,81,7.378689766,3.207,2.0000165005330928,96.20920624840423,26.623855517591892,3.608209094285411,4908,5
27847148,82,7.378689766,3.207,1.9999853231274756,96.21070603613398,25.85260165374075,3.503684593552913,4944,4
27847148,83,7.378689766,3.207,1.9999569877109025,96.21206915066648,24.918911704381117,3.3771458747600525,4799,9
27847814,74,77.2548396,10.294,1.9999672372068744,308.82505898575977,26.703724244196565,0.3456576232953122,4643,7
27847814,82,77.2548396,10.294,1.999984653230058,308.8223697129304,25.852593028063893,0.3346404336857091,4944,4
27912377,76,34.45859909,7.434,2.000032724099583,223.0163509953607,27.078214199798822,0.7858187771672067,5103,4
27912377,81,34.45859909,7.434,2.0000171704305103,223.01808534173156,26.623872413529625,0.7726336275015881,4908,5
27912377,83,34.45859909,7.434,1.9999591656960547,223.024553526203,24.91894012275816,0.7231559256856068,4799,9
27913639,74,2.787868386,2.0252,1.9999665653449483,60.757015694930864,26.70371529197473,9.578542310703877,4643,7
27913639,75,2.787868386,2.0252,2.0000017215352273,60.755947703247884,27.697228770603033,9.934912605520335,5157,6
27913639,76,2.787868386,2.0252,2.000034735101508,60.75494483541202,27.078239903719805,9.712883161809277,5103,4
27913639,81,2.787868386,2.0252,2.0000165005330928,60.75549875094114,26.62386407551503,9.54989991967111,4908,5
27913639,82,2.787868386,2.0252,1.9999859917152207,60.75642554665561,25.85260832433869,9.27325280280957,4944,4
27913639,83,2.787868386,2.0252,1.9999573229870293,60.75729646996476,24.91891536331468,8.938339947628604,4799,9
27990610,41,2.816504852,2.50522,2.0000017051643226,75.15653592287816,26.588998252387228,9.440423379177345,9251,2
27990610,54,2.816504852,2.50522,2.0000322702981066,75.15538735662284,26.229517972489703,9.312789911888176,8944,4
27990610,55,2.816504852,2.50522,1.9999880341492826,75.15704965901828,27.16240809594501,9.644012534420805,9632,2
27990610,56,2.816504852,2.50522,1.9999561613076366,75.1582474196436,27.879990822824766,9.8987902694459,5148,4
27990610,74,2.816504852,2.50522,1.999965896102367,75.15788158835,26.70370758539684,9.481150925919598,4643,7
27990610,75,2.816504852,2.50522,2.000001720880391,75.15653533229604,27.697228185732456,9.833900398241692,5157,6
27990610,76,2.816504852,2.50522,2.0000352380156983,75.15527583860509,27.07824660086044,9.614130997016453,5103,4
27990610,81,2.816504852,2.50522,2.000017840327928,75.15592959678513,26.623869062631,9.452804259763797,4908,5
27990610,82,2.816504852,2.50522,1.9999856590584386,75.15713891206853,25.852606656107127,9.178967555390217,4944,4
27990610,83,2.816504852,2.50522,1.9999568187631667,75.15822271250745,24.91890786826343,8.84745781658019,4799,9
27991150,76,2.440829992,0.54,2.0000344004802173,16.199721360902902,27.078236294961243,11.093864129706763,5103,4
27991150,81,2.440829992,0.54,2.0000171710853465,16.199860915402812,26.623872956490686,10.90771296802825,4908,5
27991150,82,2.440829992,0.54,1.9999863296106923,16.20011073091026,25.85261441309285,10.591730885734238,4944,4
27991150,83,2.440829992,0.54,1.9999574906250928,16.200344333255448,24.91891771548626,10.209198427239851,4799,9
27992970,41,3.568096926,3.2455,2.0000033802352846,97.36483544197388,26.5890183306542,7.451876695642825,9251,2
27992970,54,3.568096926,3.2455,2.0000326055742335,97.36341270500971,26.22952517242811,7.351124623689135,8944,4
27992970,55,3.568096926,3.2455,1.9999903800999164,97.36546832303843,27.162437918756495,7.612584097934478,9632,2
27992970,74,3.568096926,3.2455,1.9999657291191397,97.3666684207466,26.703703865112402,7.484018629238437,4643,7
27992970,76,3.568096926,3.2455,2.0000318845995935,97.36344780272589,27.078201717049524,7.588975938331761,5103,4
27992970,81,3.568096926,3.2455,2.000018176913727,97.36411511043976,26.623881582516788,7.461647520983512,4908,5
27992970,82,3.568096926,3.2455,1.9999880053364905,97.36558393370834,25.852638446803212,7.2454978054044075,4944,4
27992970,83,3.568096926,3.2455,1.9999600051960442,97.36694708598023,24.91895140072529,6.983821324792479,4799,9
28084836,83,82.5342519,4.8336,1.9999579922296107,145.01104579535783,24.918923559069754,0.3019222078763369,4799,9
28089606,74,44.9309804,6.498,1.9999652262049494,194.94338946073577,26.703698285442442,0.5943270778360857,4643,7
28089606,75,44.9309804,6.498,2.000002056156518,194.93979958663024,27.69723356272334,0.6164395549829431,5157,6
28159518,41,37.815724,4.631,2.0000033802352846,138.92976519235282,26.589018446487444,0.7031207030833905,9251,2
28159518,54,37.815724,4.631,2.0000331084884237,138.9277001569238,26.22953027828771,0.6936143885090686,8944,4
28159518,55,37.815724,4.631,1.9999900451512076,138.93069151701334,27.16243398484994,0.7182841186605323,9632,2
28159518,56,37.815724,4.631,1.999958675878588,138.9328706394072,27.880025464997743,0.7372601266340356,5148,4
28159518,76,37.815724,4.631,2.000032723444747,138.92772690310244,27.07821329827857,0.7160569846098561,5103,4
28159518,81,37.815724,4.631,2.000018512189854,138.92871406263455,26.623884784287384,0.704042709437148,4908,5
28159518,83,37.815724,4.631,1.9999591656960547,138.9328366128391,24.918939230900378,0.6589570843837441,4799,9
28229515,74,16.1779561,5.269,1.9999648915836588,158.0727748423957,26.703696037811824,1.6506223575308023,4643,7
28229515,75,16.1779561,5.269,2.0000020555016818,158.06983754359155,27.69723446261378,1.7120354568531546,5157,6
28229515,76,16.1779561,5.269,2.0000369150511688,158.0670824727812,27.078268933975778,1.6737756467255946,5103,4
28229515,83,16.1779561,5.269,1.9999551423825324,158.07354540131567,24.918884586945296,1.5402986899528859,4799,9
28230581,41,13.15141081,5.6035,2.0000017038546503,168.10485678687903,26.588997111284243,2.021760060226135,9251,2
28230581,54,13.15141081,5.6035,2.0000339453690685,168.10214685529192,26.229532219746034,1.994427259454306,8944,4
28230581,55,13.15141081,5.6035,1.9999873629421927,168.1060621830128,27.162394517029043,2.0653597480488894,9632,2
28230581,74,13.15141081,5.6035,1.9999638857552782,168.10803554736776,26.70368820189651,2.0304808805448995,4643,5
28230581,75,13.15141081,5.6035,2.0000020548468456,168.10482728516297,27.697238332026245,2.1060279183862134,5157,6
28230581,76,13.15141081,5.6035,2.0000380885176128,168.10179862584116,27.078283417671628,2.058964152886319,5103,4
28230581,82,13.15141081,5.6035,1.999984653230058,168.1062899442788,25.852588930477395,1.9657654455459441,4945,4
28230919,14,4.888,2.35562,2.000022951324354,70.66778904032618,26.8502116033128,5.493087480219477,9245,2
28230919,15,4.888,2.35562,1.999974989812472,70.66948372852028,26.044182339296867,5.32818787628823,7546,3
28230919,41,4.888,2.35562,2.0000017051643226,70.66853974926364,26.588998234226437,5.43964775659297,9251,2
28230919,54,4.888,2.35562,2.000033610747778,70.66741240771272,26.229531144883367,5.366107026367301,8944,4
28230919,55,4.888,2.35562,1.999987364251865,70.66904647813611,27.16239738759805,5.556955275695182,9632,2
28230919,56,4.888,2.35562,1.9999539807031397,70.67022609705697,27.87995623839379,5.703755367920169,5148,4
28230919,74,4.888,2.35562,1.9999642197217327,70.66986429370478,26.703689967218452,5.463111695421124,4643,5
28230919,75,4.888,2.35562,2.0000010516378097,70.66856284113368,27.69723588171655,5.6663739528880015,5157,4
28230919,76,4.888,2.35562,2.0000375856034225,70.6672719639705,27.078277440443344,5.539745793871388,5103,4
28230919,82,4.888,2.35562,1.9999849878513487,70.66913044774567,25.852592324216857,5.288991883023089,4945,4
28230919,83,4.888,2.35562,1.9999544718302786,70.67020874262894,24.918875518191726,5.09796962319798,4799,9
28231454,74,16.54297375,3.8725,1.9999648896191502,116.1770395100516,26.703690495627598,1.6142013460927842,4643,7
28231454,75,16.54297375,3.8725,2.0000017215352273,116.17490000040856,27.697231796470078,1.6742595506125417,5157,6
28231454,76,16.54297375,3.8725,2.000037082034396,116.17284603726368,27.078269888930663,1.63684415499545,5103,4
28231454,82,16.54297375,3.8725,1.9999853231274756,116.17585254908914,25.852597242065713,1.5627539300221467,4945,4
28231454,83,16.54297375,3.8725,1.999954974744469,116.17761546341161,24.9188829807631,1.5063121877203667,4799,9
28234022,74,10.67607169,4.549,1.9999645543430233,136.47241867726962,26.703687802359127,2.5012653134740357,4643,7
28234022,76,10.67607169,4.549,2.0000333939970005,136.46772139866047,27.078221920695796,2.5363469548503748,5103,4
28234022,81,10.67607169,4.549,2.000018512189854,136.4687368324173,26.62389066442529,2.4937909221200902,4908,5
28234022,82,10.67607169,4.549,1.9999876694055274,136.4708413833012,25.852630739643246,2.42154900138585,4944,4
28234022,83,10.67607169,4.549,1.999958495143801,136.47283214263658,24.918929660047525,2.334091638162044,4799,9
28361088,41,11.02347475,1.421,2.00000304626883,42.62993506887879,26.589014496981235,2.4120356874751527,9251,2
28361088,54,11.02347475,1.421,2.0000346159213223,42.62926217440727,26.22954441262118,2.379426179809699,8944,4
28361088,55,11.02347475,1.421,1.9999890386679908,42.63023364207229,27.162415509971197,2.4640520458371076,9632,2
28361088,74,11.02347475,1.421,1.9999635504791513,42.63077693569636,26.703677014616915,2.422437354847383,4643,7
28361088,75,11.02347475,1.421,2.0000007143971743,42.62998477262967,27.697217325812744,2.5125668588130745,5157,6
28361088,76,11.02347475,1.421,2.000036243844079,42.62922747646307,27.0782584823246,2.4564176991764417,5103,4
28361088,82,11.02347475,1.421,1.99998632830102,42.63029141425583,25.852609987913638,2.3452323858149753,4945,4
28361088,83,11.02347475,1.421,1.999955646606395,42.63094541355084,24.91889252810006,2.260529741595322,4799,9
28900646,19,0.66913923,0.904,1.999981726767146,27.120247787301437,25.06365010249192,37.456554598498016,8673,2
28900646,59,0.66913923,0.904,1.9999809789442224,27.120257927969377,25.087274898196483,37.49186084665292,4596,4
28900646,86,0.66913923,0.904,2.000002430722816,27.119967039438677,26.56525993173318,39.70064635387344,4733,21
29781292,1,22.891054,2.69,2.00001269528002,80.69948774870278,27.88072283753195,1.2179746217684841,9410,16
29781292,2,22.891054,2.69,1.9999970276694512,80.70011993371588,27.40550945180121,1.1972148356209902,9226,3
29781292,3,22.891054,2.69,1.9999820882367203,80.70072274612117,20.277593458102274,0.8858304846121229,6814,2
29781292,4,22.891054,2.69,1.999971409495629,80.701153643343,25.55240567270789,1.116261648446065,8510,3
29781292,5,22.891054,2.69,1.9999670423931093,80.70132986135256,25.405125910896004,1.109827704346685,8633,2
29781292,6,22.891054,2.69,1.9999696060767747,80.7012264134399,21.77188293424547,0.9511088014665234,8376,2
29781292,7,22.891054,2.69,1.999975782164256,80.70097720150513,24.381674678083755,1.0651180447210407,8119,2
29781292,8,22.891054,2.69,1.99998818050517,80.70047691943486,23.844340752982134,1.0416445111257058,7792,2
29781292,9,22.891054,2.69,2.0000031189556466,80.69987415033592,24.158408865758247,1.055364635711324,8058,2
29781292,10,22.891054,2.69,2.000017250975361,80.69930392914813,24.43496401967377,1.0674459996325976,7562,2
29781292,11,22.891054,2.69,2.0000282345426967,80.69886075228526,24.464243789992906,1.068725091906773,7223,2
29781292,12,22.891054,2.69,2.0000317123776767,80.69872042584991,25.471233488856797,1.1127156263253233,7990,2
29781292,13,22.891054,2.69,2.0000269545016636,80.69891240051572,28.436490018384575,1.2422534156087603,9449,4
29781292,27,22.891054,2.69,2.0000209599675145,80.69915427417399,24.362758997580386,1.064291709660044,8521,2
29781292,28,22.891054,2.69,2.0000097635784186,80.69960604153404,23.747338437272447,1.0374069467169333,7657,2
29781292,29,22.891054,2.69,1.9999947691394482,80.70021106577529,25.17354764460515,1.0997111642218462,8100,2
29781292,30,22.891054,2.69,1.9999798297067173,80.70081387954205,26.305294864087955,1.1491517543966283,8598,2
29781292,31,22.891054,2.69,1.9999689384712838,80.70125335214922,25.42878030143902,1.110861050847157,8784,2
29781292,33,22.891054,2.69,1.9999708604154876,80.70117579936623,25.838500721741184,1.128759764480097,8731,2
29781292,34,22.891054,2.69,1.9999805906263646,80.70078317582667,24.891426380215307,1.0873866437174673,8440,2
29781292,35,22.891054,2.69,1.9999917411769275,80.70033324488709,23.959661597226386,1.046682323899388,7257,3
29781292,36,22.891054,2.69,2.0000117601739476,80.69952547977144,23.804281112240915,1.0398944981843525,7687,2
29781292,37,22.891054,2.69,2.0000230803270824,80.69906871954936,23.916929397366857,1.0448155597102193,7547,2
29781292,38,22.891054,2.69,2.00002878329542,80.6988386107441,24.529529237107454,1.0715770989447428,7729,2
29781292,39,22.891054,2.69,2.0000298094237223,80.69879720768007,27.94626274156917,1.2208377448049867,9924,2
29781292,61,22.891054,2.69,1.9999828124855412,80.70069352216838,23.751178221918963,1.037574688431514,3960,4
29781292,62,22.891054,2.69,1.9999976654798957,80.70009419799617,24.26246041622244,1.0599101472663703,4602,4
29781292,63,22.891054,2.69,2.0000121635530377,80.69950920361984,25.411256936727113,1.1100955393634173,4485,5
29781292,64,22.891054,2.69,2.000023227665224,80.69906277459299,26.91698461138276,1.175873536071461,5040,4
29781292,65,22.891054,2.69,2.0000284918933176,80.69885036848223,27.889314683242446,1.2183499581645496,5248,5
29781292,66,22.891054,2.69,2.000029500341043,80.69880967879637,25.832339248937842,1.1284905993816554,5192,5
29781292,67,22.891054,2.69,2.0000234692997765,80.69905302486644,24.878070794064115,1.0868032024241485,5009,4
29781292,68,22.891054,2.69,2.0000104708014987,80.69957750537145,24.637636730851227,1.0762997951449167,4986,4
29781292,69,22.891054,2.69,1.9999950494093355,80.70019975682777,24.129119716583318,1.054085133720069,4380,10
29781292,87,22.891054,2.69,1.9999688271491323,80.70125784413781,23.714922554506302,1.0359908527805797,4829,5
29781292,88,22.891054,2.69,1.999981825319992,80.70073335500257,27.770580243932727,1.213163021848305,4963,6
29781292,89,22.891054,2.69,1.9999971317884047,80.70011573250385,28.805517231395243,1.2583744388264184,5333,4
29781292,90,22.891054,2.69,2.0000130881817313,80.69947189532311,26.571008424415595,1.1607595012626153,5215,4
29781292,93,22.891054,2.69,2.0000327719026245,80.69867767539665,24.189262271480402,1.0567124725440953,4293,4
29781292,94,22.891054,2.69,2.0000258064101217,80.69895872478737,23.936398201547945,1.0456660580831247,3965,5
29781292,95,22.891054,2.69,2.000013904107618,80.6994389731579,23.77792673060685,1.0387432020651757,4087,4
29781292,96,22.891054,2.69,1.9999990691212588,80.70003756097469,24.116645737057752,1.0535402055780285,4284,5
29781292,97,22.891054,2.69,1.9999767657282064,80.7009375137581,52.391082006592114,2.2887142726845218,4962,8
29781292,98,22.891054,2.69,1.9999663243652321,80.70135883474269,57.37127833858585,2.506275086266707,5082,15
29857954,28,9.47725,4.7136,1.9999602278403472,141.41081210669785,22.64132040905588,2.3890179544758112,6709,2
29857954,68,9.47725,4.7136,1.9999816370545886,141.40929834561308,24.47748336651148,2.582762232347092,4987,4
29857954,92,9.47725,4.7136,2.0001834667345975,141.3950293578377,25.209244575790763,2.65997463143747,4406,4
29857954,95,9.47725,4.7136,1.9999843159894226,141.4091089309801,23.9734248127711,2.529576070354913,4204,4
31244979,92,1.865962,1.9632,2.0001345268974546,58.89203871837322,25.18776752339045,13.498542587357326,4629,4
33595516,97,0.765548,1.57,1.9999789384746691,47.100496004144844,52.11196953285162,68.07145931130592,4977,8
33692729,6,3.5379559,2.429,1.9999965132956277,72.87012703829527,21.772174628186576,6.153885250007377,8454,2
33692729,33,3.5379559,2.429,1.9999823436228326,72.8706433157814,25.838665373809818,7.303275140826322,8731,2
33692729,87,3.5379559,2.429,1.999974255086272,72.87093802800639,26.892796249318508,7.601224268883201,4829,7
35021200,46,5.90279,5.0,2.0001989267620957,149.98508197663986,24.97052802896542,4.23029245983093,8115,2
35021200,91,5.90279,5.0,1.9998897956247674,150.0082657836052,23.528057304793037,3.985921454904043,4788,5
36352297,6,1.5089557,2.373,2.0000273357800324,71.18902699620867,21.772501604832314,14.428854077579821,8460,2
36352297,33,1.5089557,2.373,2.0000111767149065,71.18960216705615,25.839030291605923,17.12378321749666,8731,2
36352297,87,1.5089557,2.373,2.0000037469435483,71.18986662779427,22.71812302035778,15.055526825842389,4829,4
36440357,6,9.20205,4.4317333,2.0000273564073723,132.9501804803513,21.772503116368853,2.3660492082056557,8487,2
36440357,33,9.20205,4.4317333,2.0000111767149065,132.9512560208575,25.839028392639193,2.807964354968642,8731,2
36440357,87,9.20205,4.4317333,2.0000017362690414,132.95188357988027,23.115350859369755,2.511978402570053,4829,5
36724087,9,0.76837931,0.7883,1.999962298104947,23.64944581446208,24.014853700441563,31.25390466388477,7955,2
36724087,35,0.76837931,0.7883,2.000031303759897,23.64862985448457,24.154481280132586,31.435621659480375,7397,3
36724087,62,0.76837931,0.7883,2.0000098198943306,23.648883885229605,24.571012281903222,31.9777119999538,4602,4
36724087,89,0.76837931,0.7883,2.0000205186079256,23.648757380209695,27.32938242949649,35.567566791324055,5333,4
36724087,100,0.76837931,0.7883,2.000056029719417,23.648337495142737,25.056152566913624,32.60909324447274,4493,5
37168957,6,1.9000693,2.387,2.0000132551649585,71.60952540196409,21.77234906769877,11.458713146777736,8482,2
37168957,33,1.9000693,2.387,1.9999964252201607,71.61012799522092,25.83884447878245,13.598895829106048,8731,2
37168957,87,1.9000693,2.387,1.9999869837920414,71.61046604835904,23.108242593769774,12.161789358824846,4829,5
37718056,70,3.656333,3.576,1.9999608571379213,107.28209966421534,24.20369937853593,6.619664942590275,4166,4
37749396,3,13.475853,2.37,1.9999609668229823,71.1013876565253,20.277362964787244,1.5047183257926042,6814,2
37749396,42,13.475853,2.37,2.00005338221672,71.09810231284699,23.366030386016064,1.7339184677968855,7061,2
37749396,70,13.475853,2.37,1.9999662209011149,71.10120086724748,24.471795295090033,1.815973749126681,4347,4
38064757,45,5.73594,2.654,2.000180159811862,79.61282848389928,24.098041889727938,4.201236744060771,8236,2
38064757,46,5.73594,2.654,2.0002007714356296,79.61200809142107,25.480301207435787,4.442218922693715,8445,2
38064757,72,5.73594,2.654,2.000189190657693,79.61246903231161,22.253501698006403,3.8796608224643916,4580,4
38114658,45,5.06416,2.08,2.0001808310189517,62.39435858228037,24.095272602073692,4.757999866132526,8234,2
38114658,46,5.06416,2.08,2.0002012730401475,62.39372091305286,25.63587829743119,5.062217287256167,8551,2
38114658,72,5.06416,2.08,2.000190195176401,62.39406647476023,22.820225533663688,4.506221275327732,4577,4
38354061,42,7.49556,3.5904,1.99995615213993,107.71436152212576,22.95944633599538,3.0630728505936022,6769,2
38354061,92,7.49556,3.5904,2.000193906133063,107.7015580036813,25.163547076538634,3.35712702940656,4415,4
39200363,25,3.8266472,2.113,2.0000306057045236,63.3890299670394,21.930762649425105,5.731064690109165,5911,2
39200363,26,3.8266472,2.113,1.9999809802538948,63.39060283658571,24.86633393587431,6.498203946231131,8500,2
39200363,52,3.8266472,2.113,2.0000027659989428,63.38991233178476,24.44044798899631,6.386909143073423,3522,4
39200363,53,3.8266472,2.113,1.9999574794928776,63.391347716126035,24.98153308102519,6.528308405599866,4276,4
39200363,79,3.8266472,2.113,1.9999970211210893,63.3900944157077,27.134790403814804,7.091009174771796,5252,4
39414571,87,4.0197517,2.7751,1.99995680959546,83.25479790420069,23.035676559160038,5.730621759339026,4829,4
39926974,42,2.260455,0.9816,1.9999595049011987,29.448596261907593,22.959483461307173,10.157018591968066,6769,2
39926974,92,2.260455,0.9816,2.000193276835489,29.44515446686208,24.817676370327717,10.979062343788184,4158,4
39928614,42,7.06599,1.62,1.9999568240018561,48.60104919940501,22.962230100882152,3.249683356597186,6771,2
39928614,92,7.06599,1.62,2.0001939493522514,48.595287487734645,25.221885968008337,3.5694766010153334,4440,4
39936432,42,4.655411,1.89,1.99995682334702,56.70122408453792,22.938618355836297,4.927302520837859,6754,2
39936432,92,4.655411,1.89,2.0001939892972587,56.69450093680241,25.226052433840323,5.418652066131288,4440,4
40292751,74,12.779107,4.6,1.9999866825673962,138.00091890896843,26.703933744976894,2.0896556969885998,4643,6
40292751,81,12.779107,4.6,1.999986996233929,138.00089726569283,26.62352536373919,2.083363521702979,4908,5
42883782,14,6.340758,3.341,1.9999840599484742,100.23079884204901,21.410855290706877,3.376702799682132,5290,3
42883782,80,6.340758,3.341,2.0000236948908423,100.22881254461376,26.447616754502633,4.171049700130904,4635,5
42883782,81,6.340758,3.341,1.999971236946294,100.23144148116718,26.623325026940165,4.198760625612926,4908,5
44792534,31,3.6849729,5.09,2.0000259354128502,152.6980198569068,25.429482886358073,6.900860217006771,8346,2
46296576,44,9.398977,3.92,2.0001937456981977,117.5886088564385,24.06901303396353,2.560811994109947,8157,3
46296576,45,9.398977,3.92,2.000191894476302,117.58871768730019,23.9731110325838,2.550608543098233,8146,2
46296576,46,9.398977,3.92,2.000142936303746,117.59159594596194,25.89629279597102,2.7552246160375775,8495,2
46432937,98,1.44044527,1.195,2.000008446048014,35.84984860522869,57.372693228201115,39.829832082548414,5082,12
47976987,75,51.3285623,9.439,2.000034409647924,283.1651281938173,27.697663458895477,0.5396150255877219,5157,6
47976987,80,51.3285623,9.439,2.000013803917682,283.16804558580435,26.447406226124258,0.515257101329804,4721,6
47976987,82,51.3285623,9.439,1.999957831139909,283.17597060394274,25.8522468143683,0.50366200914161,4944,4
48304302,14,38.871826,6.125,1.9999931117490632,183.75063286023448,26.84981879182351,0.6907269751573675,7458,6
48304302,15,38.871826,6.125,1.9999542030200246,183.75420769388506,23.07453844366455,0.5936057247134352,6731,2
48304302,74,38.871826,6.125,1.999999087129254,183.75008387003808,26.704125308717266,0.6869789268123722,4643,6
48304302,75,38.871826,6.125,2.000029045229894,183.74733150825696,27.697596299361976,0.7125365373718738,5157,6
48304302,80,38.871826,6.125,2.0000210408397834,183.748066893182,26.44746218720229,0.6803761209263052,4721,6
48304302,81,38.871826,6.125,1.9999871632171562,183.75117938699356,26.623477180718055,0.684904207502834,4908,5
48304653,80,3.4876812,3.875,2.0000212074955925,116.24876732738963,26.447463716084712,7.583108145344452,4721,6
48304653,81,3.4876812,3.875,1.999986660957802,116.25077533699888,26.62347072327657,7.633573482368908,4908,5
48304653,82,3.4876812,3.875,1.999961351211823,116.25224650422511,25.852292392480194,7.4124585677384145,4944,4
48352404,74,2.343231895,2.0391,1.9999975790415192,61.173074048736204,26.704108880536296,11.396272361057246,4643,6
48352404,75,2.343231895,2.0391,2.0000275377969956,61.17215772676936,27.69756846143173,11.820242170880713,5157,6
48352404,80,2.343231895,2.0391,2.0000215440813918,61.172341049052754,26.447470468522624,11.28674909425583,4721,6
48352404,81,2.343231895,2.0391,1.9999895108048804,61.17332082944914,26.623497420569493,11.361870533334256,4908,5
48352404,82,2.343231895,2.0391,1.9999642013863195,61.17409497389661,25.852332647617914,11.03276747930145,4944,4
48353203,74,34.18890521,5.3184,1.9999982515582815,159.55213948380847,26.704118974326775,0.7810755802299284,4643,6
48353203,80,34.18890521,5.3184,2.0000213764433283,159.55029469108376,26.447471058981137,0.7735688199587464,4721,6
48353203,81,34.18890521,5.3184,1.9999874150016694,159.5530039871444,26.623481187617017,0.7787169850595229,4908,5
48353636,82,83.5781,7.2487,1.9999611839011777,217.46522057574614,25.852289240884602,0.3093189393020971,4944,4
48448415,40,0.938466832,1.271,2.0000180341594387,38.129656181850535,28.20020052901691,30.049224508998854,9882,2
48448415,41,0.938466832,1.271,1.9999780668877065,38.13041815937164,26.588684297493728,28.332044767985714,9251,2
48448415,54,0.938466832,1.271,1.9999945510789985,38.130103883961915,26.22917639305524,27.94896473555417,6969,5
48448415,55,0.938466832,1.271,1.9999670780816814,38.13062766670473,27.16212749811575,28.943087354754535,8430,4
48448415,74,0.938466832,1.271,1.999994729849277,38.13010047568829,26.704071863025092,28.454998037719772,4643,6
48448415,75,0.938466832,1.271,2.000025188899599,38.12951977967725,27.697536660723927,29.513602096833537,5157,6
48448415,80,0.938466832,1.271,2.0000213489402086,38.12959298679957,26.44750584283156,28.18160955829237,4721,6
48448415,81,0.938466832,1.271,1.9999921923590591,38.130148853255626,26.623531852263568,28.36917719886297,4908,5
48448415,82,0.938466832,1.271,1.9999662130430806,38.130644159215755,25.85235840299447,27.54743963396084,4944,4
48450369,14,2.46502,1.231,1.9999957939580781,36.93007766472742,26.84985389325493,10.892347280450029,9245,2
48450369,15,2.46502,1.231,1.9999548732448602,36.930833284335364,23.074553049363658,9.360797498342269,6731,2
48450369,40,2.46502,1.231,2.0000180341594387,36.92966700224863,28.200197507340818,11.440149575800934,9882,2
48450369,41,2.46502,1.231,1.999975887592882,36.93044524096535,26.588659716864186,10.78638701384337,9251,2
48450369,53,2.46502,1.231,2.0000220208021346,36.92959339036552,24.98229374840048,10.134722537099286,6495,4
48450369,55,2.46502,1.231,1.9999642288894393,36.930660525370364,27.16209435560495,11.019015811476153,9632,2
48450369,74,2.46502,1.231,1.9999937233660603,36.930115898409426,26.704081966594458,10.833211076013363,4643,5
48450369,75,2.46502,1.231,2.0000251902092714,36.92953486864418,27.697568844787384,11.236245079061177,5157,4
48450369,80,2.46502,1.231,2.000020844716346,36.92961510632417,26.44750888976978,10.729125479618737,4721,6
48450369,81,2.46502,1.231,1.9999898460810073,36.93018749306609,26.623513960858418,10.800526551856949,4908,5
48450369,82,2.46502,1.231,1.9999638657827745,36.930667230375995,25.852323996911764,10.487673121074785,4944,4
48451562,75,3.9466141,2.836,2.00002452096669,85.07895689086602,27.697525965764726,7.018047689477601,5157,6
48451562,80,3.9466141,2.836,2.000024560256861,85.07895521950316,26.44750952330196,6.7013163317138,4721,6
48451562,82,3.9466141,2.836,1.9999670505785616,85.08140169148045,25.852368828801445,6.55051853911976,4944,4
48503953,40,28.86235584,5.2042,2.000018788858142,156.12453329914567,28.20021219825594,0.9770585725775579,9882,2
48503953,41,28.86235584,5.2042,1.9999797432683408,156.12758131725968,26.58870461708966,0.9212243367965371,9251,2
48503953,53,28.86235584,5.2042,2.0000226913543884,156.1242286648994,24.982291622423872,0.8655666142055254,5495,5
48503953,54,28.86235584,5.2042,1.9999958928383421,156.12632061801892,26.22919190749235,0.9087682257434309,6520,5
48503953,55,28.86235584,5.2042,1.999968755771988,156.12843905627452,27.162151004697535,0.9410926521477443,8377,5
48503953,74,28.86235584,5.2042,1.9999935557279969,156.1265030608263,26.704057100630962,0.9252209781026303,4643,6
48503953,75,28.86235584,5.2042,2.0000238477950916,156.1241383917694,27.697512853674198,0.9596414446283189,5157,6
48503953,80,28.86235584,5.2042,2.000024894878152,156.1240566553165,26.447513936956057,0.9163324741600878,4721,6
48503953,82,28.86235584,5.2042,1.9999679729153286,156.12850017034728,25.852381632042125,0.8957128023559883,4944,4
48506742,80,48.4308991,3.755,2.0000252301542787,112.64857892948716,26.44752144981885,0.5460877650693636,4721,5
48506742,82,48.4308991,3.755,1.9999653745253454,112.65195031362518,25.852344876232564,0.5337985739817199,4944,4
48528770,40,2.243381847,1.0205,2.0000190409700735,30.614708533125505,28.200216564878247,12.57040418802954,9882,2
48528770,41,2.243381847,1.0205,1.99998007985414,30.615304930669883,26.588709652168745,11.852065972507061,9251,2
48528770,53,2.243381847,1.0205,2.0000230266305152,30.614647523911554,24.982294771458328,11.135997558715347,5494,5
48528770,54,2.243381847,1.0205,1.999996228114469,30.615057738246655,26.229196523476276,11.691810985522462,6512,5
48528770,55,2.243381847,1.0205,1.999969091048115,30.615473146093205,27.162156203922223,12.107682978822918,8081,3
48528770,75,2.243381847,1.0205,2.0000235125189647,30.614640086347183,27.6975074043894,12.346318769329596,5157,6
48528770,80,2.243381847,1.0205,2.0000250638258876,30.614616340293214,26.447517650488408,11.789128848419537,4721,6
48528770,82,2.243381847,1.0205,1.999968391355651,30.615483856970403,25.852386549541734,11.523845833072631,4944,4
49709169,42,2.50387,2.6,2.0000131484266603,77.9994872147314,22.74341176675307,9.08330375249237,6613,2
49709169,92,2.50387,2.6,2.0001761011371855,77.99313266032293,24.71334975278205,9.870061046612664,4370,5
49984349,42,5.761612,2.232,1.9999373766768258,66.96209669451086,22.959232264051025,3.984862615540759,6769,2
49984349,92,5.761612,2.232,2.0001957943532034,66.95344544672702,24.703790592845962,4.287652586263351,4415,4
51641442,46,0.728113,0.7992,2.0001928924466483,23.973687828349803,25.007974236934388,34.34628174051883,8134,2
51641442,91,0.728113,0.7992,1.9999152779200813,23.977015691319806,23.53531447260957,32.32371139178887,4788,5
52368076,1,4.65382,2.9616,2.0000176376561285,88.84721647167395,27.880790836594542,5.990947401617283,9409,16
52368076,2,4.65382,2.9616,1.9999767480476294,88.84903295674124,27.405241963035678,5.888762771881096,9225,3
52368076,28,4.65382,2.9616,2.0000125302613014,88.84744335915937,23.786241619920474,5.1111219643046955,7689,2
52368076,68,4.65382,2.9616,2.0000148287363118,88.84734125310227,24.62656748790596,5.291688868049465,4996,4
52368076,69,4.65382,2.9616,1.9999756047036499,88.84908374986426,23.82332724614298,5.119090821334513,4285,9
52368076,95,4.65382,2.9616,2.0000195101602003,88.8471332890981,23.793273727145788,5.112633004101102,4078,4
52368076,96,4.65382,2.9616,1.9999816331255715,88.84881593752272,23.888665717483036,5.133130571763205,4272,5
52640302,6,1.5732918,2.39976,2.000023312139092,71.9919608566975,21.772463062280394,13.838795233204923,8442,2
52640302,7,1.5732918,2.39976,1.9999743569132988,71.99372307064132,24.45385398793178,15.543114117757291,8171,2
52640302,33,1.5732918,2.39976,2.000012854405213,71.99233729066212,25.839054829394627,16.423561623720804,8731,2
52640302,34,1.5732918,2.39976,1.999960212779115,71.99423222521,25.00506201460712,15.893467451242751,8522,2
52640302,87,1.5732918,2.39976,2.0000077807344496,71.99251992266007,24.5528888093163,15.606061640514683,4797,5
53498154,22,3.3903473,2.392,1.9999803719110787,71.76070426274215,25.537239807734295,7.532337412079964,8224,2
53498154,75,3.3903473,2.392,2.0000359183904948,71.75871127129356,27.697650023636015,8.169561278762213,5157,5
53498154,76,3.3903473,2.392,1.9999587963684462,71.76147841675821,27.077285428233154,7.986581619007927,4343,4
55092869,9,4.73620865,7.1,1.9999804030157975,213.00208709926798,24.094240010296517,5.087242094010473,8012,2
55092869,62,4.73620865,7.1,2.000028595357435,212.9969546379748,24.435145895341975,5.159220739851057,4474,4
55092869,89,4.73620865,7.1,2.0000419749703724,212.99552975947444,27.326871624982232,5.76977782112328,5333,4
55092869,100,4.73620865,7.1,2.000076814874774,212.99181953002747,25.130012188820274,5.305934355071176,4610,5
55652896,1,17.16073,2.062,2.0000223731040023,61.85930800763421,25.862776591393867,1.5070907001854739,7966,16
55652896,2,17.16073,2.062,2.0000147144673974,61.85954488487178,27.40574352599333,1.5970033632597989,9226,3
55652896,3,17.16073,2.062,2.000003214889148,61.85990056363849,20.277802588623672,1.181639859646045,6814,2
55652896,4,17.16073,2.062,1.9999911475679255,61.860273806935986,25.48876525472201,1.4852960949051708,8464,3
55652896,5,17.16073,2.062,1.9999807461499586,61.86059552731487,25.284469624021767,1.4733912615618197,8558,2
55652896,6,17.16073,2.062,1.9999742580330349,61.86079620928622,21.771933712007694,1.2687067340379863,8270,2
55652896,7,17.16073,2.062,1.9999742672007415,61.86079592572176,24.21495797180978,1.4110680589817437,7999,2
55652896,8,17.16073,2.062,1.999977955565555,61.86068184187278,23.569189954972444,1.3734374910025646,7610,2
55652896,9,17.16073,2.062,1.9999863541670493,61.860422068492895,23.49429778248873,1.3690733309415584,7582,2
55652896,11,17.16073,2.062,2.0000088730012067,61.859725559290226,22.86123734859848,1.3321832665975444,6172,2
55652896,12,17.16073,2.062,2.0000189312850125,61.85941446089706,22.84328495965201,1.3311371345887972,6229,2
55652896,13,17.16073,2.062,2.0000237318890868,61.85926598138036,24.004454467207324,1.3988014768140589,7146,3
55652896,27,17.16073,2.062,2.0000238096508838,61.85926357626515,23.49195152989614,1.3689366087512675,8103,2
55652896,28,17.16073,2.062,2.000020660707378,61.85936097092219,23.676635870371683,1.3796986416295625,7454,2
55652896,29,17.16073,2.062,2.000012790231267,61.85960440067681,24.27376778933376,1.4144950587378136,7468,2
55652896,30,17.16073,2.062,2.0000009521027096,61.859970551477204,25.82084686120379,1.504647346657385,8252,2
55652896,31,17.16073,2.062,1.9999882325646468,61.86036396891696,25.429022585588882,1.481814735479719,8583,2
55652896,32,17.16073,2.062,1.9999771520815557,61.86070669419072,25.76082367061099,1.5011496405229257,9154,2
55652896,33,17.16073,2.062,1.9999720024497947,61.86086597635045,25.8385391818274,1.5056783238141618,8731,2
55652896,34,17.16073,2.062,1.999973162819515,61.860830085130964,24.82745359556202,1.4467597587959264,8394,2
55652896,35,17.16073,2.062,1.99997929536039,61.86064040113276,23.849762316688157,1.3897871662037777,7178,3
55652896,36,17.16073,2.062,1.9999891296902206,61.86033622050888,23.34154914211149,1.3601722736801691,7343,2
55652896,37,17.16073,2.062,1.9999992757220753,61.86002240192432,23.091684458506734,1.3456120140872057,6863,2
55652896,38,17.16073,2.062,2.000010846677469,61.859664514085324,23.129314113210057,1.3478047911254392,6392,2
55652896,39,17.16073,2.062,2.0000203385279747,61.85937093572686,27.946125590597603,1.6284928199789637,9924,2
55652896,61,17.16073,2.062,1.9999726068635937,61.86084728131389,23.538584034283303,1.3716540050617487,3839,4
55652896,62,17.16073,2.062,1.999980189211783,61.86061275374911,23.842827877796026,1.3893830785634425,4394,4
55652896,63,17.16073,2.062,1.9999914609070402,61.86026411527289,25.502669360544132,1.4861063230144715,4485,5
55652896,64,17.16073,2.062,2.000003614666639,61.85988819856291,26.916712983266734,1.5685062921721122,5040,4
55652896,65,17.16073,2.062,2.0000136572343763,61.85957758462525,27.889091173393354,1.6251692773788382,5248,5
55652896,66,17.16073,2.062,2.0000241346133407,61.8592535254173,22.07524957154692,1.286381731519983,5192,4
55652896,67,17.16073,2.062,2.000026277892175,61.85918723547388,22.844732356262284,1.3312214781225673,4960,4
55652896,68,17.16073,2.062,2.000021452404326,61.8593364842512,24.06137095553231,1.402118147394214,4901,4
55652896,69,17.16073,2.062,2.0000129041727632,61.85960087651161,23.695994245808834,1.3808267040976014,4325,10
55652896,87,17.16073,2.062,1.999971268378431,61.860888681821756,23.842725004026306,1.3893770838435373,4702,5
55652896,88,17.16073,2.062,1.9999736938916612,61.860813658633006,24.77884664170324,1.4439273062220104,4963,5
55652896,89,17.16073,2.062,1.9999819887016201,61.86055709447588,28.805291446585215,1.6785586304653248,5333,4
55652896,90,17.16073,2.062,1.9999939440458547,61.86018731122888,24.855470494367182,1.4483923757536643,5089,4
55652896,93,17.16073,2.062,2.00002464800491,61.85923764660337,23.69471704751504,1.3807522784587276,4185,4
55652896,94,17.16073,2.062,2.0000267172872555,61.85917364534416,23.51973839369157,1.3705558209756559,3782,5
55652896,95,17.16073,2.062,2.000023615983082,61.859269566268225,23.554427246616342,1.372577229909004,4010,4
55652896,96,17.16073,2.062,2.000015915109543,61.85950774957893,23.676563993789387,1.3796944531957198,4147,5
55652896,98,17.16073,2.062,1.9999758613994345,61.860746615926615,57.37158488573232,3.3431902305864796,5082,12
56814628,46,21.06884,3.9,2.0001980892266147,116.98841292788012,24.83301064026864,1.178660554651734,8046,2
56814628,91,21.06884,3.9,1.999895830595051,117.00609422760556,23.419815068815296,1.1115854061645205,4788,5
57984377,57,2.5199454,3.7121363,1.9999850107706152,111.36492363719292,28.75952657222524,11.41275782095328,5254,5
57984377,84,2.5199454,3.7121363,1.9999930534686428,111.36447579841162,25.74985646176583,10.218418407702734,4428,5
58824746,42,10.283918787,3.7225,2.0001083688111976,111.6689492843592,23.87496539246058,2.3215824518802264,7427,2
58824746,43,10.283918787,3.7225,2.000028620896046,111.67340190358651,24.00873677259051,2.33459027340241,7906,2
58824746,70,10.283918787,3.7225,2.000023216533009,111.67370366188636,24.08913908659042,2.342408529814698,4220,4
59040029,42,6.102325,2.15,2.000191516635823,64.49382417988085,22.345185041579498,3.661749421995632,6325,2
59040029,43,6.102325,2.15,2.0001550219603814,64.49500092926057,24.40464621327601,3.9992373748163215,8190,2
59040029,44,6.102325,2.15,2.0000876321137184,64.49717398815727,24.251044542026648,3.974066366839958,8070,2
59040029,70,6.102325,2.15,2.0001462635264033,64.4952833462107,24.04201862277978,3.939812878334041,4011,4
59040029,71,6.102325,2.15,2.0000701971002854,64.49773622297108,23.46889111422206,3.845893346260984,4181,4
59128183,5,4.44143463188,1.462524,2.0000286965296254,43.875090468583274,25.742034563201514,5.795882793912753,8722,2
59128183,32,4.44143463188,1.462524,2.0000105120561784,43.875489389195344,25.918160998705844,5.835538096782713,9332,2
59128183,71,4.44143463188,1.462524,2.0001204885193147,43.87307689896333,24.172290107696426,5.442450944609449,4196,4
59128183,98,4.44143463188,1.462524,1.9999843074765522,43.87606426308363,52.51914042555154,11.824814452649253,5082,11
61538902,10,5.748145,2.6856,1.9999917735913186,80.56833139401041,24.295771017166317,4.226715056277515,7462,2
61538902,37,5.748145,2.6856,1.999974297650624,80.56903540674845,24.198343412958366,4.20976565708735,7799,2
61538902,63,5.748145,2.6856,2.0000386503670597,80.56644303870192,25.671309792895045,4.466016391878605,4485,5
61538902,64,5.748145,2.6856,1.9999682423804188,80.56927934426167,26.916238826280278,4.682595659344063,5040,4
61538902,90,5.748145,2.6856,2.0000366105523426,80.56652520750592,26.42542238892338,4.5972087323690305,5215,4
61538902,99,5.748145,2.6856,2.0001504459651187,80.56193989060066,27.664577565021773,4.812783526689353,4697,8
61538902,100,5.748145,2.6856,2.000121408564155,80.56310947427743,25.179281053452087,4.38041856171897,4837,4
61538902,101,5.748145,2.6856,2.0000654220348224,80.56536462495501,23.964649597462994,4.169110138568702,4240,4
62483237,1,11.07085,2.1937617,2.00003607882536,65.81166379623761,27.623964733836146,2.495198176638302,9409,16
62483237,28,11.07085,2.1937617,2.0000225891999435,65.81210767857047,21.989053403555772,1.9862118449401602,6345,2
62483237,68,11.07085,2.1937617,2.000024552398827,65.81204307823536,24.28637122562168,2.19372236328933,5155,4
62483237,95,11.07085,2.1937617,2.0000292305485345,65.81188914119015,23.942011195448686,2.162617251200105,4062,4
63009789,74,6.42200058,2.6602,1.999979977044859,79.806798983978,26.703895220120103,4.158189474987576,4643,5
63009789,75,6.42200058,2.6602,2.0000218361383304,79.80512868208531,27.69750175079571,4.312908634274168,5157,6
63009789,81,6.42200058,2.6602,2.0000024189357646,79.80590347732293,26.62365393072514,4.145694725353815,4934,6
63009789,82,6.42200058,2.6602,1.9999665483192075,79.80733484474506,25.852345220123425,4.025590608109759,4945,4
63068329,54,28.59915399,3.6632,2.0000198637717403,109.8949085363107,26.229346513209748,0.9171371475667118,8944,4
63068329,55,28.59915399,3.6632,1.9999724431545474,109.89751421440741,27.162204326290976,0.9497555184950062,9632,2
63068329,74,28.59915399,3.6632,1.9999793071474414,109.8971370426267,26.703880023496822,0.9337297191670116,4643,6
63068329,75,28.59915399,3.6632,2.000017812824808,109.89502122961977,27.69744031144546,0.9684706170374888,5157,6
63068329,81,28.59915399,3.6632,2.0000027542118914,109.89584866177339,26.623685550523533,0.930925633668492,4908,5
63068329,82,28.59915399,3.6632,1.9999712415301474,109.89758024312414,25.85241214764119,0.9039572344231148,4944,4
63072565,74,1.569066502,2.7835,1.9999789712164784,83.50587801351575,26.703874924505726,17.01895674304933,4643,6
63072565,75,1.569066502,2.7835,2.0000174782035174,83.50427024768501,27.697437936107235,17.652175928045676,5157,6
63072565,81,1.569066502,2.7835,2.000003423454473,83.5048570624618,26.62368956894761,16.96785288259733,4908,6
63072565,82,1.569066502,2.7835,1.9999712428398198,83.50620070059479,25.852413359641105,16.476301881844076,4944,4
63122956,74,5.91,2.3254,1.9999799783545313,69.76269838200697,26.703897420835347,4.518425959532207,4643,5
63122956,75,5.91,2.3254,2.0000245190021815,69.76114476316968,27.69753725211376,4.686554526584393,5157,6
63122956,81,5.91,2.3254,2.0000024182809284,69.76191564804493,26.623639737136273,4.5048459792108755,4934,5
63122956,82,5.91,2.3254,1.9999638654553564,69.76326043182428,25.85230454181601,4.374332409782743,4945,4
63126862,14,0.45328509,0.4445,2.000008199174772,13.334945332226324,26.849999737438793,59.23424425329938,9245,3
63126862,15,0.45328509,0.4445,1.9999580593503197,13.335279645145993,26.043957809414906,57.45602135162863,7237,3
63126862,40,0.45328509,0.4445,2.0000364750012523,13.334756807364377,28.20043008396624,62.213451768215535,9882,2
63126862,41,0.45328509,0.4445,1.9999842694960535,13.335104883960003,26.58877990008432,58.657962696466186,9251,2
63126862,54,0.45328509,0.4445,2.0000198637717403,13.334867559617305,26.22934073365468,57.86499779565809,8944,4
63126862,74,0.45328509,0.4445,1.99997863790486,13.335142433290683,26.703880291950554,58.9118876421692,4643,5
63126862,75,0.45328509,0.4445,2.000019491824787,13.334870039524816,27.697477899391743,61.103880340277115,5157,7
63126862,81,0.45328509,0.4445,2.000002084314474,13.33498610284773,26.62367180047704,58.734938315480534,4908,6
63126862,82,0.45328509,0.4445,1.9999682246998418,13.335211865179845,25.85236844847259,57.03335278129838,4945,4
63204017,81,3.940997,2.596,2.000005771697033,77.87977525076612,26.62372003344035,6.755579878249172,4908,5
63204017,82,3.940997,2.596,1.9999749308772152,77.88097620387752,25.852465346649296,6.559879478885494,4944,4
63206513,74,8.313783059,2.9927,1.9999783026287332,89.78197401641165,26.703869466024116,3.2119997931767195,4643,6
63206513,75,8.313783059,2.9927,2.0000171435822267,89.78023042261871,27.697436561940776,3.3315082153794235,5157,6
63206513,81,8.313783059,2.9927,2.0000037587305997,89.78083126902114,26.623693447906135,3.2023560464552814,4908,6
63211674,40,8.6001536,9.003,2.0000369772606064,270.08500649816443,28.200431962443872,3.279061430070722,9882,2
63211674,41,8.6001536,9.003,1.9999822578392923,270.092396011348,26.588754331088694,3.0916604014012834,9251,2
63211674,54,8.6001536,9.003,2.000019194529159,270.0874078996868,26.229329874899122,3.049867606422648,8944,4
63211674,55,8.6001536,9.003,1.9999669110984541,270.0944685646392,27.162127418138425,3.158330499834145,9633,2
63211674,74,8.6001536,9.003,1.9999793071474414,270.09279449518687,26.7038872824578,3.1050477147824194,4643,5
63211674,75,8.6001536,9.003,2.000021838102839,270.08705090560346,27.697512893604653,3.2205835130205873,5157,6
63211674,81,8.6001536,9.003,2.0000034250915633,270.089537459302,26.623654822466506,3.0957185255931363,4934,5
63211674,82,8.6001536,9.003,1.999965542490827,270.0946533944985,25.852329822334468,3.0060311739472265,4945,4
63282889,74,1.025869966,0.8069,1.9999789725261508,24.20725450870557,26.703883196745664,26.030475676042617,4643,5
63282889,75,1.025869966,0.8069,2.000023177897674,24.20671946956655,27.69752031927237,26.99905566713157,5157,6
63282889,81,1.025869966,0.8069,2.000002755521564,24.2069666485907,26.623654670660926,25.952270319863256,4934,5
63282889,82,1.025869966,0.8069,1.9999648719385732,24.20742517995935,25.852319927963435,25.200386778808806,4945,4
63284044,40,2.279526656,1.592,2.0000373125367332,47.759108993245675,28.200437193449943,12.371181148166379,9882,2
63284044,41,2.279526656,1.592,1.9999825931154191,47.760415680021644,26.588759081066655,11.664158000118888,9251,2
63284044,74,2.279526656,1.592,1.9999789718713146,47.76050215699272,26.703882081719712,11.714661029048179,4643,5
63284044,75,2.279526656,1.592,2.0000218361383304,47.75947855870981,27.69750809170546,12.150552404729353,5157,6
63284044,81,2.279526656,1.592,2.0000047658686526,47.75988619132778,26.623659780595062,11.679468503041301,4934,4
63284044,82,2.279526656,1.592,1.9999658777669538,47.76081485282745,25.852333829582676,11.341097399118407,4945,4
63286249,81,24.31575992,4.1383,2.0000047645589802,124.14870424308816,26.623675017498044,1.09491437261641,4934,5
63286249,82,24.31575992,4.1383,1.9999682240450056,124.15097250785746,25.852366638214335,1.0631938595902346,4945,4
63288941,75,44.6169557,7.632,2.0000171422725543,228.9580375694582,27.697433883922713,0.6207826923503594,5157,6
63288941,81,44.6169557,7.632,2.0000040940067265,228.95953131906933,26.623698384614272,0.5967170544675748,4908,6
63293562,74,1.644224613,2.7822,1.9999769602145534,83.46696153044276,26.703852425032892,16.241000295154254,4643,6
63293562,75,1.644224613,2.7822,2.0000154672015924,83.46535451226788,27.697409971051457,16.84527147450715,5157,6
63293562,81,1.644224613,2.7822,2.0000047645589802,83.46580116113375,26.623713617093472,16.192260720703292,4908,5
63293562,82,1.644224613,2.7822,1.9999732538417447,83.46711621234965,25.85243907345739,15.723179709789072,4944,4
63366291,74,18.3027248,8.164,1.9999776320764795,244.9227392065495,26.703867429920138,1.4590104873302874,4643,5
63366291,75,18.3027248,8.164,2.000019155238988,244.91765427190003,27.697477515919672,1.5132980372364924,5157,5
63366291,81,18.3027248,8.164,2.000004766523489,244.91941629292467,26.623679909502698,1.454629307954338,4934,5
63366291,82,18.3027248,8.164,1.9999682240450056,244.9238913452742,25.85236497580354,1.412487225716443,4945,4
63372898,40,2.382961,2.026,2.000038319674786,60.77883548739511,28.200451970512404,11.83420625453476,9882,2
63372898,41,2.382961,2.026,1.9999832636676729,60.78050862139565,26.58876725412074,11.157869245078178,9251,2
63372898,54,2.382961,2.026,2.0000205356336664,60.77937592850072,26.22934632554825,11.007039697900323,8944,4
63372898,55,2.382961,2.026,1.9999675829603802,60.780985169802186,27.16213703078438,11.398481565910807,9633,2
63372898,74,2.382961,2.026,1.999977966042934,60.780669619332414,26.70386909093395,11.20617126798716,4643,5
63372898,75,2.382961,2.026,2.0000209992576856,60.77936183925938,27.697501586882936,11.62314514878042,5157,5
63372898,81,2.382961,2.026,2.000005771042197,60.779824618533695,26.623670181139914,11.172516118031272,4934,4
63372898,82,2.382961,2.026,1.9999662130430806,60.78102680296705,25.852337446839556,10.848829438181975,4945,4
63898957,3,3.3639254,3.3430495,1.9999743781954749,100.29276984087207,20.277503182851433,6.027928913896674,6814,2
63898957,30,3.3639254,3.3430495,1.9999675921280868,100.29311014313365,25.94955984301214,7.714071139333869,8344,2
66561343,33,10.62656,5.415,1.9999602134339511,162.45323172811698,25.83837486729044,2.4314900463828786,8731,2
66561343,98,10.62656,5.415,2.000020515988581,162.44833360592136,57.37300036697752,5.399019096205877,5082,12
67512645,72,3.37077196,1.422,2.0001910333667183,42.655925647456534,23.256376368894962,6.899421451487025,4520,4
68007716,88,5.45664,4.162,1.9999561514850939,124.86273752280374,24.64541293920911,4.516591334449242,5249,4
68577662,43,11.168454,5.03016,2.0001831838453654,150.8909796050625,24.281369300893402,2.174102995893022,8101,2
68577662,44,11.168454,5.03016,2.0001332290121354,150.89474822087908,24.176598843812826,2.164722068409184,8070,2
68577662,71,11.168454,5.03016,2.000120489174151,150.89570935029877,24.09312337511892,2.157247849623495,4177,4
69356857,74,4.0966692,4.783,1.9999796430784045,143.49146052220576,26.703864543518648,6.518433205082473,4643,6
69356857,75,4.0966692,4.783,2.000032901560189,143.48763951639603,27.69764695795493,6.761016231907358,5157,6
69356857,81,4.0966692,4.783,2.0000034260738175,143.48975419675503,26.623620458060486,6.4988455641135205,4934,4
69679391,14,3.4741085,3.57552,2.000003840585123,107.26539401906177,26.8498802056788,7.728566970685804,5330,4
69679391,40,3.4741085,3.57552,2.0000453604734503,107.26316724597498,28.20051293931192,8.117337998888614,9882,2
69679391,41,3.4741085,3.57552,1.9999708597606514,107.26716289540052,26.58860957538809,7.653361884174917,9251,2
69679391,54,3.4741085,3.57552,2.000002431377652,107.2654695985672,26.22930521883245,7.549938414080174,5208,7
69679391,74,3.4741085,3.57552,1.9999796424235683,107.2666918449389,26.703877541987822,7.686541034048828,4958,4
69679391,75,3.4741085,3.57552,2.0000392718065996,107.26349378440845,27.69773233741762,7.972615805585122,5157,5
69679391,81,3.4741085,3.57552,1.9999930305493763,107.26597379245398,26.623581542746706,7.663428342191013,4908,7
70298662,91,3.1443189,0.821,2.000062797451392,24.62922667366757,24.28136208957403,7.722296262498703,5023,4
70899085,5,4.052037,1.5605128,1.9999790628935443,46.81587409446986,25.419173915543524,6.2731840591641985,8639,2
70899085,32,4.052037,1.5605128,1.9999629021913279,46.81625239018695,25.89811353711002,6.391381307009294,9291,2
73717937,10,16.254611,4.8264,2.0000353545765392,144.7894405153216,24.33518294440705,1.4971249047059354,7490,2
73717937,11,16.254611,4.8264,1.999961598412483,144.7947801747114,23.87179029115532,1.4686165230995267,6828,2
73717937,37,16.254611,4.8264,2.000015871890355,144.79085094774464,24.37247690323602,1.4994192665229589,8032,2
73717937,64,16.254611,4.8264,2.000013840588508,144.79099800368846,26.91680926461686,1.655949149728459,5040,4
73717937,99,16.254611,4.8264,2.0001534110633656,144.7808945045095,27.664647396330565,1.7019569029569865,4697,8
73717937,100,16.254611,4.8264,2.0001437044265913,144.7815971218023,25.275417480399938,1.5549690780296088,4685,5
73717937,101,16.254611,4.8264,2.0001012965803966,144.78466690417434,24.017871406057566,1.4776035800584564,4102,4
77044471,2,2.686502,2.6208,2.0000126232480397,78.62350375800514,27.405603968818923,10.201222246928877,9226,3
77044471,29,2.686502,2.6208,2.000003820285201,78.62384981723504,23.791636102642315,8.855990467396754,7058,2
77044471,69,2.686502,2.6208,2.000005106710887,78.6237992454942,23.87225675670743,8.885999994307628,4416,10
77044471,96,2.686502,2.6208,2.000012460848666,78.62351014216927,24.126558531289447,8.980659061965875,4261,5
77156657,31,3.840401,5.5872,2.0000209075806197,167.61424779580062,25.429433017759493,6.621556711853656,8759,2
77156657,32,3.840401,5.5872,1.9999689371616114,167.6186033547935,25.866260444438012,6.735301976131662,9244,2
77156657,98,3.840401,5.5872,1.9999581585580017,167.61950672093414,57.37119427394691,14.938855154434892,5082,12
77156829,4,0.8602325,0.801,2.000022998145141,24.029723680463547,25.54892758417941,29.700025962957003,8507,3
77156829,5,0.8602325,0.801,1.9999787285996717,24.030255578593202,25.424730016998865,29.555649219250455,8650,2
77156829,31,0.8602325,0.801,2.000019579572836,24.02976475373539,25.429417289816683,29.561098063391796,8730,2
77156829,32,0.8602325,0.801,1.9999689371616114,24.030373225799966,25.83987257098852,30.038242650665396,9207,2
77156829,98,0.8602325,0.801,1.999958495143801,24.030498691196286,57.371199315545255,66.692666593677,5082,12
79748331,13,6.443868,1.98,2.000011217969586,59.399666828172045,24.37244840357016,3.782269966357188,9728,3
79748331,27,6.443868,1.98,1.999970250762999,59.40088356548163,21.216485670952807,3.292507802914772,5997,2
79748331,67,6.443868,1.98,2.0000017608253984,59.39994770353171,23.830496502162077,3.6981664587421834,5009,4
79748331,94,6.443868,1.98,1.9999970558274072,59.400087442054726,24.058283019686314,3.7335158044339694,3844,5
82050863,46,18.4498,2.8397,2.0002019449020736,85.18239892439541,25.694233769601396,1.3926564932737155,8601,2
82050863,72,18.4498,2.8397,2.0001831550325733,85.18319913419394,22.91460300678682,1.241997366192957,4551,4
85266608,48,5.167228,5.9764524,2.0000272765173577,179.29112678123414,26.036472184991908,5.0387697591420215,8346,2
85293053,21,8.054246874,3.4202,2.000033342919778,102.6042894367042,27.335196085919733,3.393886047143746,9590,2
85293053,48,8.054246874,3.4202,2.0000078298471635,102.60559830692357,26.12094433791708,3.243126855502577,8407,2
86380416,47,6.0408643461,3.1347908,2.0000138707109727,94.0430717778662,26.464092052343858,4.380845279107973,8980,2
88529975,60,2.6085846,1.985,1.9999850140447961,59.55044621015964,23.108138764736395,8.858496966031462,4410,4
88529975,74,2.6085846,1.985,1.9999548319901805,59.55134490786578,26.703608141799123,10.236818902403673,4588,5
89020549,1,2.1097019,2.1344043,2.0000260182496277,64.03129600887823,27.88078593038722,13.21550970323685,9409,16
89020549,28,2.1097019,2.1344043,2.0000125296064653,64.03172785382435,22.998674894135547,10.9013860650813,7089,2
89020549,68,2.1097019,2.1344043,2.0000151640124386,64.03164351168066,24.390424924343733,11.56107643660165,5017,4
89020549,95,2.1097019,2.1344043,2.0000198546040338,64.03149334002703,23.92106454923396,11.338599329712865,4147,4
91987762,21,45.52234,4.2704237,2.0000125557999127,128.11190672626637,27.34465751829589,0.600686553421812,9598,2
91987762,45,45.52234,4.2704237,2.0001970912562683,128.10008729643334,24.29819572516044,0.5337642073136056,8380,3
91987762,46,45.52234,4.2704237,2.0001596988004167,128.10248209363965,25.838158563668912,0.567592934890186,8648,2
91987762,48,45.52234,4.2704237,1.9999843592086108,128.1137128999288,25.83038238455947,0.5674221137261282,8198,2
97568467,33,10.655669,7.838,1.999966249713907,235.14396808809803,25.83845197102073,2.424854973537629,8731,2
97568467,72,10.655669,7.838,2.0000862608867465,235.12985874494206,23.74271532231569,2.2281768814624114,4635,4
97568467,87,10.655669,7.838,1.9999534673115704,235.14547097546827,23.49816804329157,2.2052269119181136,4829,5
97766057,39,3.25352,5.1923833,1.9999970774370013,155.77172662634226,27.372031500967296,8.41305155676538,9413,4
97766057,66,3.25352,5.1923833,1.9999776157055749,155.77324243706113,24.798259078640058,7.621978373773654,5194,5
97766057,91,3.25352,5.1923833,2.0001332054380327,155.76112488556558,24.840530576913807,7.634970916703695,5023,4
97766057,93,3.25352,5.1923833,1.9999675403960282,155.7740271816157,24.542630328908217,7.543408471104594,4456,4
98545929,33,1.8882378,3.624,2.0000369916670024,108.71798917017372,25.839359386544857,13.684377776223343,8731,2
98545929,34,1.8882378,3.624,1.999979994725436,108.72108749760315,24.949752340464784,13.213246944036808,8482,2
98545929,61,1.8882378,3.624,1.9999715800804552,108.72154492877984,23.966329505547037,12.692431803635664,4029,4
98545929,87,1.8882378,3.624,2.0000305703433696,108.71833822153499,24.14344192247654,12.786229532358975,4829,5
98545929,88,1.8882378,3.624,1.9999722453940194,108.72150876131865,27.770517123952686,14.707107930978125,5249,5
98669309,46,4.00167,2.1,2.000195071741473,62.99385583941965,25.007997613756743,6.2493902829960355,8134,2
98669309,91,4.00167,2.1,1.9999065600859467,63.002943494812634,23.268560880112545,5.814712577527019,4788,4
98720809,46,0.584216,1.5,2.000194234860828,44.99563014002094,25.007989578959496,42.806067582810975,8134,2
98720809,91,0.584216,1.5,1.9999092422949616,45.00204214103338,23.276925480735372,39.84301265411316,4788,4
98751904,46,2.69828,1.5,2.000193898275029,44.99563771173194,25.00798550854961,9.268120991353607,8134,2
98751904,91,2.69828,1.5,1.9999105840543052,45.00201194872828,23.27555261494126,8.626070168752413,4788,4
100389539,87,4.28088,3.334,2.000029910268495,100.0185042098423,24.383735201914078,5.695963260337613,4829,5
100389539,88,4.28088,3.334,1.999958155938657,100.02209266529057,27.770341256955817,6.487063701144582,5249,5
100566492,27,4.954,6.048,2.0000185292155948,181.43831904513462,24.36259682754462,4.917762783113569,8521,3
100566492,67,4.954,6.048,2.000029924674891,181.43728527411253,23.501673639920227,4.743979337892658,5009,4
100566492,94,4.954,6.048,2.0000258908839896,181.4376512094106,24.040573903843324,4.852760174372896,3863,5
100990000,3,4.040295,3.074,2.000036403951526,92.21832144434816,20.278141381657406,5.018975441559936,6814,2
100990000,4,4.040295,3.074,1.9999871154141147,92.22059411208262,25.677635281936773,6.3553862482657255,8600,3
100990000,30,4.040295,3.074,2.0000323014028254,92.21851060637047,26.14763666039744,6.47171472884961,8486,2
100990000,31,4.040295,3.074,1.9999833579640836,92.2207673706614,25.428957724035627,6.29383689162193,8774,2
100990000,97,4.040295,3.074,2.000021853164071,92.21899236161472,52.35191590523118,12.95744887569625,4884,8
102264230,42,0.78961,1.899,1.9999407300929306,56.97168835333714,22.962046844073484,29.080238148039516,6771,2
102264230,92,0.78961,1.899,2.0001958693319466,56.96442120843659,24.70518067192461,31.28782648639785,4432,4
102713734,59,3.39775,8.38,1.9999883563286858,251.40146361800518,24.938769373491596,7.3397893822357725,4596,4
102713734,73,3.39775,8.38,1.9999655595165677,251.40432924331807,26.849547825402624,7.902155198411486,4650,5
102713734,86,3.39775,8.38,2.0000104773498606,251.39868300402188,26.565316643224378,7.818502433441065,4733,21
103751498,40,3.71495,4.0272,1.999963888374623,120.818181470454,28.19958084047994,7.590837249621109,9882,2
103751498,41,3.71495,4.0272,2.000021484491299,120.81470217879112,26.58921122304264,7.157353725633626,9251,2
103751498,47,3.71495,4.0272,2.0000138707109727,120.81516210390265,26.480778191907575,7.128165437464185,8992,2
103751498,60,3.71495,4.0272,2.0000373177754227,120.81374574988405,25.679609661437553,6.912504787799985,4410,5
103751498,74,3.71495,4.0272,2.00001216486271,120.81526514944308,26.704331955692396,7.188342226865071,4588,5
104866616,80,4.463129,3.0984,1.999959488530294,92.95388284920455,26.44681577564461,5.925622086129397,4635,5
106352250,80,5.20851,5.7,1.9999903345888015,171.0008263966512,26.447208174441585,5.07769173418916,4635,5
112115898,7,4.7185898,1.237,2.000002854729246,37.109947030574446,24.454197960748843,5.182522532632279,8172,2
112115898,34,4.7185898,1.237,1.9999866989383008,37.110246802841196,24.94705515661417,5.286972636742903,8480,2
112115898,61,4.7185898,1.237,1.9999776150507387,37.11041535738242,23.978902324052342,5.081794209798093,4068,4
112115898,87,4.7185898,1.237,2.000038290861994,37.10928952665802,24.519934790484513,5.196453989385666,4829,5
112115898,88,4.7185898,1.237,1.999978280364303,37.110403012217,27.77060459889117,5.885361045558817,5249,5
114749636,29,4.60273,4.3944,2.000017232639948,131.83086410309244,23.820964479823033,5.175399052263121,7107,2
114749636,69,4.60273,4.3944,2.0000198604975594,131.83069088844266,23.430762174811207,5.090622777093422,4427,10
114749636,96,4.60273,4.3944,2.0000265614362434,131.83024919962045,23.944789739477983,5.202301620881082,4148,5
116264089,25,1.30618581,1.4177746,2.000025577217457,42.53269406601742,25.672657840651937,19.654675195600188,8768,2
116264089,26,1.30618581,1.4177746,2.0000017673737602,42.53320041396882,24.866577743085827,19.03755005812368,8499,2
116264089,40,1.30618581,1.4177746,1.9999692521378165,42.533891913123334,28.199531003546326,21.58921861472858,9882,2
116264089,52,1.30618581,1.4177746,2.0000191932194866,42.53282982903085,24.44061837911795,18.711440739903576,8364,3
116264089,53,1.30618581,1.4177746,1.9999799423385412,42.5336645629222,24.981786589125477,19.1257525521009,8678,2
116264089,79,1.30618581,1.4177746,2.000022502761567,42.53275944772768,27.134999022399825,20.774225852598892,5252,4
116264089,80,1.30618581,1.4177746,1.9999829860171303,42.53359983296947,26.446926712927052,20.247446045158807,4721,6
117642575,29,4.94459060181,3.5188411,2.000016561432858,105.56435885147934,24.39736926928481,4.934153549609141,7575,2
119262291,92,4.175186,3.3792,2.0001522965321783,101.36828098116685,24.821311206464543,5.944959387788842,4308,4
119605900,92,19.89526,8.267,2.0001529657747597,247.9910329297572,24.783814095138496,1.2457145116544592,4270,4
120044687,40,8.295611,1.328,2.0000145137601066,39.83971088799673,28.200125670472517,3.3994030904381267,9882,2
120044687,41,8.295611,1.328,1.9999567781633232,39.84086099759355,26.588437088859337,3.2051210078268304,9251,2
120044687,53,8.295611,1.328,2.000021516578272,39.83957139437189,24.982305529281803,3.0115088001693673,8678,3
120044687,54,8.295611,1.328,1.9999960598215694,39.84007848850897,26.229022749394062,3.1617951648641753,8945,4
120044687,74,8.295611,1.328,2.0000047874782467,39.83990463366161,26.70420450443089,3.2190762686956864,4643,6
120044687,80,8.295611,1.328,2.000017827231204,39.839644884719775,26.447485048261115,3.188129849418098,4721,6
120044687,81,8.295611,1.328,1.9999776085023768,39.84044604362645,26.62333760957381,3.209328114538376,4908,6
120103325,40,0.645088,1.2,2.0000148490362335,35.99973271933223,28.200131075170248,43.71516920973611,9882,2
120103325,41,0.645088,1.2,1.9999571127846139,36.000771986431126,26.588439254184323,41.216763068270254,9251,2
120103325,53,0.645088,1.2,2.0000221871305257,35.999600636080906,24.982311276939072,38.726981864395356,8678,3
120103325,54,0.645088,1.2,1.9999963950976962,36.00006488835842,26.22902657969098,40.65961013023181,8945,4
120103325,74,0.645088,1.2,2.00000445220212,35.99991986054024,26.704200020578355,41.39621264165254,4643,6
120103325,80,0.645088,1.2,2.000018163162167,35.999673066050065,26.447490728164667,40.998268031903656,4721,6
120103325,81,0.645088,1.2,1.9999782790546305,36.00039098126289,26.62334084708391,41.2708666834353,4908,6
120106432,74,49.7701438,10.085,2.000002105924068,302.54968142667207,26.704172492312864,0.5365500368980823,4643,6
120106432,81,49.7701438,10.085,1.9999806253326824,302.5529309311914,26.623378880668042,0.5349267019933353,4908,6
120251654,74,4.644909859,3.366,2.000002777131158,100.97985978284254,26.70418115012035,5.749127961736049,4643,6
120251654,80,4.644909859,3.366,2.000016822712496,100.97915062839046,26.447500623467022,5.6938673572367,4721,6
120251654,81,4.644909859,3.366,1.9999796195043018,100.9810290217138,26.62336384306809,5.731728849696088,4908,6
120418600,40,0.1768913,0.65,2.0000175319000846,19.49982906547258,28.200168673593907,159.42089109862331,9882,2
120418600,41,0.1768913,0.65,1.9999601296149194,19.500388744004223,26.588477837015944,150.30969774667236,9251,2
120418600,53,0.1768913,0.65,2.000024535373086,19.499760783047048,24.9823405621446,141.2298997301993,8678,3
120418600,54,0.1768913,0.65,1.9999994112731656,19.500005740088326,26.2290641124564,148.2778639337062,8945,4
120418600,74,0.1768913,0.65,2.0000014353718143,19.499986005134854,26.70416120165646,150.9636777029535,4643,6
120418600,80,0.1768913,0.65,2.0000181638170034,19.499822904392584,26.447523966601693,149.5128588381774,4721,6
120418600,81,0.1768913,0.65,1.9999812958849361,19.500182366827378,26.62337953445649,150.50700364832238,4908,6
120421638,40,2.164570968,1.3848,2.0000178675036295,41.54362885953029,28.200176619172453,13.028067472062876,9882,2
120421638,41,2.164570968,1.3848,1.9999628118239343,41.54477248715693,26.58850937835041,12.283500874502355,9251,2
120421638,53,2.164570968,1.3848,2.000024198787287,41.54349734887226,24.98233611344949,11.541472413137111,8678,3
120421638,54,2.164570968,1.3848,2.0000004177563824,41.54399132236624,26.229082874182495,12.117451107836578,8945,4
120421638,80,2.164570968,1.3848,2.000023191649234,41.54351826864819,26.44752475822588,12.218368050395972,4721,8
120421638,81,2.164570968,1.3848,1.9999823023681529,41.54436761846172,26.6234037919171,12.299621581137782,4908,6
120495446,40,14.400974,3.906,2.0000188720223377,117.17889429864465,28.200187490733697,1.958213902110628,9882,2
120495446,41,14.400974,3.906,1.9999638169974787,117.18212000047173,26.588522132347407,1.846300266381108,9251,2
120495446,53,14.400974,3.906,2.0000248693395406,117.17854292351458,24.982343854602732,1.7347676521464959,8678,3
120495446,54,14.400974,3.906,2.0000014226025087,117.1799166497783,26.229094467053073,1.8213417000164762,8945,4
120495446,80,14.400974,3.906,2.000026907189749,117.1784235289618,26.447533944093266,1.8365100821717522,4721,7
120495446,81,14.400974,3.906,1.9999833081965335,117.18097798092724,26.623416077691672,1.8487232931391775,4908,6
120498491,80,11.189562,5.12,2.0000218511995627,153.59832184620842,26.44753816647699,2.363590117868509,4721,6
120498491,81,11.189562,5.12,1.999981631488481,153.60141071464102,26.623383842056228,2.3793052705777247,4908,6
120571308,80,2.20921951,2.73,2.00002252109698,81.89907777146347,26.44754257233126,11.971441702654191,4721,6
120571308,81,2.20921951,2.73,1.9999796211413923,81.9008345227633,26.623359818357585,12.051025123509607,4908,5
120576846,40,15.86621821,4.1503,2.0000192076258827,124.50780425033822,28.20019148890151,1.7773732288093567,9882,2
120576846,41,15.86621821,4.1503,1.999963817652315,124.51125255471531,26.588522941666724,1.6757946090082625,9251,2
120576846,53,15.86621821,4.1503,2.00002520592534,124.50743083749701,24.98234846651212,1.5745622640413768,8678,3
120576846,54,15.86621821,4.1503,2.000001424239599,124.508911334739,26.22909693296242,1.6531410690186406,8945,4
120576846,75,15.86621821,4.1503,2.000038602564018,124.50659686306194,27.697751183544824,1.7457059279625793,5157,4
120576846,80,15.86621821,4.1503,2.000025203305995,124.5074310005589,26.4475383557683,1.6669087747135114,4721,7
120576846,81,15.86621821,4.1503,1.999983642162988,124.51001835729332,26.623417926366983,1.6779939349117892,4908,6
120578688,40,2.790659904,0.662,2.0000195429020096,19.859805940879284,28.20019634295477,10.10520712414076,9882,2
120578688,41,2.790659904,0.662,1.9999628131336067,19.86036927244933,26.588514865237357,9.527680111477087,9251,2
120578688,53,2.790659904,0.662,2.000026210444048,19.85973973370145,24.98235818602734,8.952132845073242,8678,3
120578688,54,2.790659904,0.662,2.0000014248944353,19.859985850808336,26.22909573202196,9.398886512264147,8945,4
120578688,75,2.790659904,0.662,2.0000396077375626,19.859606702954807,27.69776353369707,9.9251662640784,5157,4
120578688,80,2.790659904,0.662,2.0000238612192334,19.85976306091984,26.447546126723864,9.477165629826551,4721,7
120578688,81,2.790659904,0.662,1.9999833081965335,19.860165750991765,26.62341394310033,9.540185783634756,4908,6
120627712,80,1.29123275,1.876,2.0000228576827794,56.2793567921577,26.44754993839433,20.482403299013544,4721,6
120627712,81,1.29123275,1.876,1.9999819677468622,56.28050743217836,26.62338695407061,20.61858092901579,4908,6
120762000,80,19.9400874,4.263,2.0000245327537414,127.88843127230462,26.447565442586892,1.3263515305648506,4721,6
120762000,81,19.9400874,4.263,1.999981631161063,127.8911746061939,26.623369911565987,1.3351681653895855,4908,6
120819731,80,3.8482,2.013,2.000025203305995,60.38923899576539,26.44756498251354,6.872710613407188,4721,7
120819731,81,3.8482,2.013,1.9999846486462047,60.39046353768581,26.62343220261073,6.9184117776131,4908,5
120825566,80,39.83110046,2.442,2.0000248680298682,73.25908909539213,26.447570243787595,0.6639929587269956,4721,6
120825566,81,39.83110046,2.442,1.9999816324707353,73.2606728087759,26.623374031969888,0.6684066903626265,4908,6
120964116,80,13.32351601,3.927,2.0000262091343757,117.80845617117082,26.44758203782385,1.9850302291057065,4721,7
120964116,81,13.32351601,3.927,1.9999829722655704,117.81100302723621,26.62338776338993,1.9982253740985243,4908,6
121021644,80,18.87064068,3.2476,2.000026209789212,97.42672323306023,26.44759036175219,1.4015205318271255,4721,6
121021644,81,18.87064068,3.2476,1.9999826369894436,97.42884582903932,26.62340907018779,1.4108375821285464,4908,5
121121775,40,104.3518976,3.586,2.000023566870368,107.57873235298014,28.200245873948916,0.27024181181683576,9882,2
121124617,40,4.765620232,2.165,2.000023566215532,64.94923469616826,28.200241612449645,5.91743366856884,9882,2
121124617,41,4.765620232,2.165,1.9999621419265168,64.95122946420895,26.588505673316376,5.579233001988056,9251,2
121124617,53,4.765620232,2.165,2.0000305703433696,64.94900724327353,24.98241875365966,5.242217704614542,7213,4
121124617,54,4.765620232,2.165,2.000003770517651,64.94987755267013,26.2291151566169,5.503819834508563,8945,4
121124617,80,4.765620232,2.165,2.000027213980502,64.94911623800854,26.447600979993695,5.549666085938695,4721,6
121124617,81,4.765620232,2.165,1.9999849839223316,64.95048765078359,26.623422266795842,5.586559769917446,4908,6
121215333,80,23.3404007,2.1355,2.0000268803414656,64.06413896703444,26.447602546711096,1.1331254714367904,4721,6
121215333,81,23.3404007,2.1355,1.9999859904055484,64.06544876547778,26.62343910417667,1.1406590420779137,4908,6
121215710,40,6.28385491,4.124,2.000023902801331,123.7185213903811,28.200251552921145,4.487731170884267,9882,2
121215710,41,6.28385491,4.124,1.9999644882045686,123.7221967986715,26.58853428424436,4.231245734514319,9251,2
121215710,53,6.28385491,4.124,2.0000312408956233,123.71806746838374,24.982418124085598,3.9756516472602006,8678,3
121215710,54,6.28385491,4.124,2.0000047770008678,123.71970449543211,26.22913360472012,4.174051435048191,8945,4
121215710,74,6.28385491,4.124,1.9999957356776576,123.72026379154254,26.70408490771115,4.249634227743675,4643,6
121215710,75,6.28385491,4.124,2.0000392711517634,123.71757073425194,27.697754201612042,4.407764755601597,5157,4
121215710,80,6.28385491,4.124,2.000026881651138,123.71833712341102,26.447604861979016,4.208818510416406,4721,6
121215710,81,6.28385491,4.124,1.9999863256816752,123.7208458991151,26.62344515311679,4.236801379794556,4908,6
121329580,74,25.88599968,4.35,1.9999937240208965,130.50040950892154,26.704063208826483,1.0316025472819013,4643,6
121329580,75,25.88599968,4.35,2.000036254321458,130.49763444840562,27.697714379190074,1.069988206813965,5157,4
121329580,80,25.88599968,4.35,2.0000268796866294,130.49824612401926,26.447614154948496,1.021695684226652,4721,8
121329580,81,25.88599968,4.35,1.9999883373384364,130.50076099310462,26.623472991047038,1.0284892729724022,4908,6
121460918,74,2.090876,3.193,1.9999933880899334,95.79031667847957,26.704057042772547,12.771707668351707,4643,6
121460918,75,2.090876,3.193,2.000035919045331,95.78827968821986,27.69771014912294,13.24694058811854,5157,4
121460918,80,2.090876,3.193,2.0000272162724286,95.78869649437031,26.447620623216608,12.6490622223492,4721,8
121460918,81,2.090876,3.193,1.9999883366836002,95.79055861779665,26.623478340563906,12.733169418255269,4908,5
121465371,74,23.4774101,7.271,1.9999930534686428,218.13075762607392,26.70405258336723,1.1374360489348536,4643,6
121465371,75,23.4774101,7.271,2.0000362530117854,218.12604613693935,27.69771184226738,1.1797601065999772,5157,4
121465371,80,23.4774101,7.271,2.000029561240808,218.1267759509247,26.447627868440577,1.1265138597396047,4721,8
121465371,81,23.4774101,7.271,1.999989007235854,218.13119893241137,26.623480491919054,1.1340041503095375,4908,6
121467823,75,11.13125132,4.1751,2.0000389358756365,125.25056162985447,27.69774823998341,2.488287025755826,5157,4
121467823,80,11.13125132,4.1751,2.0000282194814645,125.25123273757967,26.447632052407243,2.3759801384492722,4721,6
121467823,81,11.13125132,4.1751,1.9999876667861827,125.25377239077815,26.62346058140656,2.3917760740493783,4908,6
121598758,80,3.428054,2.309,2.0000268796866294,69.26906903456563,26.447632172315025,7.715057047617986,4721,6
121598758,81,3.428054,2.309,1.999989343166817,69.27036910138403,26.623487346220372,7.7663558818561125,4908,6
121599740,74,23.955378,3.185,1.9999920476402622,95.55037992549713,26.70404083799258,1.1147409503616508,4643,6
121599740,75,23.955378,3.185,2.0000342426646966,95.54836408470317,27.697687007153945,1.156219993988571,5157,4
121599740,80,23.955378,3.185,2.0000302334301523,95.54855561970875,26.447631127138266,1.1040373116691486,4721,6
121599740,81,23.955378,3.185,1.9999896784429438,95.55049311493322,26.623496745593457,1.1113786952388502,4908,5
121603794,40,8.457458,3.248,2.0000269196316367,97.43868849319931,28.20029257861188,3.33436980456916,9882,2
121603794,41,8.457458,3.248,1.999968176241964,97.44155047816254,26.58858033558454,3.1438028229740587,9251,2
121603794,54,8.457458,3.248,2.0000081291073,97.43960395150211,26.229176389679196,3.101307318307604,8944,4
121603794,55,8.457458,3.248,1.999952829501126,97.4422982009088,27.16194287447479,3.2115965428944238,9633,2
121603794,74,8.457458,3.248,1.9999920482950984,97.4403874086031,26.70404126500398,3.1574547890162714,4643,6
121603794,75,8.457458,3.248,2.000035583769204,97.43826638960859,27.697704700420218,3.2749443982364697,5157,4
121603794,80,8.457458,3.248,2.000029561240808,97.43855979763492,26.44764007854519,3.1271382108601884,4721,6
121603794,81,8.457458,3.248,1.9999896784429438,97.44050286885498,26.623490086404217,3.1479305113196205,4908,6
121656582,75,15.0217983,4.557,2.0000389358756365,136.70733859003303,27.69774744346978,1.8438369954328158,5157,4
121656582,80,15.0217983,4.557,2.0000309026727336,136.70788768044346,26.447647249030524,1.7606179180977635,4721,7
121656582,81,15.0217983,4.557,1.9999883373384364,136.71079720587997,26.623467690657435,1.7723222718718992,4908,6
121731834,14,2.15491,3.077,1.9999964645103319,92.3101631808141,26.84983334245817,12.459839780992324,9245,2
121731834,40,2.15491,3.077,2.0000275895290542,92.30872662285245,28.2003035244461,13.086534251753482,9882,2
121731834,41,2.15491,3.077,1.9999701878987253,92.31137599804504,26.58860642775062,12.338615732327854,9251,2
121731834,54,2.15491,3.077,2.000009135590517,92.3095783487457,26.229194197730976,12.17182814954266,8944,4
121731834,55,2.15491,3.077,1.999955176434014,92.31206887805533,27.16197476924617,12.604691040111266,9633,2
121731834,74,2.15491,3.077,1.999990371914464,92.3104443864272,26.704025140084923,12.392176536414478,4643,7
121731834,75,2.15491,3.077,2.000033236836316,92.30846597931283,27.697672907628657,12.853285245151145,5157,4
121731834,80,2.15491,3.077,2.000029561240808,92.30863562109687,26.447645796167308,12.27320203450135,4721,8
121731834,81,2.15491,3.077,1.9999913535139058,92.310399080291,26.623511568523554,12.354813689909811,4908,6
121731834,82,2.15491,3.077,1.9999548129999312,92.31208565311039,25.852185470827862,11.996874797939524,4945,4
121733900,80,16.2950903,3.644,2.0000305690336972,109.31832912215668,26.447649181292036,1.6230440393013372,4721,7
121733900,81,16.2950903,3.644,1.9999900137190707,109.32054585284112,26.623492488517968,1.6338352226570951,4908,6
121785676,80,33.469743,4.513,2.0000309030001517,135.3879080537284,26.447654314742067,0.7901959185865892,4721,6
121785676,81,33.469743,4.513,1.9999900137190707,135.39067602466298,26.623491135073436,0.7954495239199606,4908,6
121786630,74,4.362705,2.194,1.9999917130189715,65.82027272567568,26.704032704519705,6.120980608251005,4643,6
121786630,75,4.362705,2.194,2.0000359177356586,65.81881796854742,27.697706892520728,6.348746223391388,5157,4
121786630,80,4.362705,2.194,2.0000312369666062,65.81897200748466,26.44765341531729,6.062214478246246,4721,7
121786630,81,4.362705,2.194,1.9999903483403614,65.82031763765157,26.623494598894922,6.102520018863279,4908,6
121865123,40,6.98471973,2.723,2.000028596339689,81.68883199920568,28.200315301020055,4.037429759693458,9882,2
121865123,41,6.98471973,2.723,1.9999698526225984,81.69123138819153,26.58860163120653,3.806681249786744,9251,2
121865123,74,6.98471973,2.723,1.9999903712596279,81.69039328779392,26.70401845807828,3.8232054384919865,4643,6
121865123,75,6.98471973,2.723,2.0000342413550243,81.6886014357984,27.697682949614318,3.9654680531632898,5157,5
121865123,80,6.98471973,2.723,2.000030904309824,81.68873773296998,26.447660706641727,3.786502784506391,4721,6
121865123,81,6.98471973,2.723,1.9999913548235781,81.69035311375731,26.623512079819648,3.8116793671003384,4908,6
121865656,40,15.9653287,4.527,2.000028595357435,135.80805826001577,28.200311333353056,1.7663470551253388,9882,2
121865656,41,15.9653287,4.527,1.9999691820703447,135.81209272375995,26.588592688647168,1.6653958830579647,9251,2
121865656,54,15.9653287,4.527,2.0000094695569715,135.80935697277846,26.22919192064728,1.6428845539927581,8944,4
121865656,55,15.9653287,4.527,1.9999538353295065,135.8131348843103,27.161952220296826,1.7013086752355324,9249,3
121865656,74,15.9653287,4.527,1.999990707845427,135.8106309866879,26.704024135420696,1.67262601586278,4643,6
121865656,75,15.9653287,4.527,2.000034912562114,135.8076293038532,27.697693779731708,1.7348652383042829,5157,4
121865656,80,15.9653287,4.527,2.000030904309824,135.80790147526812,26.44765849707892,1.656568367244385,4721,6
121865656,81,15.9653287,4.527,1.999991018892615,135.8106098648356,26.62350464763267,1.6675826190557963,4908,6
121943952,80,3.764191048,2.0596,2.0000342564162565,61.78694170040295,26.447661797453293,7.026121007196363,4721,6
121943952,82,3.764191048,2.0596,1.9999568253115285,61.7893338676203,25.852214197007015,6.8679336057458835,4945,4
121944984,40,10.61340046,0.9829,2.0000296008583973,29.486563586203328,28.20032833604364,2.6570493068951477,9882,2
121944984,41,10.61340046,0.9829,1.9999725348316133,29.487404938270956,26.58863445101406,2.505194687717838,9251,2
121944984,74,10.61340046,0.9829,1.9999883596028667,29.487171621194,26.703998687729836,2.516064364891574,4643,7
121944984,75,10.61340046,0.9829,2.0000312245247187,29.48653964840694,27.697642735338377,2.609686013424804,5157,5
121944984,80,10.61340046,0.9829,2.000032914656913,29.486514730742037,26.44766704941412,2.4919126673011753,4721,9
121944984,82,10.61340046,0.9829,1.9999568246566923,29.487636569416107,25.852212550428703,2.4358086409592334,4945,4
122062591,75,3.215090036,3.9026,2.000035583114368,117.07591703712717,27.697701549290286,8.614906966571274,5157,4
122062591,80,3.215090036,3.9026,2.000032914329495,117.07607325977439,26.44767595076246,8.226107404340965,4721,6
122062591,81,3.215090036,3.9026,1.9999913548235781,117.07850608217015,26.623507626235096,8.280796907124344,4908,6
122066167,74,3.856918547,1.9839,1.9999883589480305,59.5173464222614,26.70399769028336,6.923661302376828,4643,7
122066167,75,3.856918547,1.9839,2.000031225179555,59.51607080000144,27.697646210102903,7.181288863786551,5157,4
122066167,80,3.856918547,1.9839,2.000030567724025,59.51609036428736,26.447670342570746,6.857202199186279,4721,6
122066167,82,3.856918547,1.9839,1.9999564900354017,59.518294819450276,25.852208199755296,6.702814146765879,4945,4
122068161,74,5.62012,2.751,1.999988024981576,82.53049415209401,26.7039941316998,4.75149892381298,4643,7
122068161,75,5.62012,2.751,2.000031225834391,82.52871148606131,27.697643577486815,4.928301099885201,5157,5
122068161,80,5.62012,2.751,2.0000335845543304,82.52861415663702,26.44767397216765,4.70589132832887,4721,8
122068161,82,5.62012,2.751,1.9999568240018561,82.53178169602666,25.852210180911243,4.599939179396746,4945,4
122069243,74,16.736525,2.2,1.9999886948789936,66.00037307110202,26.703996423218996,1.5955520290633207,4643,6
122069243,75,16.736525,2.2,2.0000322310079355,65.99893639387868,27.697657326136323,1.6549228305240378,5157,5
122069243,80,16.736525,2.2,2.0000315735524055,65.99895808921903,26.4476781461226,1.5802371248585114,4721,6
122069243,82,16.736525,2.2,1.9999554848618573,66.0014690322558,25.852194866475656,1.544657261078728,4945,4
122070274,80,7.991459846,3.2,2.000032914656913,95.99842012246874,26.44767718103958,3.309492594682504,4721,7
122070274,81,7.991459846,3.2,1.9999923606519587,96.00036669010662,26.623524461986108,3.3314969949216597,4908,6
122136712,80,3.932461302,2.1982,2.000033251242712,65.94490362500197,26.447685300076955,6.725478846193857,4721,8
122136712,82,3.932461302,2.1982,1.999957831139909,65.94739046314089,25.852226012230858,6.574057321068294,4945,4
122137575,80,5.33905686,1.6507,2.0000329159665853,49.520184997622664,26.447685271205955,4.953624950007735,4721,7
122137575,82,5.33905686,1.6507,1.9999568246566923,49.52206906616662,25.852210332716822,4.84209309071056,4945,4
122142813,74,18.5084526,6.596,1.9999903706047917,197.88095273694904,26.704008216091097,1.4428006918358534,4643,6
122142813,80,18.5084526,6.596,2.0000342557614204,197.876610793015,26.44769242818711,1.4289521117603918,4721,6
122142813,81,18.5084526,6.596,1.9999913548235781,197.88085535745253,26.62350692983864,1.4384512582018143,4908,6
122294985,80,33.8678531,3.682,2.0000342557614204,110.45810808670122,26.4476948587062,0.7809085146500238,4721,7
122298677,74,2.024823,2.762,1.9999860133248148,82.86057947200537,26.70397028565094,13.188298575061099,4643,7
122298677,75,2.024823,2.762,2.0000298840750474,82.8587619212702,27.6976224716218,13.679033906480615,5157,5
122298677,80,2.024823,2.762,2.000033586518839,82.85860853389175,26.447696423328125,13.061732518510569,4721,7
122298677,82,2.024823,2.762,1.9999581651063636,82.86173325589864,25.852227494896397,12.767648083262783,4945,4
122374509,40,12.18420029,2.4468,2.0000322833948303,73.40281515396836,28.20035520237161,2.314501939492626,9882,2
122374509,41,12.18420029,2.4468,1.9999688467942178,73.40514340276894,26.588586748206126,2.182218456309218,9251,2
122374509,74,12.18420029,2.4468,1.9999890301551204,73.40440261745509,26.703995367564858,2.191690445985344,4643,6
122374509,81,12.18420029,2.4468,1.999992026030668,73.40429266178926,26.623514759234695,2.1850851205298674,4908,6
122376177,74,4.244384,2.945,1.9999883602577029,88.35051418860849,26.70398742105499,6.291604958706608,4643,6
122376177,75,4.244384,2.945,2.000035583114368,88.34842814388855,27.69769623632783,6.525728170761135,5157,5
122376177,81,4.244384,2.945,1.9999930305493763,88.35030787655417,26.62352650973162,6.27264792953032,4908,6
122376998,74,9.029299736,3.1323,1.999988360912539,93.96954685988727,26.703987260401846,2.9574815369050724,4643,6
122376998,81,9.029299736,3.1323,1.9999930312042125,93.96932742652656,26.62352937145306,2.9485707806669117,4908,6
122441003,40,6.4816307,3.649,2.0000322833948303,109.4682329969064,28.200362461099758,4.350812899769152,9882,2
122441003,41,6.4816307,3.649,1.9999732040741947,109.47146669464968,26.58863997818071,4.102152869983893,9251,2
122441003,54,6.4816307,3.649,2.000013158249203,109.46927978796823,26.229240563858184,4.046703951192126,8944,4
122441003,55,6.4816307,3.649,1.999957187435939,109.47234339585727,27.161996760333295,4.190611594136842,9633,2
122441003,74,6.4816307,3.649,1.999987017843523,109.47071058294722,26.70397302117817,4.119946701248834,4643,6
122441003,75,6.4816307,3.649,2.0000318950769724,109.46825425080232,27.697645683439987,4.273252668258311,5157,5
122441003,80,6.4816307,3.649,2.0000345916923834,109.46810665646437,26.447705078807303,4.0804091289569,4721,6
122441003,82,6.4816307,3.649,1.9999561547592748,109.47239992186367,25.852201293998405,3.988533517344394,4945,4
122443195,80,1.078390352,1.2297,2.000032914656913,36.89039288268744,26.447697176302427,24.525161160105064,4721,6
122443195,81,1.078390352,1.2297,1.9999967179319356,36.89106053948583,26.623567789440585,24.688247386546152,4934,5
122443195,82,1.078390352,1.2297,1.9999585010373266,36.891765484999404,25.852233783884913,23.97298319290315,4945,4
122445076,80,6.846262,3.59,2.000033585864003,107.69819143159461,26.44770570325909,3.8630869959781102,4721,6
122445076,81,6.846262,3.59,1.999997055499989,107.70015856155902,26.623571294473095,3.888774822592693,4908,6
122446315,74,9.751962,4.19,1.999986349255778,125.70085795513025,26.703968462587,2.7383175265230726,4643,6
122446315,75,9.751962,4.19,2.0000312245247187,125.69803756925943,27.697636245649846,2.840211666703566,5157,5
122446315,82,9.751962,4.19,1.9999568253115285,125.7027135877496,25.852210896865472,2.6509753521256,4945,4
122450762,74,1.970342457,1.7381,1.999988024981576,52.14331220856219,26.70398137700431,13.552964502253685,4643,6
122450762,81,1.970342457,1.7381,1.9999933664803393,52.143172946381455,26.623533203845454,13.512134963777747,4908,6
122451550,74,14.07971466,1.3354,1.9999883602577029,40.062233157034896,26.703984901128933,1.896628273085254,4643,6
122451550,75,14.07971466,1.3354,2.0000355844240403,40.06128722108396,27.697697973710092,1.9672059159265725,5157,5
122451550,81,14.07971466,1.3354,1.9999930312042125,40.06213959243481,26.6235274433825,1.8909138492003004,4908,6
122612091,3,2.21673,3.8789472,2.000036742174416,116.36627822495467,20.27812157149492,9.147763404426755,6814,2
122612091,4,2.21673,3.8789472,1.9999636542706867,116.370530785906,25.534290233952106,11.518899565554715,8497,3
122612091,30,2.21673,3.8789472,2.0000312945921905,116.36659517742966,25.26286885608897,11.39645732952997,7851,2
122612091,31,2.21673,3.8789472,1.999958894593874,116.37080773465657,25.428640187275505,11.471239252085507,8680,2
122612091,97,2.21673,3.8789472,2.000011786367395,116.36773022358933,52.11140385484441,23.508232330885768,4888,8
122673489,40,13.060855,3.278,2.0000332905328833,98.33836313174425,28.200369188275545,2.159151846358875,9882,2
122673489,41,13.060855,3.278,1.9999691814155085,98.34151537315027,26.588590134495007,2.0357465215328556,9251,2
122673489,74,13.060855,3.278,1.9999883602577029,98.34057232945963,26.703984481568114,2.044581651168175,4643,6
122673489,75,13.060855,3.278,2.0000369255285477,98.3381844052822,27.697714820636975,2.1206662826160287,5157,5
122673489,81,13.060855,3.278,1.9999926959280856,98.34035914252763,26.623521614467336,2.0384210386278183,4908,6
122680921,40,1.419759989,1.5126,2.0000339597754646,45.37722949973749,28.200376383208095,19.86277723115079,9882,2
122680921,41,1.419759989,1.5126,1.999969518656144,45.37869160175123,26.588596894732746,18.727529371679417,9251,2
122680921,74,1.419759989,1.5126,1.9999880243267398,45.3782717176776,26.703977254272104,18.8087968819863,4643,6
122680921,75,1.419759989,1.5126,2.0000365889427485,45.37716984866516,27.6977079104563,19.508725506460447,5157,5
122680921,81,1.419759989,1.5126,1.9999933658255031,45.37815052328446,26.62352859007342,18.75213331573427,4908,6
122706051,74,2.628113746,1.8548,1.999985678048688,55.64439846818282,26.703957081592307,10.160883303561667,4643,6
122706051,75,2.628113746,1.8548,2.000031225834391,55.643131248399314,27.697639264997633,10.538980402638035,5157,5
122706051,82,2.628113746,1.8548,1.9999564900354017,55.645210560570774,25.85220391124767,9.83679034082708,4945,4
122706631,74,29.6091744,5.471,1.999985342117725,164.13120290792494,26.703952464094982,0.9018810218529761,4643,6
122706631,75,29.6091744,5.471,2.0000305559369735,164.1274924653423,27.697629039308595,0.9354407747116581,5157,5
122706631,81,29.6091744,5.471,1.9999977244151523,164.13018674608298,26.6235724569965,0.8991663224826862,4934,5
122706631,82,29.6091744,5.471,1.9999571605876554,164.13351569167915,25.852214413772344,0.8731150036311834,4945,4
122713147,81,6.365841612,2.9697,1.9999983943125699,89.09107152620683,26.6235802966371,4.182256160198838,4934,5
122713147,82,6.365841612,2.9697,1.999957831139909,89.0928784725637,25.852223706508994,4.061084972295882,4945,4
122780849,74,11.0895723,6.3412,1.9999870191531954,190.2372347202002,26.703966148483232,2.4080248927619357,4643,6
122781795,74,9.229579926,2.235,1.999987017843523,67.050435229621,26.70396494684428,2.8933023128840807,4643,6
122785299,40,8.8849116,2.0778,2.0000346309825545,62.332920674855764,28.200383288499324,3.173963293962241,9882,2
122785299,41,8.8849116,2.0778,1.9999691820703447,62.33496051721414,26.588590027858572,2.9925553820770228,9251,2
122785299,54,8.8849116,2.0778,2.000013157594367,62.33358991995419,26.22922833163466,2.9521090937623575,8944,4
122785299,74,8.8849116,2.0778,1.9999880243267398,62.33437324804344,26.70397464796588,3.0055419626196254,4643,6
122785299,75,8.8849116,2.0778,2.000037594116293,62.332828326201515,27.697719251869785,3.117388275632341,5157,5
122785299,81,8.8849116,2.0778,1.9999933658255031,62.33420676800241,26.623526105770452,2.996487450226342,4908,6
123130285,74,5.652450085,2.062,2.0000061298924265,61.859810403008346,26.70421825354606,4.724361622301006,4643,6
123130285,75,5.652450085,2.062,2.0000377617543563,61.858832050989655,27.697701505983787,4.900123148276114,5157,6
123130285,80,5.652450085,2.062,2.000012462158338,61.85961454784437,26.44738707254419,4.678924479621334,4721,6
123130285,81,5.652450085,2.062,1.9999797884520376,61.86062514949609,26.62338156450687,4.710060445320478,4908,5
123130285,82,5.652450085,2.062,1.9999551492583123,61.861387264550316,25.852211025737233,4.573629246959946,4944,4
123206821,54,7.71792984,1.84,1.9999957232357701,55.200118038945156,26.229040609599906,3.3984554347283242,8944,4
123206821,55,7.71792984,1.84,1.9999561829172308,55.20120937798014,27.161973644092086,3.519334096990455,9632,2
123206821,74,7.71792984,1.84,2.000005459340173,55.19984932262253,26.704209648241886,3.4600223378348156,4643,6
123206821,80,7.71792984,1.84,2.000013133692846,55.19963751245785,26.447397281585836,3.426747564420181,4721,6
123206821,81,7.71792984,1.84,1.9999806246778462,55.20053476407206,26.623388241041994,3.4495504355403668,4908,5
123206821,82,7.71792984,1.84,1.999955399405735,55.201231003853465,25.85221273366642,3.3496304410129776,4944,4
123231917,74,4.421572182,2.0749,2.000009481998859,62.246704888407635,26.704267707938925,6.039541278247286,4643,6
123231917,80,4.421572182,2.0749,2.0000114569847938,62.24664342057643,26.447394089943373,5.981445739506277,4721,6
123231917,81,4.421572182,2.0749,1.9999742544314358,62.2478013025182,26.623299263996614,6.021229139349741,4908,6
123312978,74,0.680741,1.7,2.000007806273061,50.999800940813905,26.704236429703087,39.228188738012086,4643,6
123314844,74,11.55530021,2.799,2.0000088114466053,83.96963005304416,26.70425864081517,2.3109965258804097,4643,6
123314844,80,11.55530021,2.799,2.000012126227375,83.96949088343048,26.447400493484565,2.288767925786721,4721,6
123314844,81,11.55530021,2.799,1.9999749249836896,83.97105278775913,26.62330921075454,2.303991131940876,4908,6
123362050,74,0.677375164,1.8243,2.000006799789844,54.728813927783435,26.704223466857,39.423092085580215,4643,6
123362984,74,76.378033,4.952,2.000007470342098,148.5594451050616,26.70423861924246,0.3496324475813937,4643,6
123410927,40,14.7967458,5.638,2.0000098205491668,169.13916948023504,28.20007892157173,1.905829788707442,9882,2
123410927,41,14.7967458,5.638,1.9999614720290992,169.1432583732683,26.588481073478306,1.7969140940083126,9251,2
123410927,53,14.7967458,5.638,2.000028221445973,169.13761334599147,24.982227291433446,1.6883595642653701,7013,3
123410927,54,14.7967458,5.638,1.9999947180622257,169.14044669465727,26.229018666010234,1.7726207519230501,8944,4
123410927,74,14.7967458,5.638,2.000006799135008,169.13942499910712,26.704222919006497,1.8047362088903696,4643,6
123410927,80,14.7967458,5.638,2.000017854734324,169.1384900385982,26.447419216793605,1.7873807913084243,4721,7
123416753,74,25.2034787,4.552,2.0000061292375904,136.5595814969399,26.704216197185815,1.0595448554959126,4643,6
123416753,80,25.2034787,4.552,2.0000153126602527,136.55895445956295,26.4474288403826,1.049356287486719,4721,6
123416753,81,25.2034787,4.552,1.9999782790546305,136.56148312225724,26.623356858381612,1.0563365944551777,4908,5
123445166,74,0.900376476,1.393,2.0000034470285755,41.78992797446205,26.704179814370946,29.658904387425316,4643,6
123445166,75,0.900376476,1.393,2.000034243319533,41.78928449808894,27.697684359869527,30.762336753753132,5157,6
123445166,80,0.900376476,1.393,2.0000158168841153,41.78966950882008,26.447432384879903,29.373748748273496,4721,6
123445166,81,0.900376476,1.393,1.9999823023681529,41.79036979528969,26.623411581499113,29.56919943063807,4908,5
123445166,82,0.900376476,1.393,1.9999559871212114,41.79091966934094,25.85221927911789,28.71267738354138,4944,4
123447592,14,3.70428172,3.281,1.9999884178832872,98.43057001717503,26.849747406413826,7.248300598047879,7451,6
123447592,26,3.70428172,3.281,2.0000225682451855,98.42888931634629,24.372547611370692,6.579561019827264,8499,2
123447592,40,3.70428172,3.281,2.0000118315510917,98.4294177136577,28.2001086158607,7.612841232783099,9882,2
123447592,41,3.70428172,3.281,1.9999673393613193,98.43160741958235,26.588550770516576,7.1777885107822135,9251,2
123447592,53,3.70428172,3.281,2.000027383255656,98.4286523515244,24.982232577271134,6.744150274097169,5972,4
123447592,54,3.70428172,3.281,1.9999977368570399,98.43011138070682,26.229066476385924,7.080742896732467,8944,4
123447592,55,3.70428172,3.281,1.9999560146243311,98.43216478787305,27.16197948918898,7.332590105805716,9632,2
123447592,74,3.70428172,3.281,2.0000034470285755,98.42983035478105,26.70417951588206,7.20900340049786,4643,6
123447592,75,3.70428172,3.281,2.000034410630178,98.42830650997281,27.69768845454564,7.4772089565978375,5157,6
123447592,80,3.70428172,3.281,2.000015480298316,98.42923814301527,26.44743502122128,7.139693203793712,4721,6
123447592,81,3.70428172,3.281,1.9999823017133167,98.43087102888698,26.62341028684432,7.187199111530944,4908,5
123447592,82,3.70428172,3.281,1.9999556518450845,98.43218264284226,25.85221441889462,6.979008718293332,4944,4
123448077,75,62.8691611,5.778,2.0000349138717866,173.33697406755573,27.697700993407125,0.44056100811256294,5157,5
123448077,81,62.8691611,5.778,1.9999819664371898,173.3415629829818,26.623404373062385,0.4234731926948264,4908,5
123449386,40,10.6906004,4.657,2.000011496274965,139.70919693232847,28.200100422084688,2.6378406606690388,9882,2
123449386,41,10.6906004,4.657,1.999963818307151,139.7125275178789,26.588508553082193,2.4870921705278772,9251,2
123449386,53,10.6906004,4.657,2.000030066446925,139.70789973992373,24.982241574545696,2.336841771257833,6529,3
123449386,54,10.6906004,4.657,1.99999639444286,139.7102518666481,26.229042638020474,2.453467687186257,8944,4
123449386,74,10.6906004,4.657,2.0000051227543736,139.70964215090981,26.704198960034773,2.4979138645977987,4643,6
123495717,74,2.88879862,2.981,2.0000027764763217,89.42987585003361,26.70416969112739,9.244039894732222,4643,6
123495717,75,2.88879862,2.981,2.0000335714576067,89.42849887747055,27.697681374049353,9.587958531373623,5157,5
123495717,80,2.88879862,2.981,2.0000171560241142,89.42923287496214,26.447445144581252,9.155170928661427,4721,6
123495717,81,2.88879862,2.981,1.9999829722655704,89.43076140162748,26.623418933708763,9.216086836024854,4908,5
123495717,82,2.88879862,2.981,1.9999561544318567,89.43196059756127,25.852219670971863,8.94912490333849,4944,4
123495874,40,7.8914483,4.2854,2.0000125021033455,128.56119635731847,28.20011816890201,3.5735035061817495,9882,2
123495874,41,7.8914483,4.2854,1.9999675069993827,128.56408871650703,26.588554543071496,3.369287047482969,9251,2
123495874,53,7.8914483,4.2854,2.0000287250149995,128.56015355383042,24.982242761050657,3.165736099551036,5920,3
123495874,54,7.8914483,4.2854,1.9999984067544574,128.56210241549832,26.229073219859856,3.3237337713864075,8944,4
123495874,55,7.8914483,4.2854,1.999955847641104,128.56483822043927,27.161980720397423,3.441951298140979,9632,2
123495874,74,7.8914483,4.2854,2.000002777785994,128.5618214413865,26.70417161174737,3.383937979007905,4643,6
123495874,75,7.8914483,4.2854,2.0000337397505064,128.5598312116849,27.69768628735801,3.5098356137438054,5157,4
123495874,80,7.8914483,4.2854,2.0000171566789504,128.56089716098091,26.447445072753,3.3514057328048383,4721,6
123495874,81,7.8914483,4.2854,1.9999826376442797,128.56311607927694,26.62341596802844,3.373704668131506,4908,5
123495874,82,7.8914483,4.2854,1.9999558188283117,128.56484007263617,25.85221453356371,3.275978445371518,4944,4
123497954,74,5.72812599,1.9804,2.00000445220212,59.41186774317824,26.70419194508031,4.661942141583431,4643,6
123497954,81,5.72812599,1.9804,1.9999802907113917,59.41258548989719,26.623382306538133,4.647834623927002,4908,5
124029677,33,20.33003,4.87,1.999979659449309,146.1014858923399,25.838623698055926,1.2709584638121993,8731,2
124029677,98,20.33003,4.87,2.000031915376894,146.09766861892132,57.37330892136424,2.822096618714495,5082,12
124379043,87,1.96229325,3.091,1.999978602543706,92.73099210367532,23.94837952801072,12.204281662799746,4829,5
124573851,9,3.945152,2.8712193,1.9999649803139619,86.13808726438596,23.77878219116974,6.027342467709669,7787,2
124573851,35,3.945152,2.8712193,2.0000380092824344,86.13494203633033,24.14760943208512,6.120831195372223,7392,3
124573851,62,3.945152,2.8712193,2.000016525416868,86.13586728444292,24.09192303843929,6.106716050088638,4244,4
124573851,89,3.945152,2.8712193,2.000025881716283,86.13546433317511,26.101641361628026,6.61613072490693,4964,4
130038122,80,4.86069,1.92,1.999997041421011,57.60008520720092,26.4472972018948,5.441058204060493,4635,5
134200185,6,0.548177,0.998,2.000033727963455,29.939495100901688,21.772575696083322,39.718148875424035,8483,2
134200185,7,0.548177,0.998,2.0000041958337533,29.939937188500487,24.454210415325633,44.61006283613802,8172,2
134200185,8,0.548177,0.998,1.999970995966578,29.940434196677057,23.969105931267677,43.72512150503884,7875,2
134200185,33,0.548177,0.998,2.000027269968996,29.93959177413029,25.839237454184513,47.136668364751735,8731,2
134200185,34,0.548177,0.998,1.999994075667928,29.94008868751383,24.97076048895724,45.55236810183068,8497,2
134200185,35,0.548177,0.998,1.999961231049383,29.940580382441144,24.164833869745053,44.08217395064925,7405,3
134200185,61,0.548177,0.998,1.9999886778532527,29.940169493496324,23.905424515962295,43.608952064684026,3983,4
134200185,87,0.548177,0.998,2.000024209919502,29.93963758189211,24.50585527709154,44.7042748548216,4829,5
134200185,88,0.548177,0.998,1.9999910215119598,29.940134408569357,27.770728476202294,50.66014895955557,5249,5
135043332,46,3.3596055,1.42008,2.000181828989298,42.598527176428966,25.356483750567804,7.547458697328542,8500,2
135043332,91,3.3596055,1.42008,1.999944110357319,42.60359054972638,23.73149009160079,7.063772842258055,4788,4
137099260,14,21.76129913,1.2657,1.9999998169441824,37.97100347540655,26.84984363031299,1.2338345918556834,4833,4
137099260,40,21.76129913,1.2657,2.000034965603845,37.97033617213377,28.200387983762084,1.2958963440231925,9882,2
137099260,41,21.76129913,1.2657,1.999969851312926,37.971572396526945,26.58859702255677,1.2218294902211,9251,2
137099260,74,21.76129913,1.2657,1.999987353774486,37.97124009643265,26.703969094489366,1.2271311990595004,4643,6
137099260,75,21.76129913,1.2657,2.0000369242188754,37.9702989881847,27.69771126671003,1.2727967710588624,5157,5
137099260,81,21.76129913,1.2657,1.9999937017564662,37.971119575679175,26.623532432943193,1.2234348819846028,4908,6
137150277,74,12.99207337,5.9838,1.9999856773938518,179.51528556336635,26.703951981437058,2.0554034156779903,4643,6
137150544,74,10.613839,3.538,1.999985678048688,106.14076007139899,26.70395158376232,2.515955968783992,4643,6
137151626,74,7.298049927,3.024,1.9999853434273973,90.7206648270053,26.70394866173774,3.6590526138966686,4643,6
137152419,40,2.414351654,1.2248,2.000035300879972,36.743351463680106,28.200397757526844,11.680319107949982,9882,2
137152419,41,2.414351654,1.2248,1.9999738746264484,36.74447998163274,26.588648706070217,11.012748976322161,9251,2
137152419,54,2.414351654,1.2248,2.0000151699059643,36.74372130060154,26.22926306996669,10.863895086082888,8944,4
137152419,55,2.414351654,1.2248,1.999957187435939,36.744786569264456,27.16199401642416,11.250222796427881,9633,2
137152419,75,2.414351654,1.2248,2.0000322316627717,36.743407849434554,27.697644676214622,11.47208387408118,5157,6
137152419,81,2.414351654,1.2248,1.999998394639988,36.744029493697816,26.623571124972386,11.02721348850054,4934,5
137152419,82,2.414351654,1.2248,1.999955819483148,36.74481170238632,25.852194076946944,10.707716928524508,4945,4
137212833,74,24.3397804,3.292,1.9999819906661287,98.76088930891449,26.703923327202574,1.0971308240399151,4643,5
137212833,75,24.3397804,3.292,2.0000272018660326,98.7586567901242,27.697582291804792,1.1379553075920437,5157,5
137212833,81,24.3397804,3.292,2.0000007432099665,98.75996330030549,26.623607406738756,1.0938310440442083,4934,5
137212833,82,24.3397804,3.292,1.999960513348924,98.76194988932743,25.85225997989346,1.0621402311375603,4945,4
137307173,74,9.93143556,5.659,1.9999863486009417,169.77115880691872,26.703957743762658,2.68883159765099,4643,6
137307173,75,9.93143556,5.659,2.0000355844240403,169.76697946990723,27.697695364144238,2.788891414218091,5157,5
137316027,40,14.91110039,3.3353,2.00003597241448,100.05720035045864,28.200405594140648,1.8912357141028309,9882,2
137316027,41,14.91110039,3.3353,1.9999722008651588,100.060390796148,26.588630310819553,1.7831434042688752,9251,2
137316027,74,14.91110039,3.3353,1.999985342117725,100.05973333189583,26.703945976269097,1.790876949240974,4643,6
137316027,75,14.91110039,3.3353,2.000034243319533,100.05728685317735,27.69767182030955,1.8575203100962794,5157,6
137318289,74,0.928310498,1.3,1.9999846715654712,39.0002989067642,26.70393971265912,28.766172277693148,4643,6
137342400,74,30.229104,6.4658,1.9999816540803295,193.97577933203283,26.703917836823166,0.8833843648433366,4643,5
137342400,75,30.229104,6.4658,2.000026195382816,193.97145942168254,27.697566006698253,0.9162549444633971,5157,5
137342400,81,30.229104,6.4658,2.0000004072790034,193.97396049923933,26.6236166941203,0.8807279466212529,4934,5
137409501,74,10.21420496,5.8558,1.9999803136306582,175.6757292086448,26.70390042761028,2.6143885434241647,4643,5
137409501,75,10.21420496,5.8558,2.000025524830562,175.67175800407122,27.697553969586806,2.711670078880697,5157,7
137409501,81,10.21420496,5.8558,2.0000020830048015,175.67381703529782,26.62363183207026,2.6065300173955253,4934,5
137409501,82,10.21420496,5.8558,1.999962524350849,175.67729181027585,25.852285987076357,2.531013043924307,4945,4
137409907,74,4.417696479,1.9161,1.9999806482519489,57.48355620364836,26.70390348886758,6.0447574014664625,4643,5
137409907,75,4.417696479,1.9161,2.0000261947279796,57.48224713408633,27.697560231566968,6.269683841619797,5157,7
137409907,81,4.417696479,1.9161,2.0000014117977116,57.482959422844715,26.62362767185232,6.0265859817238745,4934,5
137409907,82,4.417696479,1.9161,1.999962188419886,57.48408678207632,25.852279626608833,5.851981852872974,4945,4
137411481,74,14.80074836,5.6698,1.999980984182912,170.0956172535726,26.703907144774348,1.8042268198372604,4643,5
137411481,75,14.80074836,5.6698,2.000027535832487,170.0916581922963,27.69757807291353,1.8713633526645224,5157,7
137411481,81,14.80074836,5.6698,2.0000014121251297,170.0938799030789,26.62361895863114,1.798802216689477,4934,5
137411481,82,14.80074836,5.6698,1.9999608473153785,170.09732988355597,25.85225996173267,1.7466860007971023,4945,4
137547023,74,32.31240082,6.075,1.9999836657370906,182.25148847186415,26.703925088799224,0.8264296186952048,4643,6
137547023,75,32.31240082,6.075,2.000032901560189,182.24700189464892,27.69765686187202,0.8571835010392774,5157,5
137548365,74,13.22259998,4.337,1.9999833298061276,130.11108448850166,26.70392077235192,2.0195665612468994,4643,6
137548365,75,13.22259998,4.337,2.00003256497439,130.10788152008516,27.697645065041797,2.0947200328933944,5157,6
137548365,81,13.22259998,4.337,2.000000070693204,130.10999540105374,26.623586302270724,2.013491018600014,4934,5
137548365,82,13.22259998,4.337,1.999955484207021,130.11289603937198,25.852186090157375,1.955151492842588,4945,4
137558813,40,8.689099,1.184,2.0000376484676963,35.51933137580005,28.200438866105287,3.2454963243145563,9882,2
137558813,41,8.689099,1.184,1.999980581458658,35.52034487664273,26.588734396827476,3.06001052546731,9251,2
137558813,54,8.689099,1.184,2.0000191932194866,35.519659131693096,26.22932425273757,3.0186471868645492,8944,4
137558813,55,8.689099,1.184,1.9999648981320206,35.52062342011691,27.16209657483023,3.125996904262482,9633,2
137626872,74,23.20584623,4.2998,1.9999799776996952,128.99529139123106,26.70389457145393,1.150739960386867,4643,5
137626872,75,23.20584623,4.2998,2.0000255261402344,128.99235366154562,27.69755502756925,1.1935593622852878,5157,7
137626872,81,23.20584623,4.2998,2.0000027535570553,128.9938224040751,26.623635078195093,1.147281371009718,4934,5
137626872,82,23.20584623,4.2998,1.9999621903843945,128.99643865287996,25.852282970056876,1.1140418114395512,4945,4
137634508,74,1.952700019,0.872,1.99998265990871,26.16022681036053,26.703913998144344,13.675379596616036,4643,6
137635841,74,41.86869812,5.783,1.99998265990871,173.49150417926026,26.70391392806232,0.637801391663198,4643,6
137635841,81,41.86869812,5.783,2.0000010765215848,173.4899066171854,26.623592885790003,0.6358829885152877,4934,4
137635841,82,41.86869812,5.783,1.9999561534496024,173.49380355240058,25.852191552829936,0.6174586914246747,4945,4
137683938,40,3.290314,1.7505,2.0000386536412407,52.513985071630465,28.20043847611396,8.570743848798005,9882,2
137683938,41,3.290314,1.7505,1.9999742105574114,52.515677175020755,26.588651880483212,8.080885860888417,9251,2
137683938,54,3.290314,1.7505,2.0000171822175616,52.51454884179832,26.229285841502133,7.9716664857828565,8944,4
137683938,55,3.290314,1.7505,1.9999565168836853,52.51614178275077,27.16198119979572,8.255133461364393,9633,2
137683938,74,3.290314,1.7505,1.999982995184837,52.51544650773054,26.703915968822912,8.115917194779255,4643,6
137683938,75,3.290314,1.7505,2.000032901560189,52.51413610149514,27.6976527891984,8.417936035648392,5157,6
137683938,81,3.290314,1.7505,2.0000000713480404,52.514998126578895,26.623586486672593,8.091503268889412,4934,5
137754713,74,4.820590019,3.468,1.9999799783545313,104.0410415364239,26.703893948166296,5.53954886080643,4643,5
137754713,75,4.820590019,3.468,2.000026531968615,104.03861982530202,27.69756934781799,5.745680350050526,5157,7
137754713,81,4.820590019,3.468,2.0000030894880183,104.03983928508154,26.623630289334415,5.5228986875878965,4934,4
137754713,82,4.820590019,3.468,1.9999611839011777,104.04201925265048,25.852266101709574,5.362884211230321,4945,4
137757057,81,10.62784997,5.013,2.0000027545393095,150.3897928727019,26.623642292452587,2.505082624200103,4934,5
137757057,82,10.62784997,5.013,1.9999631929385941,150.3927677579189,25.85229249539134,2.4325044640606026,4945,4
137815803,74,7.42608998,3.7017,1.9999813194590388,111.05203725606539,26.703904492600486,3.5959575718203842,4643,7
137817056,74,3.924510002,3.708,1.9999819887016201,111.24100179743773,26.70390815805331,6.804392941907276,4643,7
137817056,75,3.924510002,3.708,2.0000315598008456,111.23824467157588,27.69763520093875,7.057603417196935,5157,6
137899873,40,1.116119981,1.3577,2.00003899022704,40.73020596001111,28.200455041315763,25.266508548703925,9882,2
137899873,41,1.116119981,1.3577,1.999980581458658,40.73139547214344,26.58873351602915,23.822468882070083,9251,2
137899873,54,1.116119981,1.3577,2.000020197738195,40.730588667116784,26.22933230821218,23.500459408236487,8944,4
137899873,55,1.116119981,1.3577,1.9999642288894393,40.73172850958192,27.162088485362347,24.33617258695268,9633,2
137899873,74,1.116119981,1.3577,1.999978637250024,40.73143506773175,26.703877894027755,23.925633756777763,4643,5
137899873,75,1.116119981,1.3577,2.000025524175726,40.730480194033056,27.697547942532765,24.815923389989706,5157,6
137899873,81,1.116119981,1.3577,2.0000044305925258,40.7309097689678,26.62364797328746,23.853750874913743,4934,4
137899873,82,1.116119981,1.3577,1.9999628576624673,40.731756436322925,25.852286139347598,23.16264073705137,4945,4
137899948,40,2.455239,1.72722,2.0000389889173675,51.81558988312385,28.200451576795786,11.485827480255805,9882,2
137899948,41,2.455239,1.72722,1.9999802474922035,51.81711175895201,26.588731039176764,10.829386075724914,9251,2
137899948,54,2.455239,1.72722,2.0000198637717403,51.81608536855388,26.22932934916753,10.683004525900545,8944,4
137899948,55,2.455239,1.72722,1.999964228234603,51.81752680220611,27.16208648604561,11.062909348558575,9633,2
137899948,74,2.455239,1.72722,1.9999789718713146,51.81714480879457,26.703881121526138,10.876285820454195,4643,5
137899948,75,2.455239,1.72722,2.0000255254853982,51.81593868650683,27.697550222410428,11.280999618534254,5157,6
137899948,81,2.455239,1.72722,2.0000040966260713,51.81649386360016,26.623645149284584,10.843606324795502,4934,4
137899948,82,2.455239,1.72722,1.9999625250056852,51.81757093158804,25.852284467390746,10.529437039486073,4945,4
137900524,40,25.54339981,8.567,2.0000389889173675,257.0049898268443,28.200452076683177,1.1040210890659499,9882,2
137900524,41,25.54339981,8.567,1.9999809154251125,257.01245248669824,26.588735498582082,1.0409239058370312,9251,2
137900524,74,25.54339981,8.567,1.9999789705616422,257.01270241639133,26.703879325237722,1.0454316780017436,4643,5
137900524,75,25.54339981,8.567,2.0000251902092714,257.00676297292824,27.697544371609183,1.0843327269522616,5157,6
137900524,81,25.54339981,8.567,2.000003760040272,257.0095168169332,26.623648376782967,1.0422907120750644,4934,5
137900524,82,25.54339981,8.567,1.999962860281812,257.0147727281146,25.85229073402752,1.0120927882085058,4945,4
137903329,40,7.340711,3.082,2.0000393241934944,92.4581820782789,28.20045938453859,3.841652311954331,9882,2
137903329,41,7.340711,3.082,1.999981253320584,92.46086666711295,26.58874327815238,3.6220937288162385,9251,2
137903329,54,7.340711,3.082,2.000020534323994,92.45905070794828,26.229339101046207,3.5731333246937806,8944,4
137903329,55,7.340711,3.082,1.9999652340629837,92.46160725720716,27.162100313624705,3.700200200447165,9633,2
137903329,74,7.340711,3.082,1.9999783013190608,92.46100314090323,26.703871687228457,3.637777278962277,4643,5
137903329,75,7.340711,3.082,2.00002452096669,92.45886640960828,27.69753612241948,3.7731407928223137,5157,6
137903329,81,7.340711,3.082,2.000003760040272,92.45982617366502,26.623656090927852,3.626849782116181,4934,5
137903329,82,7.340711,3.082,1.9999635308340658,92.46168600028464,25.852298014176085,3.521770304562608,4945,4
137906197,21,7.337703649,4.5639,1.999989074683981,136.9177479348324,27.34570817630879,3.726739247643986,9598,2
137906197,48,7.337703649,4.5639,1.9999649151577614,136.9194018978075,24.528764345624495,3.3428393294361696,7261,2
137906197,74,7.337703649,4.5639,2.0000426743354183,136.9140786413423,26.704705473321155,3.6393818489740366,4588,5
137906197,75,7.337703649,4.5639,1.9999648398516001,136.91940705333542,27.696783065230193,3.774584582603684,5157,4
137968594,74,4.75793986,4.677,1.999978301973897,140.31152224153607,26.703873340558857,5.6124865228033505,4643,5
137968594,75,4.75793986,4.677,2.000025189554435,140.30823284906546,27.697541951800304,5.821330821066811,5157,6
137968594,81,4.75793986,4.677,2.000003760695108,140.30973616893078,26.623652959821356,5.595626204451722,4934,5
137968594,82,4.75793986,4.677,1.9999631949031027,140.31258210909021,25.85229172868003,5.433505359330042,4945,4
137969066,75,3.70175428,2.6262,2.0000248542783083,78.78502092758167,27.69754585008377,7.482275633401516,5157,6
137969066,81,3.70175428,2.6262,2.0000047658686526,78.78581225858355,26.62365160497984,7.192171492533492,4934,4
137969066,82,3.70175428,2.6262,1.9999628596269758,78.78746309788454,25.852287161939785,6.983793414278105,4945,4
138036531,74,14.5596237,5.76,1.999979977044859,172.80173000064403,26.70388829922922,1.8341056643674947,4643,5
138036531,75,14.5596237,5.76,2.000030553972465,172.79736017710755,27.697619403379576,1.902358190986734,5157,6
138036531,81,14.5596237,5.76,2.0000027535570553,172.79976209299795,26.623615698303638,1.8285922937900956,4934,4
138036531,82,14.5596237,5.76,1.9999571599328192,172.80370146108982,25.85220608099644,1.7756094947011878,4945,4
138097531,74,5.21104261,3.3011,1.9999779653880978,99.03409108888111,26.703867034806535,5.124476814594026,4643,5
138097531,75,5.21104261,3.3011,2.0000241830712184,99.03180255343298,27.697526799182015,5.315160299405423,5157,6
138097531,81,5.21104261,3.3011,2.0000047652138164,99.03276404385225,26.623662343594788,5.109085520142156,4934,5
138097531,82,5.21104261,3.3011,1.9999642013863195,99.03477265378359,25.852307455225855,4.961062380417928,4945,4
138097834,81,26.0840594,6.725,2.0000054364209063,201.74945160253174,26.623663521485014,1.0206871220928524,4934,4
138168780,19,3.7650007,2.9,2.0000296692887787,86.99870940508364,24.911463546766754,6.61658935329461,8564,2
138168780,20,3.7650007,2.9,1.9999689908581786,87.00134891858363,26.31763974723208,6.990075658480509,8838,2
138168780,26,3.7650007,2.9,2.0000011105730664,86.99995169009844,24.866617969701792,6.604678179661904,8500,2
138168780,40,3.7650007,2.9,2.000024237422622,86.99894568489289,28.200436556890963,7.490154399411125,9882,2
138168780,53,3.7650007,2.9,1.9999970427306835,87.00012864140548,24.981985056294434,6.635320162435677,8678,2
138168780,59,3.7650007,2.9,2.000026577807148,86.99884388075262,24.971195556458042,6.632454425960145,4596,4
138168780,60,3.7650007,2.9,1.9999719395855209,87.00122064515574,23.377426316321817,6.209142621493222,4410,4
138168780,73,3.7650007,2.9,2.0000108208114398,86.99952929724907,26.850093876126266,7.131497711574467,4650,5
138168780,79,3.7650007,2.9,1.999956820072839,87.00187836738539,27.134180370997456,7.206952277856803,5252,4
138213510,74,14.12841,3.733,1.9999783006642247,111.99121506748983,26.703869446932003,1.8900831336952992,4958,4
138213510,81,14.12841,3.733,2.0000044305925258,111.98975190952112,26.623641719456373,1.884404665454667,4934,4
138213510,82,14.12841,3.733,1.9999601767631248,111.99222994655068,25.852246544168338,1.8298057986828198,4945,4
138216186,74,161.4743937,10.598,1.9999783006642247,317.943449580835,26.70386882760249,0.165375253721126,4643,5
138294130,24,3.056536,4.224,1.9999773167728563,126.72143722557229,26.484550030196942,8.664890591897803,6490,4
138294130,50,3.056536,4.224,2.0000352962961188,126.71776366614506,26.237898752978253,8.584194248972777,4641,4
138294130,51,3.056536,4.224,1.9999823226680746,126.7211200456505,24.57886735153943,8.0414126813947,4036,3
138294130,77,3.056536,4.224,2.000013086872059,126.71917082121202,28.06245107306313,9.181128922761953,3141,2
138294130,78,3.056536,4.224,1.999956780782668,126.72273842878653,17.116326960887363,5.599910146939989,4043,3
138299395,40,11.17931605,3.043,2.0000410005741287,91.28812856715881,28.200476550443454,2.5225583053842953,9882,2
138299395,41,11.17931605,3.043,1.9999812520109117,91.29085575998383,26.588740903279813,2.378387084179431,9251,2
138299395,54,11.17931605,3.043,2.000021205531084,91.28903208379627,26.22934698096651,2.346238970582329,8944,4
138299395,55,11.17931605,3.043,1.99996456351073,91.29161752721248,27.162089710284363,2.4296736570288093,9633,2
138299395,74,11.17931605,3.043,1.9999776294571348,91.29102111485054,26.703860447561965,2.388684632237583,4643,5
138299395,75,11.17931605,3.043,2.0000251902092714,91.28885020737957,27.697544543438198,2.477570579412879,5157,6
138299395,81,11.17931605,3.043,2.0000054364209063,91.28975185524224,26.623660012261553,2.381510630273446,4934,4
138299395,82,11.17931605,3.043,1.9999628589721397,91.2916953336999,25.852284780780792,2.312510413441687,4945,4
138303317,74,14.5539759,6.254,1.9999779666977702,187.6220669668532,26.703868505830542,1.8348160454100066,4958,4
138359318,40,1.0187068,1.4947875,2.0000420064025093,44.84268316010078,28.200481087148546,27.682627707156318,9882,2
138359318,41,1.0187068,1.4947875,1.999976223523845,44.84415811802809,26.588678855543094,26.100423454072455,9251,2
138359318,54,1.0187068,1.4947875,2.000020199047867,44.84317210531006,26.22932062477048,25.747664219744564,8944,4
138359318,55,1.0187068,1.4947875,1.9999581932643196,44.844562402383524,27.16200090727989,26.66321743143355,9633,2
138359318,74,1.0187068,1.4947875,1.9999789718713146,44.844096493715924,26.703877398331315,26.213506573561027,4958,4
138359318,75,1.0187068,1.4947875,2.000031225834391,44.842924871127174,27.69762943954447,27.189010066041057,5157,6
138359318,81,1.0187068,1.4947875,2.0000030894880183,44.84355572818593,26.623618825452013,26.134721811469223,4934,4
138359318,82,1.0187068,1.4947875,1.9999561547592748,44.84460811131893,25.85219106993918,25.377460001188943,4945,4
138365520,40,4.176,2.358,2.0000420064025093,70.73851426474845,28.20048439054972,6.752989557123975,9882,2
138365520,41,4.176,2.358,1.9999792396993143,70.7407342994574,26.588714772463845,6.367029399536361,9251,2
138365520,54,4.176,2.358,2.000021204876248,70.73924999147904,26.22933898300107,6.280971978687996,8944,4
138365520,55,4.176,2.358,1.9999615473352605,70.74136009690152,27.162049797524105,6.5043222695220555,9633,2
138365520,74,4.176,2.358,1.9999776314216433,70.74079118546533,26.703863438504413,6.394603313818107,4958,4
138365520,75,4.176,2.358,2.0000278724182863,70.739014166304,27.69758210251348,6.6325627640118485,5157,6
138365520,81,4.176,2.358,2.0000047652138164,70.7398314547889,26.623644584204612,6.37539381805666,4934,4
138365520,82,4.176,2.358,1.999959842141834,70.74142041196369,25.8522419478586,6.190670964525527,4945,4
138430864,81,10.526294063,2.5212,2.0000071128015406,75.63573100902798,26.623685428287445,2.52925533610826,4934,4
138430864,82,10.526294063,2.5212,1.999965542490827,75.63730313653332,25.852326080047533,2.4559760467759157,4945,4
138431522,81,70.46829987,6.618,2.0000071114918683,198.53929404471245,26.62368209554961,0.37781076235222094,4934,4
138569175,74,5.08005848,5.2587,1.9999769602145534,157.76281741073228,26.703852130385712,5.256603292170312,4958,4
138569175,75,5.08005848,5.2587,2.0000275371421594,157.7588278863648,27.697575542044433,5.452215885129817,5157,6
138569175,81,5.08005848,5.2587,2.0000054364209063,157.76057117356635,26.623653962157277,5.240816432915803,4934,4
138569175,82,5.08005848,5.2587,1.9999601780727971,157.76414123607375,25.852246142069816,5.088966247898354,4945,4
138888759,40,1.44259224,3.0151,2.000030271738069,90.4516309359602,28.200526477016865,19.548508369223494,4159,4
138888759,41,1.44259224,3.0151,1.99998225652962,90.45380248218255,26.588750891714426,18.43123105369985,9251,2
138888759,54,1.44259224,3.0151,2.0000242223613895,90.45190452064017,26.229377725321683,18.18211480558199,8944,4
138888759,55,1.44259224,3.0151,1.9999642288894393,90.45461783106758,27.162082530951466,18.828662582401986,9633,2
138888759,74,1.44259224,3.0151,1.9999746139365016,90.45414813737416,26.703822269855664,18.510998138916694,4958,4
138888759,75,1.44259224,3.0151,2.0000255254853982,90.45184558636812,27.697546285942735,19.19984422343956,5157,6
138888759,81,1.44259224,3.0151,2.000007782044122,90.45264804675098,26.62368303874655,18.45544589838259,4934,4
138888759,82,1.44259224,3.0151,1.9999621890747221,90.4547100881421,25.852271115950316,17.920705795527027,4945,4
138969239,40,8.50340718,2.8346,2.0000453585089417,85.03607144529649,28.200534529464676,3.3163805910402937,9882,2
138969239,41,8.50340718,2.8346,1.999985610600561,85.03861182727667,26.588794926042738,3.1268401433932906,9251,2
138969239,54,8.50340718,2.8346,2.000025564120733,85.03691305304396,26.229402327837306,3.084575602768831,8944,4
138969239,55,8.50340718,2.8346,1.9999685868242523,85.03933567779856,27.16214077539962,3.1942655691338566,9633,2
138969239,74,8.50340718,2.8346,1.9999732708674856,85.03913651117436,26.703802348632962,3.140365007033917,4643,5
138969239,75,8.50340718,2.8346,2.0000215008622035,85.03708581466785,27.697489462227168,3.2572225316190453,5157,6
138969239,81,8.50340718,2.8346,2.000009793700883,85.03758358367128,26.623715919555707,3.1309468494199177,4934,4
138969239,82,8.50340718,2.8346,1.9999662130430806,85.03943661189062,25.85233122653608,3.040232071603101,4945,4
139155506,40,13.5225106,3.8931,2.000045359818614,116.79035120542673,28.200537484784036,2.085451312922915,9882,2
139155506,41,13.5225106,3.8931,1.9999856119102333,116.79384022012864,26.5887968799575,1.9662618626423927,9251,2
139155506,54,13.5225106,3.8931,2.000025898742024,116.79148762369573,26.22940477861266,1.939684541908413,8944,4
139155506,55,13.5225106,3.8931,1.9999685874790885,116.79483441008914,27.16214225853082,2.008661191844865,9633,2
139155506,74,13.5225106,3.8931,1.999972936901031,116.79458041164436,26.703799646866173,1.9747664052018692,4643,5
139155506,75,13.5225106,3.8931,2.0000211675505852,116.79176390221484,27.697487731131332,2.04825039894081,5157,6
139155506,81,13.5225106,3.8931,2.0000097950105555,116.79242800846743,26.623718219456805,1.9688443224039185,4934,4
139155506,82,13.5225106,3.8931,1.9999665470095351,116.79495357023407,25.852332419327468,1.9117997525790416,4945,4
139270665,47,23.624,5.94,2.0000138707109727,178.19876412822356,26.630786880007236,1.1272767897056908,9100,2
141205978,48,1.55745774,1.409,2.000036997560528,42.269218071022976,25.72686109195911,16.518497055309577,8123,2
141205978,49,1.55745774,1.409,1.9999672529229429,42.270692120806075,22.870463190240116,14.68448395282951,6473,2
141205978,75,1.55745774,1.409,2.000038937185309,42.26917707860962,27.697715704462098,17.783927610428837,5157,5
141205978,76,1.55745774,1.409,1.9999688526877435,42.27065830869682,27.077395901949785,17.38563763659474,3737,4
142211778,63,3.05125,3.601,2.0000413325760746,108.0277674670415,26.531096337078452,8.695156521779092,4650,5
142211778,90,3.05125,3.601,2.000039301274228,108.02787718338728,27.91711489359932,9.149402668938736,5215,5
142211778,100,3.05125,3.601,2.000132807297632,108.02282689013907,24.77522367850497,8.119696412455541,4705,4
142211778,101,3.05125,3.601,2.000070796930231,108.02617603917591,23.928599070368364,7.842228290165789,4252,4
143526233,88,6.961508,2.7504,2.0000091270776466,82.51162345500299,25.68487694960004,3.6895564796592977,4963,5
144065872,1,2.18467,2.784,2.0000152913780767,83.51936143693376,27.880655831608465,12.761952986770755,9409,16
144065872,28,2.18467,2.784,2.000003141874913,83.51986879550974,23.31940039181427,10.674106566124069,7343,2
144065872,95,2.18467,2.784,2.000010457049939,83.51956331587776,23.955673065796873,10.96535086113549,4160,4
144193715,1,9.151201,2.616,2.000002550885256,78.47989990339023,27.59157179678232,3.0150765781215294,9409,16
144193715,28,9.151201,2.616,1.9999897334491834,78.48040286152205,22.309524007093387,2.437879356719778,6610,2
144193715,68,9.151201,2.616,1.9999916953383945,78.48032587627455,24.352633209143278,2.6611406753215534,5049,4
144193715,95,9.151201,2.616,1.9999957035906846,78.48016859146371,23.92355642225175,2.614253191712405,4145,4
145368316,91,1.6096884,2.232,2.0001345471973764,66.95549566285482,24.49610375794964,15.217916559471783,5023,4
147950620,14,2.3106446,1.6276453,2.000005181362212,48.829232499029935,26.850029972360517,11.62014702406442,9245,2
147950620,20,2.3106446,1.6276453,2.000039065205783,48.82840525415034,26.318575675895318,11.390144410739461,8838,2
147950620,21,2.3106446,1.6276453,1.9999837099385331,48.82975671986919,27.34563517505444,11.83463487853322,9599,2
147950620,40,2.3106446,1.6276453,1.9999568462662864,48.83041260731139,28.199468422860264,12.204156546991374,9882,2
147950620,41,2.3106446,1.6276453,2.0000094165152404,48.829129099880824,26.589066541847842,11.507207357569332,9251,2
147950620,47,2.3106446,1.6276453,2.000022923166398,48.8287993446538,26.480900175374245,11.460395153531723,8992,2
147950620,48,2.3106446,1.6276453,1.9999665908835595,48.83017468649595,25.54266909978878,11.054347821291419,7991,2
147950620,74,2.3106446,1.6276453,2.0000232283200603,48.828791894596854,26.704457693553195,11.557146301751986,4588,5
147950620,75,2.3106446,1.6276453,1.9999695343722124,48.83010281986867,27.696796696765887,11.986610444880139,5157,5
149603524,1,4.41195,3.816,2.000009838557162,114.47943684375836,27.880674144442537,6.319354059869794,9411,16
149603524,2,4.41195,3.816,2.000010199044482,114.4794162096709,27.405677444674893,6.211692663034461,9226,3
149603524,3,4.41195,3.816,2.000008492213965,114.47951390773663,20.27785195040815,4.596120071716168,6814,2
149603524,4,4.41195,3.816,2.0000053552212194,114.47969346795817,25.52226916514519,5.784804715634853,8488,3
149603524,6,4.41195,3.816,1.9999950248529785,114.4802847781239,21.77215677335039,4.934814939731953,8341,2
149603524,7,4.41195,3.816,1.9999921684575384,114.48044827924585,24.367948930442935,5.523169784436119,8109,2
149603524,8,4.41195,3.816,1.9999896493027336,114.48059247697779,23.99709721133513,5.43911359179844,7894,2
149603524,9,4.41195,3.816,1.9999903889402049,114.48055013970638,23.83460122094948,5.402282714207885,7826,2
149603524,10,4.41195,3.816,1.9999924451258266,114.4804324426312,23.58462942050346,5.345624819071717,6950,2
149603524,11,4.41195,3.816,1.9999960061250022,114.48022860986138,23.037455157472778,5.221603861664973,6289,2
149603524,12,4.41195,3.816,2.0000008250644896,114.47995277332808,24.373620967327042,5.5244553921343265,6959,3
149603524,13,4.41195,3.816,2.000005559530109,114.47968177338113,28.43618240595788,6.445263977596727,9728,4
149603524,27,4.41195,3.816,2.0000062291001086,114.47964344742027,24.3625795510452,5.521952776220311,8521,2
149603524,28,4.41195,3.816,2.0000087485823315,114.47949923333783,22.93204487728417,5.197711868285944,6988,2
149603524,29,4.41195,3.816,2.0000086670552264,114.47950389990869,24.380662788801146,5.526051471299798,7537,2
149603524,30,4.41195,3.816,2.000006463204045,114.479630047396,25.932030314675103,5.877680008765989,8331,2
149603524,31,4.41195,3.816,2.000002649438102,114.47984834636394,25.429203380198942,5.763710690329433,8665,2
149603524,32,4.41195,3.816,1.9999971429206198,114.48016353945734,25.83191091339222,5.854987230905206,9228,2
149603524,33,4.41195,3.816,1.9999925682350295,114.48042539580763,25.83880003791728,5.856548700215841,8731,2
149603524,34,4.41195,3.816,1.999989350370015,114.48060958806627,24.94432074708584,5.65380857604593,8478,2
149603524,36,4.41195,3.816,1.9999888775782892,114.48063665095927,23.512379798326492,5.329248925832453,7466,2
149603524,37,4.41195,3.816,1.9999915643711574,114.48048285743154,23.37907876710642,5.2990352943950905,7105,2
149603524,38,4.41195,3.816,1.9999962202564348,114.48021635293054,26.69579085668329,6.05079179425952,9533,4
149603524,39,4.41195,3.816,2.0000008486385923,114.47995142394758,27.945853052797702,6.334127325286484,9924,2
149603524,61,4.41195,3.816,1.9999880511750234,114.48068395482788,23.927651709241673,5.423373272417337,3945,4
149603524,62,4.41195,3.816,1.9999873092456255,114.48072642338981,24.522084400261974,5.558105690287055,4602,4
149603524,64,4.41195,3.816,1.9999924654257484,114.48043128065491,26.91657794981711,6.100834766898335,5040,4
149603524,65,4.41195,3.816,1.9999981916407705,114.48010351057587,23.849976492927908,5.405767629489887,5205,6
149603524,68,4.41195,3.816,2.0000082718615886,114.47952652060094,24.637605628675374,5.584289402344853,4986,4
149603524,69,4.41195,3.816,2.000008102913853,114.47953619109016,23.98065946371935,5.435387858819649,4376,10
149603524,87,4.41195,3.816,1.9999914694199106,114.48048829248702,24.133241031971465,5.469971561774604,4789,5
149603524,88,4.41195,3.816,1.9999900719994912,114.48056828157006,27.770697520960766,6.2944270721474105,4963,6
149603524,89,4.41195,3.816,1.999989523246768,114.48059969249641,28.80540038631534,6.528949871670201,5333,4
149603524,94,4.41195,3.816,2.000007859314792,114.47955013458912,23.65702091025196,5.362032867610004,3808,5
149603524,95,4.41195,3.816,2.000009532093827,114.47945438554974,23.777878370867256,5.389426074834768,4087,4
149603524,96,4.41195,3.816,2.0000096103467513,114.47944990639525,23.91121606055367,5.419648015175528,4180,5
149603524,97,4.41195,3.816,2.000005704248906,114.47967348972385,52.175141925719345,11.82586881667275,4824,8
149603524,98,4.41195,3.816,1.9999957749678288,114.48024184135237,57.37213840942468,13.003805212983982,5082,12
149918151,41,1.540731,1.8672,2.0000003620953066,56.015989858436484,26.58894027080487,17.257353990284397,9251,2
149918151,48,1.540731,1.8672,1.9999739676131867,56.016729124580294,25.49691371637209,16.54858227449963,7958,2
149918151,74,1.540731,1.8672,2.000040662678657,56.01486114285066,26.704692291847095,17.332481978909424,4588,5
149918151,75,1.540731,1.8672,1.9999685285438318,56.01688146641487,27.69688148088062,17.976454994986547,4100,4
150030205,1,4.5117244,2.04,2.0000129434629343,61.199603932597455,27.880731779974894,6.179617660151159,9411,16
150030205,2,4.5117244,2.04,2.000019303886802,61.199409306765205,27.405805551094545,6.0743527576938305,9226,3
150030205,3,4.5117244,2.04,2.0000210732541746,61.199355165216645,20.277978814645394,4.494507424843014,6814,2
150030205,4,4.5117244,2.04,2.0000183052616194,61.19943986412117,25.522432236322857,5.656912961333111,8488,3
150030205,5,4.5117244,2.04,2.000010425290384,61.19968098777716,25.52234075551246,5.656892685092303,8668,2
150030205,7,4.5117244,2.04,1.9999916216693236,61.20025637799271,24.36794337479091,5.401026573075011,8109,2
150030205,8,4.5117244,2.04,1.999983066561981,61.20051816759056,23.997023086545596,5.318814040712592,7894,2
150030205,9,4.5117244,2.04,1.9999798362550791,61.200617016815265,24.08030592938212,5.337273245099395,8002,2
150030205,10,4.5117244,2.04,1.9999796460251673,61.200622837968496,23.58447806081631,5.227375604063118,6950,2
150030205,11,4.5117244,2.04,1.9999836434726603,61.20050051382993,23.037315035887787,5.106099795432493,6289,2
150030205,12,4.5117244,2.04,1.9999910202022875,61.20027478304375,23.46657383385309,5.201242751851839,6261,4
150030205,13,4.5117244,2.04,2.0000010752119124,61.19996709853317,28.436131602646128,6.302719111709511,9728,4
150030205,27,4.5117244,2.04,2.0000059561971284,61.19981774091066,24.362574983839295,5.399836697436416,8521,2
150030205,28,4.5117244,2.04,2.0000140828778967,61.19956906697075,22.75432266175585,5.0433760230912705,6790,2
150030205,29,4.5117244,2.04,2.0000187937694136,61.19942491605995,23.55855274867872,5.221629394889174,6843,2
150030205,30,4.5117244,2.04,2.000019250845071,61.19941092981088,25.847471518115526,5.728956209762175,8271,2
150030205,31,4.5117244,2.04,2.000015473095118,61.19952652695244,25.429364558070574,5.636284999604713,8665,2
150030205,32,4.5117244,2.04,2.000006739544915,61.19979377062055,25.79592052978751,5.7175302041471125,9216,2
150030205,33,4.5117244,2.04,1.9999967598414514,61.20009914901222,25.838852262136243,5.7270457969764825,8731,2
150030205,34,4.5117244,2.04,1.9999874123823247,61.200385183525135,24.944294850453844,5.5287718483987724,8478,2
150030205,35,4.5117244,2.04,1.9999799646029714,61.20061308929082,24.12199756443397,5.346513976880761,7374,3
150030205,36,4.5117244,2.04,1.9999776045733597,61.200685307729074,23.84835370451856,5.285862253580595,7727,2
150030205,37,4.5117244,2.04,1.9999786562402733,61.20065312601772,23.378927725989797,5.1818164527048225,7105,2
150030205,38,4.5117244,2.04,1.9999849871965125,61.20045939523512,26.69563456527203,5.9169470912877635,9533,3
150030205,39,4.5117244,2.04,1.999993976787664,61.200184310852556,27.945742305679687,6.19402690148354,9924,2
150030205,61,4.5117244,2.04,1.999985158763593,61.20045414520409,23.931783321112107,5.3043539895992105,3945,4
150030205,62,4.5117244,2.04,1.9999791840382386,61.200636975059524,24.53448379103611,5.437939381012747,4602,4
150030205,63,4.5117244,2.04,1.9999778029887239,61.20067923608356,26.530272943527052,5.880295556955351,4650,5
150030205,64,4.5117244,2.04,1.999979683678248,61.2006216857608,26.91640499582263,5.965879696867705,5040,4
150030205,65,4.5117244,2.04,1.9999871704203542,61.20039258765553,23.84984036692049,5.286191764488205,5205,6
150030205,66,4.5117244,2.04,1.9999965594615787,61.20010528065681,23.770777700784492,5.268667940086165,5192,5
150030205,67,4.5117244,2.04,2.0000062038889155,61.199810161588054,23.472280786238116,5.202507667852698,5009,4
150030205,68,4.5117244,2.04,2.000013655924704,61.19958213155725,23.88904636759662,5.294881568474488,4959,4
150030205,69,4.5117244,2.04,2.000017975224182,61.19944996308355,23.68215976597685,5.249026240604778,4383,10
150030205,87,4.5117244,2.04,1.9999954606464598,61.2001389045336,24.13328458703245,5.349015686116033,4789,5
150030205,88,4.5117244,2.04,1.999987710005371,61.20037607614664,27.77066406971653,6.155221730679411,4963,6
150030205,89,4.5117244,2.04,1.9999815944902366,61.200563213781884,28.805281984333305,6.384539353585805,5333,4
150030205,90,4.5117244,2.04,1.9999803457176313,61.20060142695079,25.94417471282759,5.750389964605903,5041,4
150030205,93,4.5117244,2.04,1.9999968626507325,61.20009600303818,24.013842252373706,5.322541920418212,4210,4
150030205,94,4.5117244,2.04,2.000005498630344,61.19983174237407,23.65700194319834,5.243450141413411,3808,5
150030205,95,4.5117244,2.04,2.000013292490621,61.19959325249034,23.65848068449577,5.243777896649842,4028,4
150030205,96,4.5117244,2.04,2.0000186313700397,61.1994298853878,23.88354414690366,5.2936620301771224,4164,5
150030205,97,4.5117244,2.04,2.0000185498429346,61.19943238007083,52.17547031035747,11.564418764221827,4799,8
150030205,98,4.5117244,2.04,2.0000037718273234,61.19988458230158,57.37237961062101,12.7162863960886,5082,10
150096001,43,3.07133,1.22,2.000180167669896,36.596703228626716,23.927136213877475,7.790480415285064,7846,2
150096001,44,3.07133,1.22,2.000126523489598,36.59768476660606,24.108459023562773,7.849517643354107,8082,2
150096001,70,3.07133,1.22,2.000174428030732,36.59680824540334,23.831226703833636,7.75925306099756,4062,4
150096001,71,3.07133,1.22,2.0001137829967774,36.597917889613356,24.119432798675916,7.8530906150351525,4146,4
151483286,61,4.039709,3.804,2.000003431312507,114.11980420964424,23.98615540860237,5.9375948635415,4068,4
151483286,88,4.039709,3.804,2.0000044332118705,114.11974704149137,27.770957229748547,6.87449448208981,5249,5
151759246,54,2.6278838,1.2,2.0000077938311733,35.99985971158557,26.229410000305506,9.981190949274662,4935,4
151759246,81,2.6278838,1.2,1.9999950415513013,36.000089252297855,26.623591991720332,10.13119072910314,4908,6
151759246,92,2.6278838,1.2,2.000176423971425,35.99682464861841,25.085525293476167,9.545903549265065,4466,4
152569268,90,1.05426244177,1.3052791,2.000023209329811,39.157918585476416,27.916932384642678,26.48005968776899,5215,4
152569268,99,1.05426244177,1.3052791,2.0001469347334933,39.1554963487896,27.664531269806048,26.24064955151025,4697,8
152569268,100,1.05426244177,1.3052791,2.000113696885819,39.15614703401078,25.381968079260787,24.075568922522773,4837,5
152852327,36,9.1751,7.169,2.0000185501703527,215.0680052259328,23.92110331841195,2.6071763052622807,7764,2
152852327,46,9.1751,7.169,2.00019590993179,215.0489348889172,24.71214279177002,2.6933922019127876,7952,2
152852327,91,9.1751,7.169,1.9998998545634095,215.08076967879086,23.30874660890231,2.5404351569903665,4788,4
154220877,75,2.002849,1.66,2.000043631705921,49.79891359422343,27.697758844255077,13.829179755565736,5157,5
154220877,76,2.002849,1.66,1.9999695252045058,49.800758833970455,27.07740787736111,13.519445488582072,3742,4
154474036,20,8.62392630369,2.0612885,2.000029006267141,61.83775815873371,26.318427260795488,3.051791763287028,8838,2
154474036,21,8.62392630369,2.0612885,1.9999833867768757,61.839168673953495,27.34561960939459,3.1709013558817127,9599,2
154474036,40,8.62392630369,2.0612885,1.9999689162068535,61.83961610491763,28.19961638882978,3.2699278026951304,9882,2
154474036,41,8.62392630369,2.0612885,2.0000104210339487,61.83833279031733,26.58907895637776,3.0831755768832165,9251,2
154474036,47,8.62392630369,2.0612885,2.0000142059870996,61.8382157635523,26.421061317580552,3.0636928455981267,8949,2
154474036,48,8.62392630369,2.0612885,1.9999689384712838,61.83961541649503,23.995480929637324,2.7824311206567423,6877,2
154474036,60,8.62392630369,2.0612885,2.000032289943192,61.83765663279009,23.182286589177693,2.6881359803896365,4410,4
154474036,74,8.62392630369,2.0612885,2.000007470996934,61.83842400266193,26.704350610549227,3.0965420703007385,4643,6
154474036,75,8.62392630369,2.0612885,1.9999648405064363,61.839742127007646,27.69682553563507,3.2116259532255245,5157,6
157266693,36,3.8537768,3.5064,2.000034643424442,105.1901779260095,23.87545242934584,6.195338668639513,7740,2
157266693,37,3.8537768,3.5064,1.999958205051371,105.19419829305687,24.370379549502104,6.323765182639042,8040,2
157266693,63,3.8537768,3.5064,2.0000279221858364,105.19053142521666,26.53093370906481,6.884398107608311,4650,5
157266693,90,3.8537768,3.5064,2.000027893373044,105.19053294061199,26.671117577162477,6.920773817820087,5215,4
157266693,100,3.8537768,3.5064,2.0001244398008566,105.18545537144028,24.7056673459615,6.410767573763354,4591,4
157266693,101,3.8537768,3.5064,2.000060054997448,105.18884144219783,23.824289588412285,6.182062642655455,4214,4
158025009,16,1.0697568,1.5,1.9999729480332462,45.00060867748492,23.869135347089923,22.312674569668474,7776,2
158025009,23,1.0697568,1.5,2.000005336885806,44.99987992038979,24.64030706793619,23.03355965387291,6933,2
158025009,50,1.0697568,1.5,1.9999920450209174,45.00017898774128,26.237378340400937,24.526488955621446,4526,4
158025009,77,1.0697568,1.5,2.000004403744242,44.999900915972724,28.061894011079858,26.232031440304805,3081,2
158108219,74,1.980357663,2.4332,1.9999937240208965,72.99622906140411,26.70405409082923,13.484460201181967,4643,6
158108219,75,1.980357663,2.4332,2.000025023226044,72.99508671372251,27.697557593595775,13.986139024825121,5157,6
158108219,80,1.980357663,2.4332,2.000026404275559,72.99503630947342,26.44754238886071,13.3549322342086,4721,5
158108219,82,1.980357663,2.4332,1.9999643683695467,72.99730050641786,25.85232860416454,13.054373503926266,4944,4
158113449,74,2.437033302,3.201,1.9999957356776576,96.03020475187384,26.70407428062208,10.95761566274324,4643,6
158113449,75,2.437033302,3.201,2.000029547489248,96.02858129826329,27.69762506779989,11.365304300548244,5157,4
158113449,80,2.437033302,3.201,2.0000274107587757,96.02868389045517,26.44755018379783,10.852354853786002,4721,5
158113449,82,2.437033302,3.201,1.9999593379179714,96.03195242956353,25.852256168921485,10.608084898842094,4944,4
158114000,80,40.0587473,5.533,2.000027577742003,165.9877112168622,26.447551307205686,0.6602191303971626,4721,5
158114000,81,40.0587473,5.533,1.9999886726145633,165.9909401216789,26.62349083984418,0.6646111682040586,4908,5
158114283,74,76.957857,9.384,1.9999957363324938,281.52060015511756,26.704081531899647,0.3469961687199742,4643,6
158170594,14,1.7208604,2.03459,1.9999931124038994,61.03791020223615,26.84980023766593,15.60254407485112,9245,3
158170594,26,1.7208604,2.03459,2.0000438451825175,61.0363619247856,24.867129061253536,14.450404612282052,8499,2
158170594,40,1.7208604,2.03459,2.000020884333935,61.0370626408007,28.200221779702588,16.38728032773756,9882,2
158170594,41,1.7208604,2.03459,1.9999688481038902,61.038650734853185,26.588586744015174,15.450751696078992,9251,2
158170594,53,1.7208604,2.03459,2.0000255405466305,61.03692054184236,24.982357178103484,14.517364208103972,7201,4
158170594,55,1.7208604,2.03459,1.999955176434014,61.039067994345984,27.161981869765896,15.783954276457226,9632,2
158170594,74,1.7208604,2.03459,1.9999960696441121,61.037819950177514,26.704088704946116,15.517870423972866,4643,6
158170594,75,1.7208604,2.03459,2.0000332355266437,61.03668570680298,27.697674510201978,16.095247766874046,5157,4
158170594,80,1.7208604,2.03459,2.0000282482942566,61.03683790672116,26.447556418769636,15.36879831668486,4721,5
158170594,81,1.7208604,2.03459,1.999986996233929,61.03809686256651,26.623471600349603,15.47102344870601,4908,5
158170594,82,1.7208604,2.03459,1.999955484207021,61.039058601048154,25.852202978993773,15.022835657670878,4944,4
158172348,74,36.8601,7.495,1.9999957356776576,224.85047941746151,26.704077161668465,0.7244710991470035,4643,6
158172348,75,36.8601,7.495,2.0000302193511743,224.8466026407772,27.697636399434487,0.7514259700715539,5157,4
158172348,80,36.8601,7.495,2.0000252039608313,224.8471664804115,26.447552215827272,0.7175116783684057,4721,5
158172348,81,36.8601,7.495,1.9999890065810177,224.85123594192268,26.6234925260037,0.7222848697101663,4908,5
158172348,82,36.8601,7.495,1.9999585010373266,224.8546656176877,25.852243849037222,0.7013611967693311,4944,4
158175366,80,47.1611696,4.059,2.0000269078445854,121.76836173792348,26.447549304047243,0.5607907846298884,4721,5
158175366,82,47.1611696,4.059,1.9999648719385732,121.7721388095861,25.852335465800024,0.5481699390635982,4944,4
158212755,80,9.06689421,2.957,2.0000279130181298,88.7087619353599,26.447558547656627,2.9169369284674413,4721,5
158212755,82,9.06689421,2.957,1.9999595075205434,88.71179608029016,25.85226056441479,2.8512807104225377,4944,4
158215023,74,6.24146367,3.0771,1.9999954017112032,92.31321224140483,26.7040842280785,4.2784971026000544,4643,6
158215023,75,6.24146367,3.0771,2.000032901560189,92.31148140411922,27.69767258061802,4.437688664879791,5157,4
158215023,80,6.24146367,3.0771,2.0000285835703835,92.31168070128874,26.447561732663416,4.237397368791128,4721,5
158215023,81,6.24146367,3.0771,1.9999873302003834,92.31358479731064,26.62347507208733,4.2655819980263265,4908,5
158215023,82,6.24146367,3.0771,1.9999554845344392,92.31505472381966,25.852203862120405,4.142009827980046,4944,4
158270511,80,3.584101216,2.7445,2.0000282482942566,82.33383710477109,26.447562580981867,7.379133843351221,4721,5
158270511,81,3.584101216,2.7445,1.999991690099705,82.3353420992418,26.62353238451442,7.428231174293494,4908,5
158270511,82,3.584101216,2.7445,1.9999626919889124,82.33653590619724,25.85230367091299,7.213050668185423,4944,4
158275161,81,14.13176026,3.854,1.9999896784429438,115.62059669229282,26.623503911422176,1.8839481721735758,4908,5
158275161,82,14.13176026,3.854,1.9999588363134535,115.62237972169832,25.852247148713104,1.829372043756501,4944,4
158278132,80,9.08237046,2.025,2.000029924674891,60.74909105160018,26.447574407963657,2.911968249306983,4721,6
158278132,81,9.08237046,2.025,1.9999869949242566,60.75039503174442,26.62346632906383,2.9313345504146975,4908,5
158317637,74,49.6221509,7.093,1.9999947291944409,212.79056078883536,26.704075020557866,0.5381482772557097,4643,6
158317637,81,49.6221509,7.093,1.9999880020623095,212.79127652823843,26.623479426253198,0.5365240914265407,4908,5
158317824,80,20.38177573,3.7429,2.0000275512211374,112.28545319932421,26.44757756305171,1.2976090951743442,4721,6
158317824,81,20.38177573,3.7429,1.9999883366836002,112.28765482322301,26.62348276527746,1.3062396092451487,4908,5
158317824,82,20.38177573,3.7429,1.999955484207021,112.2894993280529,25.852201839404188,1.2683979149742213,4944,4
158322296,80,120.0181272,11.604,2.000028249276511,348.11508300038133,26.447567855643683,0.22036311074552148,4721,5
158324326,80,24.4002549,2.875,2.0000268803414656,86.24884080085413,26.447578330927172,1.0839058214480854,4721,5
158324326,82,24.4002549,2.875,1.999963864145684,86.2515583868742,25.852317812813453,1.0595101534293174,4944,4
158393923,74,11.8681707,5.977,1.999992382916389,179.31068291223204,26.704030392045752,2.250054458017338,4643,6
158393923,75,11.8681707,5.977,2.0000251902092714,179.30774160023256,27.69756423148101,2.333768609469108,5157,7
158393923,80,11.8681707,5.977,2.000029254122637,179.30737725999793,26.447579623602905,2.2284461769329713,4721,5
158393923,82,11.8681707,5.977,1.9999635301792296,179.313269761405,25.852313648753807,2.1782896709392463,4944,4
158423850,74,2.358951515,1.633,1.999992718192516,48.99017836852375,26.704053322604523,11.320306141436111,4643,6
158423850,75,2.358951515,1.633,2.0000315604556818,48.989226938837156,27.697653360914046,11.741510236556957,5157,4
158423850,80,2.358951515,1.633,2.000032270952943,48.989209535762186,26.447595225351506,11.211589156105019,4721,7
158423850,81,2.358951515,1.633,1.999989343166817,48.990261040519755,26.623501169142855,11.286158702224473,4908,5
158423850,82,2.358951515,1.633,1.9999568246566923,48.99105760286551,25.852216827411212,10.959198043293064,4944,4
158433884,80,10.08740044,2.9884,2.0000312657793984,89.65059850208215,26.447596338281983,2.6218445966919486,4721,5
158433884,81,10.08740044,2.9884,1.9999900137190707,89.6524476472641,26.623510508445634,2.639283596086291,4908,5
158433884,82,10.08740044,2.9884,1.999957830485073,89.65389033053329,25.852232135676786,2.5628240188784246,4944,4
158486560,74,11.36112327,4.2053,1.999992046985426,126.15950167417773,26.70402592775099,2.350474094253093,4643,6
158486560,75,11.36112327,4.2053,2.000026196037652,126.15734758868625,27.6975801499957,2.4379262060410425,5157,5
158486560,80,11.36112327,4.2053,2.000028221445973,126.15721983041823,26.447594562948325,2.327903142533927,4721,5
158486560,82,11.36112327,4.2053,1.9999621890747221,126.16138513935323,25.85229374732171,2.2755050828105055,4944,4
158486842,80,4.37034536,2.819,2.000028220791137,84.5688067006847,26.44759256433008,6.051602421720301,4721,5
158486842,82,4.37034536,2.819,1.9999625250056852,84.57158465982715,25.852299243521884,5.915390458643727,4944,4
158489095,40,3.273460736,1.7732,2.0000125021033455,53.19566747113388,28.200275938787854,8.614820281378153,8655,4
158489095,41,3.273460736,1.7732,1.999979241663823,53.19655213595635,26.58871106230754,8.122508014193434,9251,2
158489095,53,3.273460736,1.7732,2.0000278874795185,53.195258259162415,24.982368092272736,7.63179097202183,5932,5
158489095,54,3.273460736,1.7732,2.0000101414188975,53.19573025990794,26.229228228490683,8.012690648778468,8944,4
158489095,55,3.273460736,1.7732,1.9999664088391,53.19689347270401,27.162132993850264,8.297681012371326,9632,2
158489095,74,3.273460736,1.7732,1.9999903712596279,53.19625610646941,26.704010446608663,8.15773048777716,4643,6
158489095,75,3.273460736,1.7732,2.0000225080002565,53.19540133894652,27.697523613593148,8.46123593571435,5157,6
158489095,80,3.273460736,1.7732,2.0000272149627563,53.19527614627044,26.44758599350007,8.079396127358978,4721,5
158489095,81,3.273460736,1.7732,1.9999950415513013,53.19613188514547,26.623574626512436,8.133158383028315,4908,5
158489095,82,3.273460736,1.7732,1.999966380681144,53.1968942216745,25.85235487782211,7.897560704947495,4944,4
158489110,40,15.57129955,2.155,2.0000125027581817,64.64959585086825,28.200276513879544,1.811041937978744,8640,4
158489110,41,15.57129955,2.155,1.999979241663823,64.65067102018155,26.58871178419895,1.707546097794962,9251,2
158489110,53,15.57129955,2.155,2.0000278881343547,64.64909852862715,24.982368479819343,1.6043855812804872,5912,4
158489110,54,15.57129955,2.155,2.0000101414188975,64.6496721802964,26.22922886341985,1.6844598473747714,8944,4
158489110,55,15.57129955,2.155,1.9999665758223273,64.65108045459992,27.162133761027235,1.7443716674904783,9632,2
158489110,74,15.57129955,2.155,1.9999903712596279,64.65031125053099,26.704009810515345,1.714950619552839,4643,6
158489110,75,15.57129955,2.155,2.0000225080002565,64.64927243707969,27.6975228169631,1.7787547357897369,5157,6
158489110,80,15.57129955,2.155,2.0000277185317827,64.64910401087786,26.447586465913446,1.698482928864691,4721,7
158489110,81,15.57129955,2.155,1.9999950422061374,64.65016026108387,26.623575308939053,1.7097850583022822,4908,5
158489110,82,15.57129955,2.155,1.9999665473369532,64.65108137542042,25.85235561216996,1.6602567774871402,4944,4
158490928,80,24.58721573,3.8669,2.000028220791137,116.00536311843832,26.447595907428877,1.0756645322454685,4721,5
158490928,82,24.58721573,3.8669,1.9999642013863195,116.0090764820562,25.852322570009164,1.0514538471497425,4944,4
158551888,74,16.257582,6.596,1.9999920476402622,197.88078680960095,26.704043756291867,1.6425593766829452,4643,6
158551888,75,16.257582,6.596,2.000031225179555,197.87691062896792,27.697648186136576,1.7036757487144507,5157,4
158551888,80,16.257582,6.596,2.0000336127122864,197.87667441413737,26.447606011696735,1.6267859520374393,4721,6
158551888,81,16.257582,6.596,1.9999900133916526,197.88098807996366,26.623508967106773,1.6376057009650495,4908,5
158552258,40,4.48558383,0.8208,2.0000245720439125,24.623697472712205,28.200267783312484,6.286866738440263,9882,2
158552258,41,4.48558383,0.8208,1.9999705244845245,24.62436290789498,26.588609963051113,5.92756951396695,9251,2
158552258,53,4.48558383,0.8208,2.000029228584026,24.623640142932526,24.98240392025218,5.569487689242936,8678,3
158552258,54,4.48558383,0.8208,2.0000074592098827,24.623908162550443,26.22917713939387,5.847438847084008,8944,4
158552258,55,4.48558383,0.8208,1.9999565168836853,24.62453537576797,27.161994875802066,6.055397893612003,9632,2
158552258,80,4.48558383,0.8208,2.000032943797123,24.623594402650777,26.44760348199179,5.896134033903852,4721,7
158552258,81,4.48558383,0.8208,1.9999893441490713,24.624131195535632,26.623502442959307,5.935348318517392,4908,5
158555987,14,5.546083665,2.3929,1.999996465165168,71.7871268778183,26.849842110627378,4.841225580506524,9245,4
158555987,40,5.546083665,2.3929,2.0000252429235843,71.78609395455796,28.200278277455254,5.08471923267592,9882,2
158555987,41,5.546083665,2.3929,1.999971530312905,71.78802189126021,26.588623940340312,4.794126007895395,9251,2
158555987,53,5.546083665,2.3929,2.000029564514989,71.78593884176756,24.982410634622283,4.504513841412142,7428,6
158555987,54,5.546083665,2.3929,2.000008463728591,71.78669620844343,26.229189101068187,4.729317241749216,8944,4
158555987,55,5.546083665,2.3929,1.999957523366902,71.78852466741148,27.16200999791954,4.8975117648030535,9632,2
158555987,74,5.546083665,2.3929,1.9999913783976808,71.78730946081687,26.704037114564926,4.814935858809285,4643,6
158555987,75,5.546083665,2.3929,2.000030889248592,71.78589129387922,27.697641641500013,4.9940901209790916,5157,4
158555987,80,5.546083665,2.3929,2.0000332774361596,71.78580557621889,26.447611905105987,4.768700492567485,4721,7
158555987,81,5.546083665,2.3929,1.999991018237779,71.7873223883301,26.62351544818057,4.800417205422841,4908,5
158559018,74,37.3331536,7.294,1.9999910424667178,218.8209800481058,26.70401790766664,0.7152896375640401,4643,6
158559018,80,37.3331536,7.294,2.0000292266195174,218.81680236228667,26.447606418568284,0.7084214396120097,4721,5
158559018,82,37.3331536,7.294,1.9999618544534314,218.8241735838519,25.852290292114958,0.6924753951703387,4944,4
158588995,9,1.977143,1.1104153,2.0000280112435576,33.31199244483312,24.012859759341836,12.145231659693728,7953,2
158588995,10,1.977143,1.1104153,1.9999562353041256,33.31318797077008,23.942563537299066,12.109677214697705,7286,2
158588995,36,1.977143,1.1104153,2.0000091624388006,33.31230638901571,23.911244727911253,12.093836777568063,7766,2
158588995,63,1.977143,1.1104153,2.0000010994408512,33.31244068747093,26.530589340435654,13.418649708410394,4910,4
158588995,90,1.977143,1.1104153,2.0000004007306416,33.312452325339805,26.515227542260618,13.410880013363029,5215,4
158588995,99,1.977143,1.1104153,2.00013620655227,33.31019046690053,27.66441349641218,13.992115641818614,4697,8
158588995,100,1.977143,1.1104153,2.000096260890132,33.310855733688015,24.537252398135934,12.41045913124945,4498,4
158625964,40,5.4122034,2.9472,2.0000128386891447,88.41543243087371,28.20028934552556,5.210500652197506,8672,5
158625964,41,5.4122034,2.9472,1.9999775639735162,88.41699186298553,26.588692796743544,4.912729775962142,9251,2
158625964,53,5.4122034,2.9472,2.000029229238862,88.41470785269262,24.982393100845,4.61593758668512,6477,4
158625964,54,5.4122034,2.9472,2.0000104766950244,88.41553684869251,26.22922677981842,4.846312091636914,8944,4
158625964,55,5.4122034,2.9472,1.9999642288894393,88.41758139753983,27.162101727838035,5.018677185679687,9632,2
158625964,74,5.4122034,2.9472,1.9999903725693002,88.41642561150515,26.704007009795532,4.934036109913299,4643,6
158625964,75,5.4122034,2.9472,2.0000248549331445,88.41490122677051,27.69755229972543,5.117611119294857,5157,6
158625964,80,5.4122034,2.9472,2.000028893307899,88.41472270309706,26.44760637363197,4.886661571816013,4721,6
158625964,82,5.4122034,2.9472,1.9999642007314833,88.41758264239131,25.852320418421186,4.776671996182033,4944,4
158630233,80,7.97034958,2.7665,2.0000336120574502,82.99360520708689,26.447613799648934,3.31825016383396,4721,7
158630233,81,7.97034958,2.7665,1.9999906849261606,82.99538655407704,26.623520417950658,3.34032028968429,4908,5
158660814,74,4.182002531,2.2165,1.9999900366383372,66.49533125851711,26.704001460742802,6.3854579864057,4643,6
158660814,75,4.182002531,2.2165,2.0000245183473453,66.49418483623988,27.697543485106507,6.623033649499842,5157,6
158660814,80,4.182002531,2.2165,2.0000295632053167,66.4940171118599,26.447609489138813,6.324149565451043,4721,7
158660814,82,4.182002531,2.2165,1.9999648703014827,66.49616799516711,25.852328993923038,6.181806156808143,4944,4
158664318,80,8.115317,2.954,2.0000305670691887,88.61864559386437,26.44761525553895,3.258975004370002,4721,7
158664318,82,8.115317,2.954,1.9999655405263184,88.62152692558736,25.852337623790845,3.185622647124055,4944,4
158664331,80,16.00460052,3.9475,2.000029895862099,118.42322981772604,26.447616030748577,1.65250085421992,4721,6
158664331,82,16.00460052,3.9475,1.9999655408537365,118.42704044735416,25.852337870474912,1.6153066637413898,4944,4
158722379,80,321.2120056,3.961,2.00003562567872,118.82788333800261,26.447630827252397,0.08233699353126668,4721,6
158730203,74,15.7738221,4.9443,1.9999890301551204,148.329813577523,26.70398756238319,1.6929306919458151,4643,6
158730203,75,15.7738221,4.9443,2.0000238484499278,148.32723131272556,27.6975293094456,1.755917439277168,5157,6
158730203,80,15.7738221,4.9443,2.0000305670691887,148.32673304324427,26.447621561756932,1.6766780678829218,4721,7
158730203,82,15.7738221,4.9443,1.999965543145663,148.33155551940106,25.85234126828891,1.6389395737060397,4944,4
158730471,40,4.34195123,2.696,2.000026249734219,80.87893847468057,28.200309417506105,6.494847114509414,8357,3
158730471,41,4.34195123,2.696,1.9999795769399498,80.88082591698232,26.588719465165468,6.123679897981136,9251,2
158730471,53,4.34195123,2.696,2.0000305703433696,80.87876375421037,24.982405972887136,5.75372790930384,6481,4
158730471,54,4.34195123,2.696,2.0000121530756587,80.87950853260679,26.229249629817787,6.040889968682993,8944,4
158730471,55,4.34195123,2.696,1.999966575167491,80.88135172281723,27.162130561584945,6.255742895938733,9632,2
158730471,74,4.34195123,2.696,1.9999886955338297,80.88045715519588,26.703984309506268,6.1502266826489125,4643,6
158730471,75,4.34195123,2.696,2.00002317855251,80.87906267019947,27.69752250520287,6.379049657175184,5157,6
158730471,80,4.34195123,2.696,2.000030232447898,80.87877741828784,26.44762250344047,6.091183687348895,4721,6
158730471,81,4.34195123,2.696,1.999996383965481,80.88014623270034,26.6235912240777,6.131711254637399,4908,5
158730471,82,4.34195123,2.696,1.9999662123882445,80.881366394103,25.85234820198548,5.954085348394269,4944,4
158838923,80,10.94027841,2.2868,2.0000304000859614,68.60295723210146,26.447626519536243,2.4174546138937103,4721,6
158838923,81,10.94027841,2.2868,1.9999973897938617,68.60408953540781,26.623606493576972,2.433540125381231,4908,5
158838923,82,10.94027841,2.2868,1.9999678874592064,68.60510154206096,25.852371074685834,2.363045080375229,4944,4
158843824,80,1.311555568,2.025,2.000034953816794,60.748938296370184,26.44764152442349,20.165094159718812,4721,6
158843824,81,1.311555568,2.025,1.9999947062751744,60.750160797317186,26.623573808112724,20.299234327304326,4908,5
158843824,82,1.311555568,2.025,1.9999628596269758,60.75112815978075,25.85229895690736,19.711173195909424,4944,4
158933249,40,9.10967112,5.3021,2.0000151856220327,159.06179227387136,28.200321388144403,3.095646485659781,9729,3
158933249,41,9.10967112,5.3021,1.9999768921115901,159.06483782626123,26.588687518472852,2.9187318804625355,9251,2
158933249,53,9.10967112,5.3021,2.000032246724004,159.06043541101968,24.982435415602595,2.74240805035809,8678,4
158933249,55,9.10967112,5.3021,1.9999628877849318,159.06595164490375,27.162080747235905,2.981675231677947,9632,2
158933249,74,9.10967112,5.3021,1.9999880256364122,159.06395234479956,26.70398631743774,2.931388627061406,4643,6
158933249,75,9.10967112,5.3021,2.0000268665899057,159.06086328850802,27.69756917133236,3.0404576418267406,5157,6
158933249,81,9.10967112,5.3021,1.9999950415513013,159.06339435384038,26.62357311544156,2.9225613926929075,4908,5
158933249,82,9.10967112,5.3021,1.999962524350849,159.0659805504395,25.852294460947633,2.8378954761813215,4944,4
158935283,74,5.66793,4.88,1.9999876883957768,146.40090121497684,26.703971560631544,4.711415201075444,4643,6
158935283,75,5.66793,4.88,2.000023849104764,146.39825426634837,27.69752798231093,4.886709606913094,5157,6
158935283,80,5.66793,4.88,2.000034953816794,146.39744142532666,26.447643563321435,4.666190930960939,4721,6
158935283,81,5.66793,4.88,1.999996719241608,146.40024015190824,26.623597144960968,4.697234642093492,4908,5
158935283,82,5.66793,4.88,1.999965542490827,146.40252233312813,25.852337936365984,4.5611604124196985,4944,4
158936201,80,4.44448017,3.35,2.000033947333577,100.49829417544184,26.44763867958227,5.95067086992589,4721,7
158936201,82,4.44448017,3.35,1.999966882285662,100.50166419270262,25.852356012871496,5.816733346539263,4944,4
158986028,82,37.94563,4.025,1.9999672195262974,120.7519791535386,25.85236351304502,0.681300152693341,4944,4
158986490,41,5.50860439,2.9468,1.9999805827683304,88.40485828880705,26.588735028497013,4.826764302908493,9251,2
158986490,74,5.50860439,2.9468,1.9999866845319048,88.40458857423931,26.703960973123685,4.8476817506808985,4643,6
158986490,75,5.50860439,2.9468,2.0000225073454203,88.40300514151355,27.697509515464844,5.028044774052987,5157,6
158986490,80,5.50860439,2.9468,2.0000349551264662,88.40245494050382,26.447648616677725,4.8011522963401125,4721,6
158986490,82,5.50860439,2.9468,1.9999668829404982,88.40546386450355,25.852356217995293,4.693086376819173,4944,4
158989438,40,20.35972599,1.9164,2.000027924805181,57.4911972847581,28.200331249453484,1.3851036729720487,9729,3
158989438,41,20.35972599,1.9164,1.9999772280425532,57.49265461014215,26.588692836557584,1.3059455146703367,9251,2
158989438,54,20.35972599,1.9164,2.00001282231824,57.49163141200295,26.22924871572468,1.288290850702391,8944,4
158989438,55,20.35972599,1.9164,1.9999632230610587,57.493057209327276,27.16208401245285,1.3341085251242544,9632,2
158989438,74,20.35972599,1.9164,1.999987353774486,57.492363530697276,26.703977693390698,1.3116079119388333,4643,6
158989438,75,20.35972599,1.9164,2.000026531313779,57.49123734097129,27.69756501507254,1.3604095177251716,5157,6
158989438,81,20.35972599,1.9164,1.999995210499037,57.492137679324394,26.623579961826636,1.3076590507604682,4908,5
158992508,74,6.766589,2.598,1.9999876903602853,77.9404797096122,26.703993137512953,3.946448223397779,4643,7
158992508,75,6.766589,2.598,2.0000292135227937,77.93886156564557,27.697616356324943,4.093290778607204,5157,5
158992508,80,6.766589,2.598,2.000034590382711,77.93865203609904,26.447660678003558,3.908566144331148,4721,6
158992508,82,6.766589,2.598,1.9999588363134535,77.94160418188173,25.85224158231449,3.82057216454472,4945,4
159043952,80,85.7350285,7.457,2.000034255106584,223.70616846067793,26.447666602844947,0.30848145811072947,4721,7
159051209,15,134.4628,5.874,1.999969960997987,176.2226467762206,23.417638186249178,0.17415700242929033,7202,2
159051209,81,134.4628,5.874,1.9999983956222422,176.22014136183765,26.62361962801924,0.19799989014076194,4908,5
159099116,80,11.903515,4.215,2.000034590382711,126.44781306087661,26.44766565592272,2.2218366302661625,4721,6
159099116,81,11.903515,4.215,1.9999950428609736,126.45031341589176,26.623579602568952,2.23661494966562,4908,5
159099116,82,11.903515,4.215,1.9999618544534314,126.45241179818147,25.852285455640413,2.171819454643474,4945,4
159099716,80,14.20443009,3.979,2.0000345923472196,119.36793539146603,26.44766728434024,1.861930898794704,4721,6
159099716,81,14.20443009,3.979,1.9999948752229102,119.37030587310437,26.623575066562353,1.8743149072418963,4908,5
159105397,80,2.46050993,2.003,2.0000349282781826,60.0889505982089,26.447671964003348,10.748858048300315,4721,6
159105397,81,2.46050993,2.003,1.9999950428609736,60.090148937611204,26.623576590904577,10.8203491748983,4908,5
159105397,82,2.46050993,2.003,1.9999611839011777,60.0911662523238,25.852273977671757,10.506876506558848,4945,4
159160230,75,5.43691503941,4.5164437,2.000043295120122,135.49037796390536,27.697747220418023,5.094386618081807,5157,5
159160230,76,5.43691503941,4.5164437,1.9999842753895791,135.49437629814076,27.077588328793354,4.980322137189723,4418,4
159174926,40,7.031462,5.848,2.0000312772390316,175.4372564034982,28.200356213904342,4.010596404261922,7981,3
159174926,41,7.031462,5.848,1.9999822591489647,175.44155624125733,26.588758067322033,3.7813982451049344,9251,2
159174926,54,7.031462,5.848,2.000015505182091,175.4386398959713,26.229291984273004,3.7302757213610773,8944,4
159174926,55,7.031462,5.848,1.9999692580313422,175.44269672694202,27.16216477255557,3.8629469621759416,9632,2
159174926,74,7.031462,5.848,1.9999850074964343,175.4413151522715,26.703939045133666,3.7977790458276903,4643,6
159174926,75,7.031462,5.848,2.000020831619622,175.43817266935986,27.697484786522182,3.939079068694701,5157,6
159174926,80,7.031462,5.848,2.0000339211401297,175.4370244880542,26.44766638677811,3.76133247776609,4721,6
159174926,82,7.031462,5.848,1.9999685593211325,175.44275801970727,25.85237833667361,3.6766718410301595,4944,4
159175206,74,18.45847097,3.3077,1.999985342117725,99.2317272634881,26.703942702204586,1.4467039412747515,4643,6
159175206,75,18.45847097,3.3077,2.0000215008622035,99.22993323543953,27.6974925510749,1.5005301682945897,5157,6
159175206,80,18.45847097,3.3077,2.0000339204852935,99.22931704670522,26.44766539037937,1.4328199466447664,4721,6
159175206,82,18.45847097,3.3077,1.999967889423715,99.23259320787709,25.852370407742455,1.4005694431439928,4944,4
159177065,74,0.968526023,1.2904,1.9999853434273973,38.7122836946983,26.70395199284576,27.571744443304194,4643,6
159177065,75,0.968526023,1.2904,2.0000238497596,38.71153836955807,27.697527757280113,28.597608220672573,5157,6
159177065,80,0.968526023,1.2904,2.0000345916923834,38.71133045478258,26.44767122313624,27.30713537382799,4721,6
159177065,81,0.968526023,1.2904,1.9999973884841893,38.71205054856604,26.623609352038784,27.488790925382066,4908,5
159177065,82,0.968526023,1.2904,1.9999652072147,38.71267346086806,25.85233223387786,26.692449784467854,4944,4
159177232,80,46.71640015,7.353,2.000034591037547,220.58618484749877,26.44766990845801,0.5661324464971219,4721,6
159177232,82,46.71640015,7.353,1.9999648719385732,220.5938745175872,25.852327779944062,0.5533886964093072,4944,4
159216808,74,14.5564533,4.57,1.999986349255778,137.1009357649034,26.703975964390338,1.8345111555704534,4643,7
159216808,75,14.5564533,4.57,2.000028878246667,137.09802042477435,27.697613878541233,1.902772145639435,5157,4
159216808,80,14.5564533,4.57,2.000034590382711,137.09762887027432,26.447683719622546,1.816904377361108,4721,8
159216808,82,14.5564533,4.57,1.9999588363134535,137.10282182879124,25.85223923398462,1.7759985005402807,4945,4
159225155,80,12.53248465,4.0098,2.0000335852091666,120.29197998434559,26.447671466909924,2.1103294522614813,4721,6
159225155,82,12.53248465,4.0098,1.9999685586662963,120.29589113162814,25.852376647836536,2.0628293087784897,4944,4
159226052,74,3.292781,4.767,1.9999843362893444,143.01112004240247,26.703931517951787,8.109841352325523,4643,6
159226052,75,3.292781,4.767,2.0000198244815692,143.00858246449636,27.697469552413168,8.411573546012676,5157,6
159226052,80,3.292781,4.767,2.0000340874685207,143.00756261710555,26.447668841744417,8.032015746490403,4721,6
159226052,81,3.292781,4.767,2.000000405969331,143.00997097116888,26.623643073832227,8.085458180739085,4908,5
159226052,82,3.292781,4.767,1.9999695658043493,143.01217623027594,25.85239378591814,7.851233891934549,4944,4
159226202,80,17.14647302,3.841,2.0000339211401297,115.22804566665803,26.447667939525672,1.5424552856250127,4721,6
159226202,81,17.14647302,3.841,2.000000405969331,115.22997661008175,26.623643941359205,1.5527183876418689,4908,5
159226202,82,17.14647302,3.841,1.9999698997708037,115.23173425080581,25.852396194551147,1.5077384231962097,4944,4
159304134,80,14.1960001,3.577,2.000034926313674,107.3081260613647,26.44768318155093,1.8630376863375009,4721,6
159304134,81,14.1960001,3.577,1.9999977244151523,107.31012209664392,26.623613075699268,1.8754306063789947,4908,5
159311390,74,16.33889626,9.3575,1.999984670910635,280.7271516457974,26.703955169819892,1.634379381867738,4643,6
159311390,75,16.33889626,9.3575,2.0000268665899057,280.7212289889315,27.69757788152674,1.695192713190453,5157,6
159311390,80,16.33889626,9.3575,2.000039984268369,280.7193878203305,26.447693793506005,1.6186952516648152,4721,6
159311390,81,16.33889626,9.3575,1.9999963826558087,280.7255077403924,26.623589268998785,1.6294606958352025,4908,5
159311390,82,16.33889626,9.3575,1.9999615165579598,280.7304017360721,25.85227482168284,1.5822534405199071,4945,4
159376971,14,10.3134,1.92,2.0000025001354516,57.599927996189,26.84992234779247,2.6034016277650895,9245,3
159376971,40,10.3134,1.92,2.0000319481187034,57.59907990887893,28.20036684227398,2.7343423936116102,9882,2
159376971,41,10.3134,1.92,1.999977898594807,57.60063652750363,26.588700372121366,2.5780732224214487,9251,2
159376971,54,10.3134,1.92,2.0000148339750012,57.59957278468861,26.229270822761464,2.543222489456577,8944,4
159376971,55,10.3134,1.92,1.9999632217513863,57.601059233038434,27.162079471556808,2.633668767967577,9633,2
159376971,74,10.3134,1.92,1.9999840016680537,57.600460755645706,26.703950353252367,2.589248002913915,4643,6
159376971,75,10.3134,1.92,2.000026196037652,57.599245563997236,27.697565711468997,2.6855901750605033,5157,7
159376971,80,10.3134,1.92,2.000039984268369,57.598848476092385,26.447694056837463,2.564401075963064,4721,6
159376971,81,10.3134,1.92,1.9999967179319356,57.60009452371537,26.623596651825665,2.5814568087949334,4908,5
159376971,82,10.3134,1.92,1.9999621897295583,57.601088956375584,25.85228752864805,2.506669723723316,4945,4
159395366,80,18.0540381,4.409,2.000034926313674,132.26769018858175,26.447686791240812,1.4649180778698374,4721,6
159395366,82,18.0540381,4.409,1.9999695644946769,132.27201288277607,25.852389907425277,1.431945017742334,4944,4
159396818,74,4.59489604,2.853,1.9999833311158,85.59071335084472,26.703925274132416,5.811649500155485,4643,6
159396818,75,4.59489604,2.853,2.000021502171876,85.58907982444747,27.697493906265663,6.027882603904497,5157,6
159396818,80,4.59489604,2.853,2.0000352628994733,85.58849095082377,26.447690866009907,5.755884493528151,4721,6
159396818,81,4.59489604,2.853,1.9999994007957866,85.590025642952,26.623638142013533,5.794176388376685,4908,5
159396818,82,4.59489604,2.853,1.999967554147588,85.5913885427802,25.852363516886726,5.626321747398387,4944,4
159418353,14,8.303341406,1.8708,2.000028316724638,56.12320538732362,26.85036179316421,3.2336815361779685,9245,2
159418353,19,8.303341406,1.8708,2.00002229452366,56.123374378051025,24.909998678720513,2.999996924216621,8563,2
159418353,20,8.303341406,1.8708,1.999996316517354,56.12410336608039,26.31797272927861,3.169564087809424,8838,2
159418353,21,8.303341406,1.8708,1.9999669575918233,56.124927251377564,27.341191863826452,3.292793891874624,9596,2
159418353,25,8.303341406,1.8708,1.9999640533933416,56.125008751806654,25.67176315595816,3.091738843522408,8768,2
159418353,26,8.303341406,1.8708,1.9999883700802457,56.12432636070592,24.86652459285574,2.994761190342863,8499,2
159418353,40,8.303341406,1.8708,2.0000034509575926,56.123903159395134,28.200077929480358,3.3962324985340198,9882,2
159418353,41,8.303341406,1.8708,2.000030872877687,56.12313365867957,26.58932024971682,3.2022434041437053,9251,2
159418353,47,8.303341406,1.8708,1.9999831942550372,56.124471606778,26.39287266625979,3.1785845451553136,8929,2
159418353,52,8.303341406,1.8708,1.9999667238153052,56.12493381183176,24.439883687609836,2.943379356887525,8385,2
159418353,53,8.303341406,1.8708,1.9999908388126642,56.12425708241661,24.98184414311436,3.0086495209100352,8678,2
159418353,59,8.303341406,1.8708,2.000020208215574,56.12343292278438,25.250289871041787,3.04097936437925,4596,4
159418353,73,8.303341406,1.8708,2.0000168567639776,56.123526969476146,26.850164992150894,3.233657834754205,4650,5
159418353,74,8.303341406,1.8708,1.999979810716468,56.12456655739367,26.703949990152978,3.2160486585384396,4643,6
159418353,75,8.303341406,1.8708,1.9999557873961749,56.125240721516306,27.69664183668101,3.3356019561796413,5157,4
159418353,79,8.303341406,1.8708,1.9999720410851296,56.124784594037294,27.134339393279333,3.2678819365023393,5252,4
159418353,86,8.303341406,1.8708,2.0000327614252456,56.123080663944144,26.565640733235796,3.1993915984280075,4733,21
159441326,74,4.30655689,4.0697,1.9999829964945093,122.09203799631923,26.703933647420854,6.200761845136301,4643,7
159441326,75,4.30655689,4.0697,2.000023849104764,122.08954413683566,27.697525489043983,6.431477906017858,5157,6
159441326,81,4.30655689,4.0697,1.9999980596912792,122.09111844723094,26.623621540024487,6.182113047628748,4908,5
159444082,74,4.921355,1.873,1.9999836663919268,56.19045889646653,26.703947411902845,5.426137194309869,4643,5
159444082,75,4.921355,1.873,2.000026196692488,56.189264013564745,27.697567431854623,5.628036878431778,5157,7
159444082,80,4.921355,1.873,2.0000369396075257,56.18896220089451,26.447699161882156,5.374068556704842,4721,7
159444082,81,4.921355,1.873,1.999996719241608,56.19009217305822,26.623597852533294,5.409810479539333,4908,5
159444082,82,4.921355,1.873,1.9999621890747221,56.191062318029296,25.85228462827672,5.253082662859461,4945,4
159449495,74,13.78730011,5.747,1.9999829964945093,172.4114657996527,26.703939377615825,1.9368505192867542,4643,5
159449495,75,13.78730011,5.747,2.0000255254853982,172.40779960361434,27.697552044310214,2.008917759338613,5157,6
159449495,80,13.78730011,5.747,2.0000372739013983,172.40678686321303,26.447702254571595,1.9182655083709204,4721,7
159449495,81,13.78730011,5.747,1.9999977250699885,172.4101961105647,26.62360839231087,1.9310240714206715,4908,6
159449495,82,13.78730011,5.747,1.9999631949031027,172.4131728417664,25.852300101269975,1.8750806825855026,4945,4
159520040,74,6.892129898,1.7137,1.999982324305165,51.411454366589204,26.703918665467427,3.8745524330898826,4643,7
159520040,75,6.892129898,1.7137,2.0000218361383304,51.41043869727449,27.697494963316785,4.0187134272315745,5157,6
159520040,80,6.892129898,1.7137,2.0000362674181815,51.410067744787185,26.447700819752754,3.8373770098888453,4721,6
159520040,81,6.892129898,1.7137,1.9999997360719135,51.41100678440432,26.62364185542947,3.8629048275998508,4908,5
159574927,81,34.3511874,4.222,1.9999990648648236,126.66005922213843,26.6236025207877,0.7750416953792898,4934,5
159725995,40,3.770552098,3.8277,2.0000346309825545,114.82901167924989,28.20040011225956,7.479116951392289,7968,3
159725995,41,3.770552098,3.8277,1.999986282462487,114.83178760467707,26.588806906343507,7.051701240369257,9251,2
159725995,54,3.770552098,3.8277,2.0000188579433598,114.82991727196205,26.22933756506245,6.9563652439586185,8944,4
159725995,55,3.770552098,3.8277,1.9999729467235738,114.83255329840355,27.162214549768123,7.203776487845288,9632,2
159725995,74,3.770552098,3.8277,1.9999803123209858,114.8321303890618,26.703892479004935,7.0822234476403025,4643,6
159725995,75,3.770552098,3.8277,2.0000171435822267,114.83001570109187,27.697432396018485,7.345723298906261,5157,6
159725995,80,3.770552098,3.8277,2.000036099780118,114.82892735048573,26.44770419020915,7.014278944517889,4721,6
159725995,82,3.770552098,3.8277,1.9999720793930464,114.83260309798828,25.852425163223415,6.856403118507823,4944,4
159742538,25,3.55395,3.6341388,2.0000265830458375,109.02271492208595,25.672671671723492,7.223700860091868,8768,2
159742538,26,3.55395,3.6341388,2.00000243858085,109.02403106804282,24.866586496121045,6.996886983812672,8500,2
159742538,40,3.55395,3.6341388,1.999969922035234,109.02580363714019,28.199536475066452,7.9347026477768265,9882,2
159742538,52,3.55395,3.6341388,2.000019865736249,109.02308108811303,24.440630984103336,6.877032874436426,8364,3
159742538,53,3.55395,3.6341388,1.9999799429933773,109.02525736015446,24.98179463924498,7.029303912335565,3566,4
159742538,79,3.55395,3.6341388,2.0000238412467297,109.02286437949557,27.135012229718086,7.635169946036969,5252,4
159742538,80,3.55395,3.6341388,1.999983656569384,109.02505492171025,26.44693376932537,7.441560452264486,4721,6
159759306,40,4.159807,1.626,2.000034965603845,48.77914720383148,28.20040731440986,6.77925858445112,8014,4
159759306,41,4.159807,1.626,1.9999862798431423,48.78033463692139,26.58880457012083,6.391836104444468,9251,2
159759306,54,4.159807,1.626,2.0000191932194866,48.77953188186906,26.229340249599773,6.305422402914312,8944,4
159759306,55,4.159807,1.626,1.9999726107926108,48.78066803191665,27.16220822341029,6.529679916258204,9632,2
159759306,74,4.159807,1.626,1.9999799776996952,48.78048834879336,26.703888203302995,6.419501722869113,4643,6
159759306,75,4.159807,1.626,2.0000174795131898,48.779573678399245,27.69743773843402,6.658346826772016,5157,6
159759306,82,4.159807,1.626,1.9999715774611104,48.78069323557527,25.852417637322105,6.214811801923047,4944,4
159763320,74,12.4127754,4.369,1.999980648906785,131.07126818616422,26.70390421180673,2.1513242084285786,4643,6
159763320,75,12.4127754,4.369,2.000021502171876,131.06859087031577,27.69749739267172,2.2313702214149242,5157,6
159763320,81,12.4127754,4.369,2.0000004072790034,131.06997330897593,26.62364993372148,2.144858750422688,4908,6
159763320,82,12.4127754,4.369,1.9999672162521165,131.07214851813578,25.852353036248132,2.0827214062254065,4945,4
159763595,74,22.9221266,8.261,1.9999803136306582,247.83243946046903,26.703901832277552,1.1649836116112173,4643,5
159763595,75,22.9221266,8.261,2.000021502171876,247.8273355870173,27.697498432027714,1.2083302267437837,5157,6
159763595,81,22.9221266,8.261,2.000000741900294,247.82990806745914,26.62365103268212,1.1614825926614558,4908,6
159763595,82,22.9221266,8.261,1.9999668835953344,247.8341036872338,25.85235110026133,1.1278338851972545,4945,4
159763612,74,7.25931979,6.198,1.9999806482519489,185.94179914942467,26.70390464626871,3.6785684359923634,4643,5
159763612,75,7.25931979,6.198,2.0000218374480028,185.93796979462644,27.69750104950981,3.8154402686136257,5157,6
159763612,81,7.25931979,6.198,2.000001077176421,185.93989985496208,26.623648343022523,3.6675128129356764,4934,5
159763612,82,7.25931979,6.198,1.999966882285662,185.9430790048868,25.852348909557804,3.5612632667278876,4945,4
159873822,16,13.79019,3.301,1.999968423278915,99.03156354603036,23.68713303320601,1.717679961857379,7645,2
159873822,23,13.79019,3.301,2.000011875425116,99.0294119918168,25.373829893268066,1.839991319428381,7556,2
159873822,24,13.79019,3.301,1.999977987652528,99.03108995338128,26.48451404913135,1.9205329331308232,9279,2
159873822,50,13.79019,3.301,2.000010821138858,99.02946419420847,26.237629968626607,1.9026300557589566,5844,4
159873822,51,13.79019,3.301,1.9999725990055595,99.03135677882827,24.58306185365018,1.7826485243241883,5431,6
159873822,77,13.79019,3.301,2.000015469166101,99.02923405016482,28.062171734964068,2.03493728041195,4591,3
159873822,78,13.79019,3.301,1.9999666727380827,99.03165022687261,17.898342064572716,1.297903949443243,4832,3
160440924,40,6.36861010462,6.4190878,1.999988028255757,192.57378672206127,28.199848538443803,4.42794394305701,9882,2
160440924,41,6.36861010462,6.4190878,2.000011426207493,192.57153381884865,26.589054811374353,4.175016899226689,9251,2
160440924,47,6.36861010462,6.4190878,2.000001968408469,192.5724444693847,26.35839090528998,4.138798022219751,8904,2
160440924,48,6.36861010462,6.4190878,1.9999771527363919,192.57483390399724,25.576126265491894,4.015966725131772,8015,2
160440924,49,6.36861010462,6.4190878,1.9999590386578348,192.57657809755423,23.893969063869008,3.751834179099068,7210,2
160440924,52,6.36861010462,6.4190878,1.9999624490446877,192.57624971107356,24.43981579786123,3.837543105383666,8385,2
160440924,53,6.36861010462,6.4190878,1.99997860188887,192.57469436735545,24.981679167352922,3.922626563248139,8678,2
160440924,59,6.36861010462,6.4190878,2.000030433482607,192.56970371663564,24.960120893550993,3.9192414802476443,4596,4
160440924,60,6.36861010462,6.4190878,2.0000141840500874,192.57126827974267,23.180688489194836,3.6398347690304984,4410,4
160440924,73,6.36861010462,6.4190878,2.000027920876164,192.56994563919744,26.850327150661542,4.216041916458888,4650,5
160440924,74,6.36861010462,6.4190878,1.9999994237150531,192.57268948837105,26.70419675280027,4.193096502081069,4643,6
160440924,75,6.36861010462,6.4190878,1.9999765751708765,192.5748895169402,27.6969294970786,4.348975528739989,4847,4
160440924,76,6.36861010462,6.4190878,1.999960219982313,192.5764643475789,27.07724374159443,4.251672389545672,5021,4
160440924,79,6.36861010462,6.4190878,1.9999653709237464,192.57596836394654,27.134242866933164,4.260622399736653,5252,4
160440924,82,6.36861010462,6.4190878,2.000024567460059,192.57026851880977,25.853103723919958,4.059457762246312,4670,5
160440924,86,6.36861010462,6.4190878,2.000034689590393,192.5692939250357,26.5657372644132,4.171355574922311,4885,22
160578764,38,2.8786765,2.3136,1.999993746940163,69.40821700686706,26.33894656289067,9.1496722757457,9534,2
160578764,65,2.8786765,2.3136,1.9999970597564243,69.40810203836307,23.830488063810662,8.278279293908385,5205,5
161032923,13,3.9652482,1.02,1.999967631418258,30.60049524731588,25.192748914928643,6.353385120994101,9728,3
161032923,66,3.9652482,1.02,2.0000413188245147,30.599367835045083,23.46707752021348,5.9181862866020545,5194,5
161032923,93,3.9652482,1.02,2.000029231858207,30.599552759106277,24.382288597278148,6.14899430438633,4477,4
162289289,56,3.8212867,2.486,1.9999896876106504,74.58038455098168,27.88035768091504,7.296065401456279,5148,4
162289289,83,3.8212867,2.486,1.9999802900565555,74.58073499103438,24.9192017398841,6.521154704221513,4799,9
163539739,15,14.47567,1.6182484,2.0000031530071283,48.54737546488955,26.044518410074716,1.7991926045616347,6279,3
163539739,55,14.47567,1.6182484,2.0000235727638938,48.54687980793226,27.162864622354846,1.8764495613919665,6225,4
163539739,56,14.47567,1.6182484,1.9999655483843526,48.54828828348414,27.8800486895052,1.9259936631261423,5148,4
163539739,75,14.47567,1.6182484,1.9999648398516001,48.54830548281267,27.696701181253957,1.9133277548641243,5157,7
163539739,82,14.47567,1.6182484,2.000015833909856,48.54706765505348,25.852981163731783,1.7859609374717567,4670,6
163539739,83,14.47567,1.6182484,1.9999598375579808,48.548426911690484,24.91893182863214,1.7214354726677343,4799,9
164413187,74,3.23941344,2.654,2.0000044535117922,79.61982270609035,26.70420212047793,8.243530075765177,4643,6
164413187,80,3.23941344,2.654,2.0000174932647496,79.61930359922148,26.447454889940673,8.164272754866595,4721,7
164413187,81,3.23941344,2.654,1.9999786149855936,79.62085134652655,26.623361525471864,8.218574757000411,4908,6
164460740,74,17.1369543,6.366,2.0000037836143747,190.97963870334686,26.70419352926001,1.5582811893978157,4643,6
164460740,80,17.1369543,6.366,2.0000188330595847,190.97820164807447,26.44745972862711,1.5432998924801422,4721,6
164460740,81,17.1369543,6.366,1.9999792835733388,190.98197823207283,26.62337177141717,1.553564962906925,4908,5
164464070,41,65.70459747,3.2645,1.999963818307151,97.9367717590972,26.588513729489478,0.4046674776697248,9251,2
164464070,53,65.70459747,3.2645,2.0000329166214215,97.93338818186835,24.982274833355405,0.3802211077354524,6713,3
164464070,75,65.70459747,3.2645,2.0000380983401556,97.93313445506551,27.69774454938488,0.421549566025899,5157,4
164464070,80,65.70459747,3.2645,2.0000218793575186,97.9339286342811,26.447468494933673,0.402520820662653,4721,6
164522561,82,175.138819,10.666,1.9999544783786405,319.98728316997216,25.85219501443953,0.14760973701917865,4944,4
164527695,26,3.93766373,4.916,2.0000363021244993,147.47732312992747,24.867041950112935,6.315176626347657,8499,2
164527695,40,3.93766373,4.916,2.000014179466234,147.47895441357284,28.200138515506296,7.161642143450958,9882,2
164527695,41,3.93766373,4.916,1.9999665011710022,147.48247024502547,26.58854647828366,6.752365946262166,9251,2
164527695,53,3.93766373,4.916,2.000031910793041,147.47764693566526,24.9822717751249,6.344440126969628,6442,3
164527695,54,3.93766373,4.916,1.9999994112731656,147.48004341272957,26.22908012608241,6.661076700442982,8944,4
164527695,55,3.93766373,4.916,1.9999536690011155,147.48341652700333,27.161960796147923,6.897988924043528,9632,2
164527695,75,3.93766373,4.916,2.0000350802001776,147.4774132314111,27.697703351166638,7.034044867809633,5157,4
164527695,80,3.93766373,4.916,2.0000218787026824,147.47838668211287,26.447470770853215,6.716538684945861,4721,6
164527695,82,3.93766373,4.916,1.9999543100857409,147.4833692512479,25.852191121394753,6.565362837977725,4944,4
164552984,74,10.00652995,5.218,2.000002441200195,156.53980892749397,26.7041735395851,2.6686747227079555,4643,6
164552984,80,10.00652995,5.218,2.0000235550833168,156.53815636534227,26.447476807686144,2.643021800747835,4721,6
164552984,81,10.00652995,5.218,1.9999806259875186,156.54151641864647,26.62339171778558,2.660601812098267,4908,5
164555061,81,49.1013514,6.323,1.9999836434726603,189.69155134752285,26.623426977425424,0.5422137317675828,4908,5
164555597,40,0.893041236,1.1042,2.0000151843123604,33.12574850414378,28.200152215028538,31.57765966254725,9882,2
164555597,41,0.893041236,1.1042,1.9999688481038902,33.1265159768921,26.58857454985946,29.77306475673141,9251,2
164555597,53,0.893041236,1.1042,2.0000317425001413,33.12547425731436,24.982276070617445,27.974381320301593,5914,3
164555597,54,0.893041236,1.1042,2.0000007530325092,33.12598752752725,26.229100291777286,29.37053658267723,8944,4
164555597,55,0.893041236,1.1042,1.9999563505552942,33.126722981531536,27.161994296286593,30.415162482246895,9632,2
164555597,75,0.893041236,1.1042,2.0000325662840623,33.12546061341999,27.69766972902471,31.01499529079384,5157,4
164555597,80,0.893041236,1.1042,2.0000201748189284,33.12566584784482,26.447479148332604,29.615070482963237,4721,7
164555597,81,0.893041236,1.1042,1.999984649301041,33.12625425557837,26.623440729567392,29.812106828141353,4908,5
164555597,82,0.893041236,1.1042,1.999956657346047,33.12671789993527,25.852224582417875,28.94852280081933,4944,4
164557694,40,68.8861915,5.95,2.000015854864614,178.4985849645508,28.200165490449763,0.40937327026490883,9882,2
164557694,53,68.8861915,5.95,2.0000302344124066,178.4973016194847,24.982272708659366,0.362660094347927,5780,3
164557694,55,68.8861915,5.95,1.999960877437843,178.50349175697576,27.162049926977943,0.39430326071921024,9632,2
164557694,75,68.8861915,5.95,2.000028878901503,178.49742259525715,27.697614865626747,0.4020778948946067,5157,6
164557694,80,68.8861915,5.95,2.000019335973775,178.4982742810248,26.447482864891754,0.38393010687623447,4721,6
164654277,40,5.835983111,2.0601,2.000015854864614,61.802510064785054,28.200160825571402,4.832118306240143,9882,2
164654277,41,5.835983111,2.0601,1.9999685128277633,61.80397301617163,26.588572628308157,4.5559714828839155,9251,2
164654277,53,5.835983111,2.0601,2.0000329159665853,61.80198286399857,24.98228767105502,4.280733373605375,6281,4
164654277,54,5.835983111,2.0601,2.000001088308636,61.80296636964898,26.229103905774537,4.494376252792164,8944,4
164654277,55,5.835983111,2.0601,1.9999556800030405,61.80436958473604,27.16198795397986,4.654226620838461,9632,2
164654277,75,5.835983111,2.0601,2.0000329028698616,61.80198326869366,27.697674939774515,4.746016979995766,5157,4
164654277,80,5.835983111,2.0601,2.000020174164092,61.802376594356645,26.447489627574214,4.531796806903785,4721,6
164654277,81,5.835983111,2.0601,1.9999849839223316,61.803464022807965,26.623442191511003,4.561946408194635,4908,5
164654277,82,5.835983111,2.0601,1.9999561547592748,61.80435491340952,25.85221686850582,4.429796381654714,4944,4
164670756,80,26.41045478,2.996,2.000020509440219,89.87907831520818,26.4474937205041,1.001402434786248,4721,6
164670756,82,26.41045478,2.996,1.999955399405735,89.88200439540488,25.85220567109809,0.9788625711464591,4944,4
164721250,40,18.39629936,2.7838,2.0000168606929947,83.51329595397797,28.200172568384914,1.5329263791880865,9882,2
164721250,41,18.39629936,2.7838,1.999969518656144,83.51527282887416,26.588586250297794,1.445322547213528,9251,2
164721250,53,18.39629936,2.7838,2.0000329159665853,83.51262555060396,24.98229610196904,1.358006608453508,6263,3
164721250,54,18.39629936,2.7838,2.0000020934821805,83.51391258255609,26.229116356393206,1.425782209949491,8944,4
164721250,55,18.39629936,2.7838,1.999956685831421,83.51580870890871,27.162002049547027,1.4764927183456655,9632,2
164721250,74,18.39629936,2.7838,1.9999994237150531,83.51402406393746,26.70412327657141,1.4516029965589452,4643,6
164721250,75,18.39629936,2.7838,2.0000318957318086,83.512668151167,27.697660176449062,1.5056104292732635,5157,4
164721250,80,18.39629936,2.7838,2.0000208460260183,83.51312954156435,26.44749959051387,1.4376532515023104,4721,5
164721250,81,18.39629936,2.7838,1.9999859897507122,83.51458503007771,26.62345535691975,1.4472179885704877,4908,5
164721250,82,18.39629936,2.7838,1.9999571605876554,83.51578888365863,25.85223021203001,1.4052951469273116,4944,4
164721823,82,73.7578875,2.69,1.999958499072818,80.70167459716046,25.852248234169565,0.35050147327185266,4944,4
164723136,80,4.221625357,2.8959,2.000020257983124,86.87612003251327,26.447493971379117,6.2647657560436425,4721,5
164723136,81,4.221625357,2.8959,1.9999880014074733,86.87752120398834,26.623486399996636,6.306454066524747,4908,5
164723136,82,4.221625357,2.8959,1.9999613515392412,86.87867886360543,25.85229023705051,6.123776519909346,4944,4
164723619,40,20.16034462,3.8215,2.0000171959691215,114.64401429253512,28.20018284343405,1.3987946820838646,9882,2
164723619,41,20.16034462,3.8215,1.9999735419696663,114.64651666050773,26.588632356353173,1.3188580283481868,9251,2
164723619,53,20.16034462,3.8215,2.0000315742072416,114.64319011607822,24.982287928216465,1.2391796072490187,5791,3
164723619,55,20.16034462,3.8215,1.9999617143184878,114.64719467299075,27.162062258852984,1.3473014857051082,9632,2
164723619,74,20.16034462,3.8215,1.9999970780918375,114.64516749132534,26.70410111062847,1.3245855472200987,4643,6
164723619,75,20.16034462,3.8215,2.0000280400563497,114.64339269640433,27.69760122047046,1.3738654642338382,5157,6
164723619,80,20.16034462,3.8215,2.0000205107498914,114.64382428459675,26.44749920436425,1.3118574956366122,4721,5
164723619,81,20.16034462,3.8215,1.999988336028764,114.6456686118905,26.623490398048034,1.320587068320067,4908,5
164723619,82,20.16034462,3.8215,1.9999615188498865,114.64720587816974,25.85229212332797,1.2823338395555646,4944,4
164724987,74,5.94566534,2.1737,1.9999987531627994,65.2110406537757,26.704114658345134,4.491358516042064,4643,6
164724987,75,5.94566534,2.1737,2.0000305552821374,65.21000374496872,27.697641867927814,4.6584596145345465,5157,5
164724987,80,5.94566534,2.1737,2.0000211793376366,65.21030944441947,26.44750193372147,4.448198884621628,4721,5
164724987,81,5.94566534,2.1737,1.999986660957802,65.21143492904116,26.623467313937454,4.477794458901963,4908,5
164724987,82,5.94566534,2.1737,1.9999585010373266,65.21235312250406,25.852248909727678,4.348083424037398,4944,4
164726831,81,5.392025388,2.981,1.9999839774391148,89.4307164545497,26.62343495164214,4.937557417829082,4908,5
164726831,82,5.392025388,2.981,1.9999544783786405,89.43203554562974,25.852192083916634,4.794523434821155,4944,4
164784178,81,48.88819885,6.468,1.9999876654765103,194.04119670284933,26.623477192476003,0.5445788108120494,4908,5
164828012,40,20.739886,3.014,2.0000178665213753,90.41919226178435,28.200175605195,1.3597073583333583,9882,2
164828012,41,20.739886,3.014,1.9999634836858604,90.42165093270523,26.58851849762823,1.281999259669423,9251,2
164828012,53,20.739886,3.014,2.0000235285624512,90.4189362862054,24.982330703163825,1.2045548708977392,8678,3
164828012,54,20.739886,3.014,2.0000004190660547,90.41998105402762,26.229086567109334,1.2646687916755828,8945,4
164828012,75,20.739886,3.014,2.0000389352208003,90.41823977293502,27.697752327791022,1.3354823805584575,5157,4
164828012,80,20.739886,3.014,2.000022856373107,90.41896667518084,26.44752115493884,1.2752008933385093,4721,6
164828012,81,20.739886,3.014,1.9999826376442797,90.42078495891647,26.62340973538494,1.2836815851053829,4908,6
164833065,74,3.543919,2.012,1.9999974114034558,60.36007812394482,26.70409678347096,7.535188243148605,4643,6
164833065,75,3.543919,2.012,2.0000292122131214,60.35911838828491,27.697620627486685,7.815534335713284,5157,5
164833065,80,3.543919,2.012,2.000024560256861,60.3592587805502,26.447515834991464,7.462787900906162,4721,5
164833065,81,3.543919,2.012,1.9999880030445638,60.36036207028693,26.623486066350324,7.512442035596842,4908,5
164833065,82,3.543919,2.012,1.9999600091250613,60.36120694873912,25.85226820009575,7.294824797094897,4944,4
164836049,74,2.42150341,2.965,1.9999974114034558,88.9501151279803,26.704095728282482,11.027899286865956,4643,6
164836049,75,2.42150341,2.965,2.000029380506021,88.94869332119015,27.697624979324246,11.438193671312751,5157,4
164836049,80,2.42150341,2.965,2.000024895532988,88.9488927849527,26.44751968496257,10.921941953805701,4721,5
164836049,81,2.42150341,2.965,1.9999880020623095,88.95053361147988,26.623485147833435,10.994609810536437,4908,5
164836049,82,2.42150341,2.965,1.9999595903573208,88.95179725517136,25.85226280983352,10.67612075336021,4944,4
164882868,74,60.0855082,6.929,1.9999980826105457,207.870199284064,26.704107941879556,0.4444350849624595,4643,6
164882868,81,60.0855082,6.929,1.999986660957802,207.8713864025975,26.62346396001203,0.4430929313503257,4908,5
164883912,74,16.57110363,2.9613,1.9999984165770002,88.83907033491363,26.704116742877886,1.6114869195877382,4643,6
164883912,75,16.57110363,2.9613,2.000033908698242,88.83749381811477,27.69768865687547,1.6714450211229215,5157,4
164883912,80,16.57110363,2.9613,2.000025567394914,88.83786432361975,26.44752425531169,1.5960025865405618,4721,5
164883912,81,16.57110363,2.9613,1.9999856538197491,88.83963725472474,26.62344911333321,1.6066189499373258,4908,5
164883912,82,16.57110363,2.9613,1.9999548133273493,88.84100721475549,25.85219504831639,1.5600768437362305,4944,4
164884235,14,5.629021,3.913,1.9999914350410108,117.39050272242076,26.849775651681284,4.769883724306817,9245,3
164884235,26,5.629021,3.913,2.0000416649054387,117.38755452932043,24.867100813774186,4.417659982752629,8499,2
164884235,40,5.629021,3.913,2.000018537073629,117.38891197654773,28.200190774577095,5.009786031101518,9882,2
164884235,41,5.629021,3.913,1.9999675056897104,117.3919072845304,26.588564334531384,4.723479328737872,9251,2
164884235,53,5.629021,3.913,2.000023528235033,117.38861902649066,24.982328749947555,4.438130316079396,6649,4
164884235,55,5.629021,3.913,1.9999538346746704,117.39270973631815,27.16196363831159,4.825344165230791,9632,2
164884235,74,5.629021,3.913,1.9999980832653819,117.39011250284624,26.704117664188743,4.744007468472536,4643,6
164884235,75,5.629021,3.913,2.0000345779408235,117.38797048285163,27.69769523515606,4.920517304013622,5157,4
164884235,80,5.629021,3.913,2.000024198459869,117.38857968858268,26.44752650166174,4.698423846999637,4721,6
164884235,81,5.629021,3.913,1.9999856551294215,117.39084197821764,26.62344616546443,4.729676113388888,4908,6
164884235,82,5.629021,3.913,1.9999541437573498,117.39269159387554,25.8521876677014,4.59266143574547,4944,4
164886812,40,33.42035034,5.0911,2.0000188720223377,152.7315588233051,28.20018812496437,0.843802887703791,9882,2
164886812,41,33.42035034,5.0911,1.9999641542381141,152.7357374644383,26.588527934254216,0.7955789710089023,9251,2
164886812,54,33.42035034,5.0911,2.000001423912181,152.73289126088784,26.2290974859352,0.7848241331732012,8945,4
164889945,74,16.301259,3.984,1.9999977473344188,119.52013461944675,26.70410649995938,1.638162211885559,4643,6
164889945,75,16.301259,3.984,2.000032900250517,119.51803391337148,27.69767102449441,1.6991123829450478,5157,4
164889945,81,16.301259,3.984,1.9999859897507122,119.52083725836253,26.62346183287127,1.6332150684110516,4908,5
164889945,82,16.301259,3.984,1.9999561537770205,119.52262030773055,25.852212463233627,1.585902810527311,4944,4
164892194,40,3.0240949,2.9,2.000018873004592,86.99917903204731,28.200204647790997,9.32517185482208,9882,2
164892194,41,3.0240949,2.9,1.9999732066935394,87.00116552444516,26.58863082130074,8.792260726110394,9251,2
164892194,53,3.0240949,2.9,2.000034258380765,86.99850978596288,24.982315787683547,8.261088561633283,5910,3
164892194,55,3.0240949,2.9,1.9999602068855893,87.0017310349185,27.16205086051241,8.981877804334912,9632,2
164892194,74,3.0240949,2.9,1.9999964068847476,87.00015630079429,26.70408636639513,8.830439271728917,4643,6
164892194,75,3.0240949,2.9,2.00002854297054,86.99875839850101,27.69760993683485,9.158975115772607,5157,6
164892194,80,3.0240949,2.9,2.0000252321187872,86.99890241667993,26.447524848680587,8.745600162442186,4721,5
164892194,81,3.0240949,2.9,1.999989007235854,87.00047818786865,26.62349638517162,8.803789981978284,4908,5
164892194,82,3.0240949,2.9,1.9999606803321512,87.00171043917837,25.85227747641784,8.548765277312507,4944,4
165297570,48,2.9895932,3.46272,2.0000212395825656,103.88049681080552,26.12806124718327,8.739671085411644,8412,2
165464482,49,4.33454,3.595,1.9999920633563306,107.85042798520826,23.908252252392685,5.515753056239575,7220,2
165464482,76,4.33454,3.595,1.9999946702591842,107.8502874070394,27.077715738378174,6.246964092701457,4404,4
168811794,74,8.277440071,2.7043,1.9999682417255826,81.13028827897935,26.70373615069002,3.226086316740187,4643,5
168811794,75,8.277440071,2.7043,2.0000151312706294,81.12838621221624,27.69741404535489,3.3461328391120277,5157,5
168811794,81,8.277440071,2.7043,2.0000144888763316,81.12841227023381,26.623784194813652,3.2164272971410623,4934,4
168811794,82,8.277440071,2.7043,1.9999712428398198,81.13016653659726,25.85239888875094,3.1232360085970043,4945,4
168816237,74,17.97979059,5.6021,1.9999689135875087,168.06561227847442,26.7037457726492,1.4852089427282478,4643,5
168816237,75,17.97979059,5.6021,2.000018148755771,168.0614749466683,27.697445366431566,1.5404765271201952,5157,6
168816237,81,17.97979059,5.6021,2.000013483047951,168.0618670068942,26.623766912959127,1.4807606784790215,4934,4
168816237,82,17.97979059,5.6021,1.9999688959069317,168.06561376424605,25.85236534181331,1.437856865596192,4945,4
169175503,14,10.3039,4.116,2.0000172522850335,123.47893485311013,26.850113528060774,2.6058204687604474,9245,2
169175503,15,10.3039,4.116,1.9999585612822557,123.48255847944358,26.043991155536105,2.5275857835903013,7546,3
169175503,74,10.3039,4.116,1.9999675731378375,123.48200206693028,26.703730740171522,2.59161392678224,4643,5
169175503,75,10.3039,4.116,2.0000134561996674,123.4791692198221,27.697398589358272,2.688050018862593,5157,4
169175503,81,10.3039,4.116,2.0000151594285853,123.47906406397325,26.623793133182062,2.583855931558154,4934,4
169175503,82,10.3039,4.116,1.9999725826346548,123.48169277134207,25.852415241145536,2.5089932201540712,4945,4
169176340,81,3.622760057,2.7868,2.0000151594285853,83.60336631036947,26.623793970441056,7.349035970239819,4934,4
169176340,82,3.622760057,2.7868,1.9999722486682003,83.60516007726874,25.852412808996633,7.136109596616499,4945,4
169180792,54,7.05677,1.909,2.0000309272290906,57.26911441248938,26.229469259895268,3.7169227932744398,8944,4
169180792,55,7.05677,1.909,1.9999732806900283,57.27076511766275,27.16219898818281,3.8490979567398127,9633,2
169180792,74,7.05677,1.909,1.9999679077591281,57.27091897606337,26.703731497802437,3.784129495194322,4643,5
169180792,81,7.05677,1.909,2.000014822842786,57.26957555104259,26.623782731938718,3.772800124127429,4934,4
169180792,82,7.05677,1.909,1.9999702370114392,57.270852275860584,25.852383465117782,3.6634867602483547,4945,4
169181786,74,30.99660733,2.7959,1.9999679084139643,83.8783458945769,26.703732669173405,0.8615050152062369,4643,5
169181786,75,30.99660733,2.7959,2.0000171429273905,83.87628105750201,27.697432218019458,0.8935633478575108,5157,6
169181786,81,30.99660733,2.7959,2.0000144888763316,83.87639236266196,26.62377978430277,0.8589256075949642,4934,4
169181786,82,30.99660733,2.7959,1.9999699010804761,83.87826232253371,25.852376662039205,0.8340389122850241,4945,4
169226822,9,4.17806203,4.35288,1.9999690036274842,130.58842388371647,24.09410136337351,5.7668127448489575,8012,2
169226822,35,4.17806203,4.35288,2.0000420325959567,130.5836556149825,24.16154394453679,5.782954817580051,7402,3
169226822,46,4.17806203,4.35288,2.000194065258256,130.57373008767453,25.377429580540138,6.073971472496337,8320,2
169226822,62,4.17806203,4.35288,2.0000178665213753,130.58523344806764,24.372520027584414,5.833450976213585,4430,4
169226822,72,4.17806203,4.35288,2.0001932120067067,130.57378578841227,22.860537811798622,5.471564961853527,4598,4
169226822,89,4.17806203,4.35288,2.0000312480988214,130.5843597435111,27.317007983529038,6.538200674710671,5333,4
169249234,45,7.18585,4.2542613,2.0001882064389065,127.61582993954949,23.891164775274774,3.3247513899225245,8087,2
169249234,46,7.18585,4.2542613,2.000194736465346,127.6154133127439,25.262150884032053,3.5155410819919775,8252,2
169249234,62,7.18585,4.2542613,2.000016525416868,127.62678445709167,24.435002989480836,3.4004332110301267,4474,4
169249234,72,7.18585,4.2542613,2.000194722713786,127.61541419011397,21.860461969981316,3.04215395116532,4590,4
169249234,89,7.18585,4.2542613,2.000030575582059,127.6258878820961,27.310045354918657,3.800530953877225,5333,4
169462917,54,4.60358,2.3499,2.0000312631600536,70.49589803772827,26.22947760268289,5.697626108959308,8944,4
169462917,55,4.60358,2.3499,1.9999746231042081,70.49789450886125,27.16222030895051,5.900238577140075,9633,2
169462917,74,4.60358,2.3499,1.9999672378617106,70.49815483514892,26.70372500229314,5.8006431955767335,4643,5
169462917,75,4.60358,2.3499,2.0000144607183756,70.49649028505375,27.697405371947752,6.016492680033312,5157,5
169462917,81,4.60358,2.3499,2.000015494049876,70.49645386221388,26.623794237497805,5.783280455101856,4934,4
169462917,82,4.60358,2.3499,1.999971912082401,70.497990070868,25.852405592876494,5.6157176790403325,4945,4
169560572,75,13.02680016,0.785,2.0000168076512637,23.54980209156956,27.697427868975865,2.1261881297621645,5157,6
169560572,81,13.02680016,0.785,2.0000151594285853,23.549821499081393,26.623787736633403,2.0437703357409456,4934,4
169560572,82,13.02680016,0.785,1.9999702350469306,23.550350487538516,25.852378588945612,1.9845532495637526,4945,4
169561256,75,5.1856142,4.076,2.000017144237063,122.27895181033117,27.697434582880305,5.341206174358344,5157,6
169765334,29,5.70439,4.2082686,2.0000038215948734,126.24781676599535,24.27773465522432,4.255973847374447,7463,2
169765334,42,5.70439,4.2082686,1.9999997367267497,126.24807461887049,22.75020339096409,3.988192145166107,6618,2
169765334,69,5.70439,4.2082686,2.0000057795550674,126.2476931722526,23.95698224356147,4.199744800681838,4431,10
169765334,70,5.70439,4.2082686,1.999915258929832,126.25340742442877,23.95317535942968,4.199077440257359,4004,4
169765334,96,5.70439,4.2082686,2.000013150391169,126.24722789978458,24.144633939740288,4.232640815186249,4249,5
169931288,75,4.14787559,3.674,2.00001546589192,110.21914768128723,27.69741416130455,6.677493950898501,5157,5
170236331,74,150.878,8.6405,1.9999662313784938,259.2193767405101,26.703708668059335,0.17698875030196143,4643,5
170346081,74,20.7056504,9.029,1.9999655614810763,270.87466426112553,26.703702056367547,1.2896818762267688,4643,5
170346081,75,20.7056504,9.029,2.0000144607183756,270.8680415267673,27.697402422216328,1.3376736246940752,5157,5
170346081,81,20.7056504,9.029,2.0000168351543834,270.8677199500586,26.623809521665407,1.2858233867246889,4934,4
170346081,82,20.7056504,9.029,1.999971912082401,270.8738041405452,25.85240203522426,1.2485674941765779,4945,4
170346220,75,52.60969925,8.202,2.000014461373212,246.05822083011836,27.697404221764373,0.5264695411039509,5157,5
170346220,81,52.60969925,8.202,2.0000165005330928,246.057969956162,26.623808038767038,0.5060627302249221,4934,4
171098231,75,28.8432647,3.1,2.000012115749996,92.99943662103806,27.69737374167198,0.9602718010514247,5157,5
171883078,41,6.99205,4.842,1.9999963394366205,145.26026586720485,26.58892831215735,3.802737153217919,9251,2
171883078,74,6.99205,4.842,1.9999625439959345,145.26272048052442,26.70366332010053,3.8191465049735815,4643,5
171883078,75,6.99205,4.842,2.000010772026144,145.259217631955,27.69735152404064,3.9612633668295625,5157,5
171883078,81,6.99205,4.842,2.000019851984689,145.25855816466367,26.623851918728633,3.8077319124904188,4934,4
171883078,82,6.99205,4.842,1.999975265498506,145.26179648906114,25.852449510556653,3.697406270057659,4945,4
171974763,41,3.040330424,1.8394,1.9999963394366205,55.18210099878905,26.588928107732045,8.745407373436212,9251,2
171974763,54,3.040330424,1.8394,2.000035958335502,55.181007891402444,26.22953890815552,8.627200090195037,8944,4
171974763,55,3.040330424,1.8394,1.9999783117964398,55.1825984057136,27.162266562154855,8.933985052328264,9633,2
172370679,15,29.090312,4.7,1.9999746535540908,141.001786947083,23.001013723100186,0.7906760753580157,6678,2
172370679,41,29.090312,4.7,1.9999953329534037,141.00032902755282,26.588920837129535,0.9140129138913854,9251,3
172370679,54,29.090312,4.7,2.0000362923019566,140.9974414391401,26.22953862969007,0.9016588969444559,8944,4
172370679,55,29.090312,4.7,1.9999776399345137,141.001576402241,27.162253879636864,0.9337216417492141,9633,2
172370679,75,29.090312,4.7,2.000011779164197,140.99916957381498,27.697365317626463,0.9521164749840587,5157,5
172370679,81,29.090312,4.7,2.0000198532943614,140.99860035664128,26.623850751548616,0.9152136543447391,4934,4
172370679,82,29.090312,4.7,1.9999742590152891,141.00181476277902,25.85243156769593,0.8886955756162371,4945,4
172422725,74,14.00947528,3.405,1.9999615375127178,102.15196450931789,26.70364698749654,1.9061132878844367,4643,5
172422725,75,14.00947528,3.405,2.0000101018013083,102.14948405310416,27.697342178684266,1.9770435098468775,5157,5
172422725,81,14.00947528,3.405,2.000020859122742,102.14893463141728,26.623865416852368,1.9004184585600246,4934,4
172422725,82,14.00947528,3.405,1.9999759353959234,102.15122911444227,25.852455417470082,1.8453550115740012,4945,4
172598832,33,3.2642736,5.3304,2.000010842093616,159.9111331142623,25.83902838099766,7.915705466906224,8731,2
172598832,87,3.2642736,5.3304,2.0000040933518903,159.9116727126261,22.46535665487181,6.882191693389859,4829,4
175233369,72,11.7195663,4.872,2.0001794663403416,146.14688577662866,23.395154663545327,1.9962474774809138,4523,4
175261852,72,2.6446,1.32,2.0001798016164685,39.5964402480185,23.385435164751925,8.842711625482842,4522,4
175265494,72,14.6762429,3.336,2.0001801375474315,100.0709867289408,23.390997133306882,1.5938000817162057,4524,4
176868951,36,0.3693038,1.0027781,2.0000219029316213,30.083013546905658,23.92114130333448,64.77361268238907,7764,2
176868951,46,0.3693038,1.0027781,2.000194736465346,30.080414123238747,24.673239539371934,66.81014259634462,7889,2
176868951,63,0.3693038,1.0027781,2.000009817274986,30.083195332499482,24.523800452975138,66.40549177391388,4650,4
176868951,91,0.3693038,1.0027781,1.9999032079795143,30.084798984239796,23.19490007117156,62.80709830543731,4788,4
176869982,36,7.17256,2.8,2.000021902276785,83.99908011444882,23.921138258375322,3.335090714943524,7764,2
176869982,46,7.17256,2.8,2.0001950710866367,83.99180781339062,24.663519057497524,3.4385936203388363,7857,2
176869982,91,7.17256,2.8,1.9999032060150057,84.00406554412987,23.175452959270842,3.2311270953844713,4788,4
176938958,36,3.27109,2.3232,2.000024585140636,69.69514326755055,23.883670336416344,7.301440906980958,7736,2
176938958,46,3.27109,2.3232,2.000194401189219,69.6892261657788,24.58711794203691,7.516490815610977,7813,2
176938958,91,3.27109,2.3232,1.9999058882240206,69.69927976150142,23.09770861631023,7.061165732618249,4788,4
178289267,31,2.350621,2.48856,2.000030631243135,74.65565660221561,25.429547462402752,10.81822525298751,8482,2
179317684,9,4.231306,4.93,2.0000166128374985,147.89877149087147,24.09881472795132,5.6953608951825565,8015,2
179317684,10,4.231306,4.93,2.000021484491299,147.8984112389353,24.337754046515784,5.751830296961691,7492,2
179317684,11,4.231306,4.93,2.0000208159035537,147.89846067995336,24.71969436938798,5.842095648338357,7473,2
179317684,12,4.231306,4.93,2.0000150756095536,147.89888516707688,25.471021616347116,6.019659560510895,7990,2
179317684,13,4.231306,4.93,2.0000064397936512,147.89952377879285,28.436196977474538,6.720430282630123,9727,4
179317684,27,4.231306,4.93,2.00000017268394,147.89998723002373,24.36250487311918,5.757679750204589,8521,2
179317684,28,4.231306,4.93,1.9999913247011136,147.9006415411354,23.762398351776483,5.615854384385456,7668,2
179317684,29,4.231306,4.93,1.9999827823630767,147.9012732552117,25.147009212359535,5.943084525760967,8082,2
179317684,30,4.231306,4.93,1.9999773989547975,147.90167136618,26.16915372951189,6.184651672441532,8502,2
179317684,31,4.231306,4.93,1.9999772725714138,147.90168071244307,25.428880183398633,6.009700121758774,8718,2
179317684,32,4.231306,4.93,1.9999835216731299,147.9012185823121,25.845605778460595,6.10818640355025,9223,2
179317684,33,4.231306,4.93,1.9999930704943836,147.9005124387158,25.838776626344952,6.106572445090228,8731,2
179317684,34,4.231306,4.93,2.000001713022357,147.89987332210518,24.916687593838105,5.8886517765054345,8458,2
179317684,35,4.231306,4.93,2.0000096784497146,147.89928428210712,24.090411878883515,5.69337501917458,7351,3
179317684,36,4.231306,4.93,2.0000174814776983,147.89870725602373,23.804379060047268,5.6257758384875185,7687,2
179317684,37,4.231306,4.93,2.0000197125045815,147.8985422746539,23.916913407795164,5.652371491873942,7547,2
179317684,38,4.231306,4.93,2.000018201797502,147.8986539893246,25.357184437611522,5.992756004319121,8238,2
179317684,39,4.231306,4.93,2.000012584612705,147.89906937374624,27.946015554035057,6.6045839166524605,9924,2
179317684,61,4.231306,4.93,2.000002760105417,147.89979589048608,23.655588040119255,5.590611513352911,3879,4
179317684,62,4.231306,4.93,2.0000112441630336,147.89916849881843,24.023753961185776,5.677621510045782,4463,4
179317684,63,4.231306,4.93,2.0000170047569554,147.89874250891478,25.165508620110813,5.947456558355934,4485,4
179317684,64,4.231306,4.93,2.0000196241016965,147.89854881191866,26.916948425775445,6.361380724007066,5040,4
179317684,65,4.231306,4.93,2.000017511600163,147.89870502850644,26.83913932790074,6.34299181574217,5248,4
179317684,66,4.231306,4.93,2.0000118138705147,147.8991263694359,24.857097328052532,5.874568591364588,5192,6
179317684,68,4.231306,4.93,1.999991527700331,147.90062652921458,24.49434893587022,5.788838939058111,4898,4
179317684,69,4.231306,4.93,1.9999821419332875,147.9013206158252,24.099800691978544,5.695593911661918,4333,10
179317684,87,4.231306,4.93,1.9999900346738286,147.90073693954227,23.295734077210454,5.505565912087297,4829,5
179317684,89,4.231306,4.93,2.0000123855425045,147.89908409480375,28.805734917395057,6.807764533549466,5332,4
179317684,90,4.231306,4.93,2.0000199286005227,147.89852629467578,26.47525637610306,6.256994028818304,5215,4
179317684,93,4.231306,4.93,2.000013320648577,147.8990149445985,24.158477466763543,5.709461208138467,4272,4
179317684,95,4.231306,4.93,1.9999941941932775,147.90042934065343,23.78741891117579,5.621767584565094,4129,4
179317684,96,4.231306,4.93,1.9999850539898034,147.90110526571368,24.110924404113575,5.69822281917535,4283,5
179317684,97,4.231306,4.93,1.9999767912668176,147.90171630573545,51.83969560820424,12.251464585214173,4916,8
179317684,98,4.231306,4.93,1.999981603003107,147.9013604704345,57.37176850404694,13.558879576198683,5082,12
183120439,13,2.2554477,1.7064,2.0000313342097797,51.191197982131776,28.43659112651767,12.607958555863508,8526,4
183120439,27,2.2554477,1.7064,2.000017187783669,51.191560065269954,24.362681630518864,10.801705413306133,8521,2
183120439,28,2.2554477,1.7064,1.9999833612382645,51.192425889288515,23.69422971973154,10.505333251456701,7620,2
183120439,67,2.2554477,1.7064,2.000022885185899,51.191414237484366,24.512767348810485,10.868249061510264,5009,4
183120439,68,2.2554477,1.7064,1.999984989161021,51.19238422031824,24.515091930149538,10.869279713357813,4907,4
183120439,95,2.2554477,1.7064,1.9999890105100349,51.19228128853076,23.815140575240548,10.558941612895989,4135,4
183532609,2,8.15872,4.3968,2.00000725883001,131.9035212673807,27.40554310269772,3.3590493487578588,9225,3
183532609,29,8.15872,4.3968,1.99999778662459,131.90414597669658,24.41518465634772,2.992526359079331,7579,2
183532609,69,8.15872,4.3968,1.999999744584784,131.9040168451465,23.95553507128625,2.936187915664007,4377,10
183532609,96,8.15872,4.3968,2.000008456525393,131.90344227759547,24.20566449714488,2.9668458406643294,4302,5
183537452,2,3.92273,2.64864,1.9999945170275168,79.45941783690076,27.405372949597677,6.986301109073955,9225,3
183537452,29,3.92273,2.64864,1.999985716684023,79.45976747448314,24.38031445000479,6.21513957116722,7565,2
183537452,69,3.92273,2.64864,1.9999870040919632,79.459716325583,23.931774701986797,6.1007957983309575,4336,10
183537452,96,3.92273,2.64864,1.9999957147228997,79.45937025270987,23.98884105344314,6.115343409677225,4241,5
183985250,2,0.792052,0.3656119,1.999999882755219,10.968357642991345,27.405446305685928,34.600564490318725,9225,3
183985250,29,0.792052,0.3656119,1.9999910811020527,10.96840591304649,24.415099698308495,30.82512221206246,7579,2
183985250,69,0.792052,0.3656119,1.9999923691648291,10.968398849021852,23.955449816155124,30.244794301580104,4377,10
183985250,96,0.792052,0.3656119,2.00000173135777,10.96834750493316,24.20557582871652,30.560589239995,4302,5
184009313,75,40.6069821,5.719,2.000020830964786,171.56821303429797,27.69748134970905,0.6820866737030686,5157,6
184009313,81,40.6069821,5.719,2.0000101302866824,171.5691309777587,26.623723680732382,0.6556439879025726,4934,4
184009313,82,40.6069821,5.719,1.9999668829404982,171.57284099399206,25.852338299465373,0.6366476148313758,4945,4
184015844,74,7.31946363,4.839,1.999973272177158,145.17194006494788,26.70380263408333,3.6483277988613123,4958,4
184015844,75,7.31946363,4.839,2.000024185035727,145.16824455040958,27.697527617814558,3.784092526164319,5157,6
184015844,81,7.31946363,4.839,2.0000091231486294,145.16933779927743,26.623701952511055,3.6373842809177335,4934,4
184015844,82,7.31946363,4.839,1.9999631955579389,145.17267149958855,25.85228687392828,3.531991984763544,4945,4
184166357,74,28.2274184,5.648,1.9999722676584497,169.44234951655494,26.70379278045766,0.9460232034700581,4958,4
184166357,75,28.2274184,5.648,2.000022842621547,169.4380647952051,27.69750691265108,0.9812270651237124,5157,6
184167421,41,20.09838,5.105,1.9999835989437997,153.15125592117775,26.588781038858997,1.3229315516404307,9251,3
184167421,54,20.09838,5.105,2.0000262340181507,153.14799115641014,26.229405660109478,1.3050507384231704,8944,4
184167421,55,20.09838,5.105,1.9999665758223273,153.15255949917986,27.162113418730314,1.35145784977348,9633,2
184167421,74,20.09838,5.105,1.9999726016249042,153.15209805931468,26.703793795366437,1.3286540405428915,4958,4
184167421,75,20.09838,5.105,2.0000235125189647,153.14819955002685,27.69751383237781,1.3780968332959078,5157,6
184167421,81,20.09838,5.105,2.0000097943557194,153.14925000088368,26.62371241172923,1.3246695709668754,4934,4
184167421,82,20.09838,5.105,1.9999642013863195,153.15274132791046,25.852300235846087,1.2862877622896018,4945,4
184296619,41,0.9867873,1.1879,1.9999869517050683,35.637232502560124,26.588812285429867,26.944826190436242,9251,2
184296619,54,0.9867873,1.1879,2.0000275757774943,35.63650864778343,26.229427302416298,26.580629181604078,8944,4
184296619,55,0.9867873,1.1879,1.9999695926526329,35.63754182155674,27.162151358018036,27.525842051289104,9633,2
184296619,81,0.9867873,1.1879,2.00001147139119,35.63679559818847,26.62373833299762,26.98021988426241,4934,4
184296619,82,0.9867873,1.1879,1.9999668835953344,35.63759009442744,25.852338351153776,26.19849115524062,4945,4
184298883,74,41.7083629,8.401,1.9999712605203968,252.03362165756448,26.703777426440865,0.6402499539592542,4958,4
184298883,75,41.7083629,8.401,2.0000218367931666,252.02724826655364,27.697491794491725,0.6640752565834159,5157,6
184298883,82,41.7083629,8.401,1.9999658764572814,252.0343001516039,25.852320914466873,0.6198354266853009,4945,4
184417625,74,10.035385814,3.4185,1.99997092524427,102.55649090246075,26.703772666916848,2.660961238746137,4958,4
184417625,75,10.035385814,3.4185,2.0000215008622035,102.55389750139068,27.697486505510824,2.7599822287720195,5157,6
184417625,81,10.035385814,3.4185,2.0000114700815175,102.55441184626807,26.623735380006565,2.652985732034813,4934,4
184417625,82,10.035385814,3.4185,1.9999662123882445,102.55673257353155,25.852325623932302,2.5761167635295763,4945,4
184427149,74,73.75039673,13.234,1.9999699194158893,397.0259713865632,26.703759288700894,0.3620829239259998,4643,5
184427149,82,73.75039673,13.234,1.9999699010804761,397.02597502643556,25.85238045159076,0.35053886620076435,4945,4
184554925,41,4.176255514,3.7012,1.9999862811528146,111.0367616481825,26.588812788111227,6.366663318127433,9251,3
184554925,54,4.176255514,3.7012,2.0000285809510387,111.03441326543542,26.229435714820283,6.280610855081,8944,4
184554925,55,4.176255514,3.7012,1.999969257376506,111.03770679520682,27.162145435504954,6.503947218854233,9633,2
184554925,74,4.176255514,3.7012,1.9999702546920162,111.03765142456972,26.703762957180516,6.394188015475079,4958,4
184554925,75,4.176255514,3.7012,2.000020831619622,111.03484348218788,27.697480020013245,6.632132523300691,5157,6
184554925,81,4.176255514,3.7012,2.000012140633771,111.0353259803858,26.623743740722148,6.375027498071361,4934,4
184554925,82,4.176255514,3.7012,1.9999665476643713,111.0378572378339,25.852330218845054,6.190313339828147,4945,4
184556217,41,8.94340992,2.469,1.9999872869811952,74.07047082964426,26.58881660211,2.973006586967446,9251,2
184556217,75,8.94340992,2.469,2.0000201617222046,74.06925331814534,27.697473999711292,3.09697019900339,5157,6
184998205,81,4.445879936,2.3816,2.0000205225369427,71.44726686041321,26.623930676720647,5.988450219075068,4934,5
187278212,91,6.00127,1.33,1.9999749557609903,39.90049963882479,23.752617498877044,3.9579318209107477,4788,4
187960878,92,21.700156,4.104,2.000145254423842,123.11105878704367,25.05595701416769,1.154644096299017,4382,4
188507501,42,14.316941,3.84,1.999953469276079,115.2026802320544,22.895520470318843,1.5991908097071046,6723,2
188507501,92,14.316941,3.84,2.0001945360854734,115.18879581128623,25.10659974376904,1.7536287775278978,4440,4
188570092,42,7.3279474,3.08472,1.9999595049011987,92.54347377855704,22.849757077857248,3.1181660880722544,6690,2
188570092,92,7.3279474,3.08472,2.000192272971617,92.53270423099288,25.012121324730288,3.413250663443666,4335,4
188570092,96,7.3279474,3.08472,1.999974240679876,92.54279191970112,24.23027049637267,3.3065562801900934,4310,5
190496853,35,4.6615983,4.241,2.000003813082003,127.22975743125083,24.26253394449168,5.204767202805029,7475,3
190496853,62,4.6615983,4.241,1.9999947318137856,127.2303351365488,24.448553526964588,5.244671881522822,4602,4
190496853,89,4.6615983,4.241,1.9999940317939036,127.23037966856378,28.61798858928387,6.139093664351961,5333,4
192826603,5,2.647298,1.23,2.0000203159361263,36.89962517478593,25.572479675564864,9.659841723736754,8691,2
192826603,6,2.647298,1.23,1.9999703607754782,36.900546851796555,21.771895702663414,8.224195274828679,8305,2
192826603,32,2.647298,1.23,2.0000101761252154,36.89981225144505,25.873733135224484,9.773638304121592,9287,2
192826603,33,2.647298,1.23,1.999961555848131,36.90070930823636,25.838399713114086,9.760291328408847,8731,2
192826603,87,2.647298,1.23,1.9999584944889648,36.9007657925709,24.539775382675998,9.269744238342641,4829,5
192826603,98,2.647298,1.23,1.9999977211409714,36.90004204499699,57.37231244206532,21.67202651234025,5082,11
194736418,18,5.8267311,5.042,2.000023966320441,151.25818744890512,23.25719730886749,3.991465696583714,7402,3
194736418,86,5.8267311,5.042,1.9999507988541154,151.26372117420627,26.564675615758915,4.559104437779687,4733,21
194795551,66,2.0180231,2.12304,2.0000359530968126,63.69005507264199,24.89615764094424,12.33690419150516,5194,5
194795551,91,2.0180231,2.12304,2.0001700884313323,63.68578389245979,27.466135272766223,13.610416685897313,5023,5
194795551,92,2.0180231,2.12304,2.000105681363493,63.68783469139594,25.656865425938577,12.713861117813058,4706,7
194795551,93,2.0180231,2.12304,2.000021870189812,63.6905035382992,24.922478432248226,12.349947050778667,4655,4
195193025,72,10.1346454,2.856,2.000178796442924,85.67234104508208,23.39514799131757,2.3084328131813643,4522,4
198108326,23,3.2130598,2.3376,1.999982370143698,70.12861817873058,23.669233112092797,7.366570990086396,6253,2
198108326,49,3.2130598,2.3376,2.0000312913180096,70.12690281839144,23.83922352230593,7.419477073631163,7170,2
198108326,50,3.2130598,2.3376,1.9999705873487983,70.12903134036897,26.237125203665528,8.165775564981868,4484,4
198108326,76,3.2130598,2.3376,2.000033561635064,70.12682321457554,27.078187778060965,8.42753931254593,4699,4
198108326,77,3.2130598,2.3376,1.9999856302456465,70.12850386468686,28.061623039982805,8.733613684993601,3116,2
198241702,14,4.2529913,2.6216334,1.9999745468157926,78.65000294650645,25.226071997068175,5.931371643546079,8010,3
198241702,15,4.2529913,2.6216334,1.9999842108882149,78.64962290384393,24.26370302063242,5.70509114858345,7581,2
198241702,16,4.2529913,2.6216334,1.999997087259544,78.64911654223178,23.398580783922625,5.501676145898212,7437,2
198241702,17,4.2529913,2.6216334,2.000009023286111,78.64864716537718,21.820940075208682,5.13072765401817,6246,2
198241702,18,4.2529913,2.6216334,2.000020614868845,78.64819133892533,22.330790237628662,5.250608022082872,6764,3
198241702,19,4.2529913,2.6216334,2.0000277846702375,78.64790939688626,24.243392832534937,5.700315641965912,8086,2
198241702,20,4.2529913,2.6216334,2.0000285514834104,78.64787924319026,26.318430437438565,6.1882163825349386,8838,2
198241702,21,4.2529913,2.6216334,2.0000223626266234,78.64812261069972,27.226688189090282,6.401773779572576,9518,2
198241702,22,4.2529913,2.6216334,2.0000126443665067,78.64850476974024,26.061238334244536,6.127743156738773,8599,2
198241702,23,4.2529913,2.6216334,1.9999926808668533,78.64928982231204,24.62910781218625,5.791008275090111,7097,2
198241702,24,4.2529913,2.6216334,1.9999814242328284,78.64973248955941,26.484491474687047,6.227262086025675,6525,4
198241702,25,4.2529913,2.6216334,1.9999741123319836,78.65002003280404,25.671885372662928,6.03619512992254,8768,2
198241702,26,4.2529913,2.6216334,1.999970872857375,78.65014742703079,24.866298129431698,5.846778508442211,8499,2
198241702,40,4.2529913,2.6216334,1.9999721851490904,78.65009582034463,28.199592804749955,6.630531504908077,9882,2
198241702,41,4.2529913,2.6216334,1.9999781507067382,78.6498612219414,26.588588406920735,6.251738254654021,9251,2
198241702,47,4.2529913,2.6216334,2.000028790498618,78.64786984430596,25.908695929950227,6.091876070837537,8580,2
198241702,48,4.2529913,2.6216334,2.0000187269761227,78.64826557790421,25.553026647272873,6.008248041154675,7998,2
198241702,49,4.2529913,2.6216334,2.0000053905823734,78.64879001860942,23.473682482525874,5.519334705087658,6907,2
198241702,50,4.2529913,2.6216334,1.999991039847373,78.64935435510951,26.237398456502888,6.169163444209935,5539,4
198241702,51,4.2529913,2.6216334,1.9999805618135724,78.64976640441093,24.57892869647685,5.7792097285684205,6756,7
198241702,52,4.2529913,2.6216334,1.9999742256186437,78.65001557774758,24.439947312672302,5.7465312267796795,8385,2
198241702,53,4.2529913,2.6216334,1.9999719585757703,78.65010473047623,24.981572840335502,5.873882892808998,8678,2
198241702,54,4.2529913,2.6216334,1.99997409923526,78.6500205478395,26.228814242887893,6.167145049858883,7116,6
198241702,55,4.2529913,2.6216334,1.9999820816883584,78.649706634977,27.162251127404033,6.38662278180631,7637,3
198241702,56,4.2529913,2.6216334,1.9999941293644952,78.64923286048942,27.88047860127699,6.5554986207653405,5148,6
198241702,57,4.2529913,2.6216334,2.000008563263691,78.64866525537023,28.75984414734421,6.762262633206942,5254,5
198241702,58,4.2529913,2.6216334,2.0000227018317673,78.64810927192724,26.605839561655557,6.2557944949606545,4644,4
198241702,59,4.2529913,2.6216334,2.000030476046959,78.64780356292269,24.297571627291745,5.713054627525748,4596,4
198241702,60,4.2529913,2.6216334,2.0000314504432026,78.64776524646305,22.718389352952727,5.341743669438667,4410,4
198241702,73,4.2529913,2.6216334,2.000032970972825,78.64770545432036,26.850386820178755,6.3132945558056415,4650,5
198241702,74,4.2529913,2.6216334,2.00002913690696,78.64785622236532,26.70452747193667,6.278998847690254,4643,6
198241702,76,4.2529913,2.6216334,2.0000060689926613,78.64876334061623,27.077859867706138,6.366779980882194,4430,4
198241702,77,4.2529913,2.6216334,1.9999917136738077,78.64932785699271,28.061931501062645,6.5981633917432765,3212,2
198241702,78,4.2529913,2.6216334,1.9999787276174175,78.64983853472768,18.049804456310994,4.244025718160062,5326,3
198241702,79,4.2529913,2.6216334,1.999972410412738,78.65008696171869,27.13434084360324,6.3800602751299405,5252,4
198241702,80,4.2529913,2.6216334,1.9999683294736315,78.65024744736783,26.446828181428828,6.218406367637956,4721,6
198241702,81,4.2529913,2.6216334,1.9999718249891885,78.65010998384956,26.62326994537989,6.259892877133299,4908,5
198241702,82,4.2529913,2.6216334,1.9999827404535608,78.64968072890848,25.85256330024731,6.07867768275174,4670,6
198241702,83,4.2529913,2.6216334,1.9999954842205625,78.64917958117395,24.919385833893557,5.859260947440348,4799,9
198241702,84,4.2529913,2.6216334,2.0000089784298325,78.64864892931207,25.75010364653508,6.054586485172233,4428,5
198241702,85,4.2529913,2.6216334,2.000022891734261,78.64810180427668,25.48913690164909,5.993225733062067,4375,6
198241702,86,4.2529913,2.6216334,2.0000309305032715,78.64778569220367,26.56563691299425,6.246341701426536,4885,22
198356533,14,18.840942,4.65,1.9999606855708407,139.50274223533856,26.84947125456938,1.4250599176288203,9245,2
198356533,15,18.840942,4.65,1.9999607409044984,139.5027383756643,26.04394001348487,1.382305620041974,7963,4
198356533,16,18.840942,4.65,1.999968673917465,139.50218502848102,23.770467005936553,1.2616389884293766,7705,2
198356533,17,18.840942,4.65,1.9999823678517714,139.50122985318143,22.767861388020265,1.208424790438836,6926,2
198356533,18,18.840942,4.65,2.000000496991561,139.49996533484725,22.943064946544382,1.2177238774231345,7177,3
198356533,19,18.840942,4.65,2.000018773469492,139.49869056279428,24.609952144487124,1.3061954197665449,8347,2
198356533,20,18.840942,4.65,2.000033448348404,139.49766701671604,26.31848917148227,1.396877564374556,8838,2
198356533,21,18.840942,4.65,2.0000402998994105,139.49718913865485,27.346373958401045,1.451433477073548,9553,2
198356533,22,18.840942,4.65,2.0000361966958735,139.49747532615524,26.136584694865633,1.387222820115132,8651,2
198356533,23,18.840942,4.65,2.00002595604019,139.4981895896923,25.386414069988405,1.34740683719468,7529,2
198356533,24,18.840942,4.65,2.0000034686381696,139.49975806290726,26.48481173184041,1.4057052843663769,7365,4
198356533,25,18.840942,4.65,1.999986349910614,139.5009521002328,25.67207686451684,1.3625686478158492,8768,2
198356533,26,18.840942,4.65,1.9999734375232947,139.5018527573571,24.866337511687334,1.319803304510323,8500,2
198356533,40,18.840942,4.65,1.9999661920883227,139.50235814170142,28.199524929082145,1.4967152347840222,9882,2
198356533,41,18.840942,4.65,1.9999615322740283,139.50268317549435,26.588360282497433,1.411201217141767,9251,2
198356533,47,18.840942,4.65,2.0000377591350116,139.4973663500551,26.106028994353892,1.3856010487349248,8722,2
198356533,48,18.840942,4.65,2.000041944847908,139.49707440821518,25.55745946279285,1.3564852257807944,8001,2
198356533,49,18.840942,4.65,2.0000353133218596,139.49753693928972,23.919851198010292,1.269567689238165,7228,2
198356533,50,18.840942,4.65,2.00001953766332,139.49863726129578,26.237765514012608,1.392593083403824,6288,4
198356533,51,18.840942,4.65,2.0000069648085628,139.49951420629446,22.162534084410254,1.1762964975111252,6112,3
198356533,52,18.840942,4.65,1.9999843258119654,139.50109328318356,24.440108977567434,1.2971808404042344,8385,2
198356533,53,18.840942,4.65,1.9999714779260103,139.5019894430323,24.98159209381447,1.32592054547031,8678,2
198356533,54,18.840942,4.65,1.9999637063301634,139.50253152941036,26.228673042773153,1.3921104922871241,8945,4
198356533,55,18.840942,4.65,1.9999610208469676,139.50271884891322,27.161960388752505,1.4416455604370793,7869,3
198356533,56,18.840942,4.65,1.999967140291119,139.5022920023517,27.880092886494822,1.479761090846457,5148,6
198356533,57,18.840942,4.65,1.9999804832332302,139.50136130776636,28.75944804357141,1.5264336593983152,5254,5
198356533,58,18.840942,4.65,2.0000014117977116,139.49990152717913,26.89306168501207,1.4273735190635413,4644,4
198356533,59,18.840942,4.65,2.000021043786546,139.4985322113323,24.522462772870767,1.3015518424116357,4596,4
198356533,60,18.840942,4.65,2.0000359766709153,139.49749067234228,23.10455526085343,1.2262951215949518,4410,4
198356533,73,18.840942,4.65,2.0000290105235763,139.49797654533128,26.85032853280245,1.425105418444707,4650,5
198356533,74,18.840942,4.65,2.0000386097672163,139.49730702072432,26.704649228087874,1.4173733578760486,4643,6
198356533,75,18.840942,4.65,2.000039795675548,139.49722430686083,27.69776671544423,1.470083964774385,5157,4
198356533,76,18.840942,4.65,2.0000334568612743,139.4976664229632,27.078231181912997,1.4372015572211305,5103,4
198356533,77,18.840942,4.65,2.0000187865662156,139.49868964931497,28.062323122321686,1.4894331250699508,3893,2
198356533,79,18.840942,4.65,1.999982991910656,139.5011863243203,27.134492647123807,1.4401876852613744,5252,6
198356533,80,18.840942,4.65,1.9999678743624827,139.5022407992104,26.446810303018538,1.403688324236577,4721,6
198356533,81,18.840942,4.65,1.9999597943387926,139.5028044012456,26.623090903628054,1.4130445762015538,4908,5
198356533,82,18.840942,4.65,1.9999599023867631,139.50279686459706,25.852266468334165,1.3721323736538316,4945,5
198356533,83,18.840942,4.65,1.9999668194213882,139.50231438375448,24.919036744361165,1.3226003638438655,4799,9
198356533,84,18.840942,4.65,1.9999811511661392,139.50131471855224,25.749747108895917,1.3666910661311902,4428,5
198356533,86,18.840942,4.65,2.000020032719476,139.49860273181207,26.565483005259466,1.4099869850063478,4885,22
198390247,14,4.3135225,1.998,1.9999639859452145,59.941079360657994,26.849515742197127,6.22449882716437,9245,2
198390247,15,4.3135225,1.998,1.9999627103243256,59.94111759241729,26.043965686281126,6.037748889980549,7963,4
198390247,16,4.3135225,1.998,1.99996892537456,59.94093132099466,23.780192273835837,5.5129403576394544,7712,2
198390247,17,4.3135225,1.998,1.9999808591092005,59.94057365798742,22.767844459136995,5.278248684024946,6926,2
198390247,19,4.3135225,1.998,2.0000147501559695,59.93955794108581,24.609903432009105,5.705291541196111,8347,2
198390247,20,4.3135225,1.998,2.0000292585427815,59.93912313430074,26.318435676313584,6.101379018264906,8838,2
198390247,21,4.3135225,1.998,2.0000370728666894,59.93888894678028,27.34633009728418,6.339674847478871,9547,2
198390247,22,4.3135225,1.998,2.000035105738789,59.93894789947588,26.136564606601496,6.0592160135020725,8651,2
198390247,23,4.3135225,1.998,2.0000255366176134,59.939234677342,25.38641977614361,5.885310619370505,7529,2
198390247,24,4.3135225,1.998,2.0000064867781475,59.93980559188946,26.48484057478413,6.139956514608218,6499,4
198390247,25,4.3135225,1.998,1.9999902042764006,59.94029357927418,25.672121071372658,5.951544490928853,7088,5
198390247,26,4.3135225,1.998,1.9999774595271447,59.94067554558503,24.866386753447614,5.764751836450977,8500,2
198390247,40,4.3135225,1.998,1.999969922035234,59.94090145016093,28.1995797680911,6.53748294302188,9882,2
198390247,41,4.3135225,1.998,1.9999645523785148,59.9410623840454,26.5884011981575,6.163964879783865,9251,2
198390247,47,4.3135225,1.998,2.0000337364763254,59.93898893485941,26.105977732540396,6.0521250862932545,8722,2
198390247,49,4.3135225,1.998,2.0000336382508976,59.93899187857632,23.91983960313155,5.545314671044731,7228,2
198390247,50,4.3135225,1.998,2.0000203342715395,59.939390588077934,26.23777666834667,6.082679913770397,6005,4
198390247,51,4.3135225,1.998,2.0000084735511336,59.939746048748454,21.3250584227294,4.943768908758305,5820,3
198390247,52,4.3135225,1.998,1.9999881808325881,59.94035422254064,24.440152621671587,5.665938365146254,8364,3
198390247,53,4.3135225,1.998,1.9999754161108285,59.94073678821503,24.981641797103293,5.791471308449948,8678,2
198390247,54,4.3135225,1.998,1.9999671848199796,59.940983487081866,26.22872066804848,6.080580469453556,8945,4
198390247,56,4.3135225,1.998,1.9999679784814361,59.940959700276885,27.88010353843856,6.463419059118982,5148,6
198390247,57,4.3135225,1.998,1.9999793110764585,59.940620053452655,28.759430949145553,6.667272733397253,5254,5
198390247,59,4.3135225,1.998,2.0000170217826962,59.939489861514325,24.522414230417326,5.685008999122486,4596,4
198390247,60,4.3135225,1.998,2.000031868883525,59.939044904779664,23.104508174697457,5.3562971271617235,4410,4
198390247,73,4.3135225,1.998,2.00002490208135,59.93925369391423,26.850273757472678,6.224674557156634,4650,5
198390247,74,4.3135225,1.998,2.000034794691601,59.938957221234304,26.704597618425396,6.190902590267094,4643,6
198390247,75,4.3135225,1.998,2.000037075486034,59.93888886828143,27.697728364162685,6.421139188253378,5157,4
198390247,76,4.3135225,1.998,2.0000325558066834,59.93902431835575,27.078216842106485,6.277518395257353,5103,4
198390247,77,4.3135225,1.998,2.0000199593778234,59.93940182341625,28.062335744478332,6.5056657857883735,3781,2
198390247,78,4.3135225,1.998,2.0000001983862603,59.93999405436437,17.22084380242086,3.992292564237432,3202,3
198390247,79,4.3135225,1.998,1.9999866354191909,59.94040053916336,27.134542913164296,6.2905764171078955,5252,4
198390247,80,4.3135225,1.998,1.9999718970211688,59.94084225811055,26.446862864419927,6.131152176537835,4721,6
198390247,81,4.3135225,1.998,1.9999632852704963,59.94110036064295,26.6231367467376,6.172017590435102,4908,5
198390247,82,4.3135225,1.998,1.9999624130286975,59.94112650270085,25.852295403366043,5.993314142528766,4945,4
198390247,83,4.3135225,1.998,1.999967465089867,59.94097508711887,24.919044565200693,5.776959449081509,4799,9
198390247,84,4.3135225,1.998,1.9999800320510985,59.94059844540344,25.749732497376044,5.969537077267139,4428,5
198390247,85,4.3135225,1.998,1.999999087129254,59.94002735874874,25.488821338507023,5.909050280485849,4374,6
198390247,86,4.3135225,1.998,2.0000171527499333,59.9394859364933,26.56543243031092,6.1586400512135775,4885,22
198485881,14,35.189346,3.846,2.000010881383787,115.37937225638468,26.850123262244324,0.7630185358444662,9245,2
198485881,20,35.189346,3.846,2.0000216308471863,115.37875212992206,26.318323005519687,0.7479059998875707,8838,2
198485881,40,35.189346,3.846,1.9999769628338981,115.38132902942095,28.199721534915625,0.8013710040225136,9882,2
198485881,41,35.189346,3.846,2.000014779623598,115.37914736981541,25.969673262122797,0.7379981788272734,9251,2
198485881,47,35.189346,3.846,2.0000075004645623,115.37956729982213,26.41402749763347,0.7506257006775139,8944,2
198485881,53,35.189346,3.846,1.9999621720489813,115.3821823357709,24.981492617271215,0.7099163655178818,8678,2
198485881,75,35.189346,3.846,1.9999645045754733,115.38204776738414,27.696806624082456,0.7870793229315047,4979,4
199376584,14,18.712024,6.1681657,2.0000373695074813,185.0415135448876,26.85035401068353,1.4349251588541962,5465,4
199376584,15,18.712024,6.1681657,1.9999793474198668,185.04688184777788,23.0080025266775,1.2295838508264794,6683,2
199376584,41,18.712024,6.1681657,2.000009078619769,185.04413102734696,26.5890775852381,1.4209621356427344,9251,2
199376584,55,18.712024,6.1681657,1.9999860218376853,185.0462643033591,27.16235117350925,1.4515987780642676,7725,4
199376584,75,18.712024,6.1681657,2.0000040684681153,185.04459457598352,27.697241934847625,1.4801841818312986,5157,5
199376584,81,18.712024,6.1681657,2.0000292410259135,185.04226558715845,26.624051899995266,1.4228312180443583,4908,7
199376584,82,18.712024,6.1681657,1.9999806299165357,185.04676318562386,25.852498269484386,1.3815981782347215,4945,4
199444169,16,1.21687,1.1120799,1.9999893765634624,33.362574212594936,23.026297895502466,18.922561896917887,7169,2
199444169,56,1.21687,1.1120799,2.0000098048330983,33.36223344443464,27.8806695703679,22.911789731333588,5148,6
199444169,83,1.21687,1.1120799,2.000001745764166,33.362367878586824,24.91948779049062,20.478348377797648,4799,9
201248411,1,0.9809734,0.78576,2.000035743221815,23.572378723619284,27.88098423294491,28.421753569408622,9409,16
201248411,2,0.9809734,0.78576,1.9999727253889432,23.573121473859796,27.405128039001738,27.936667843390797,9225,3
201248411,28,0.9809734,0.78576,2.0000282875844277,23.5724665959305,21.79609322800934,22.218842252001267,6235,2
201248411,29,0.9809734,0.78576,1.9999676117731724,23.573181746778733,24.291225572045732,24.762369267143974,7506,2
201248411,68,0.9809734,0.78576,2.0000302527478198,23.572443434406644,23.460056542134225,23.915079187808992,4953,4
201248411,69,0.9809734,0.78576,1.9999685625953134,23.573170539651002,23.95655915698717,24.42121178513828,4388,10
201248411,95,0.9809734,0.78576,2.0000342603452737,23.57239620078362,23.7948386411108,24.25635459749551,4071,4
201248411,96,0.9809734,0.78576,1.9999752641888335,23.573091549770595,23.902485702881222,24.36608954216416,4302,5
201604954,13,4.6058749,3.2112,2.0000011603406165,96.33594410874561,28.436060582314894,6.173867332418189,8026,4
201604954,67,4.6058749,3.2112,1.9999749393900856,96.33720713458412,24.22323484946446,5.259203815862316,4961,4
201604954,94,4.6058749,3.2112,1.9999708925024606,96.33740207034685,24.02186175917359,5.21548289537208,3989,5
202425357,48,3.62156552,2.223,2.0000358247489203,66.68880544514457,25.66576111561426,7.086924418148939,8079,2
202425357,49,3.62156552,2.223,2.000005138470442,66.68982865814333,23.89311963390128,6.597456128282688,7209,2
202425357,50,3.62156552,2.223,1.9999742753861938,66.69085779828063,26.237171038240376,7.244704228971226,5135,4
202425357,75,3.62156552,2.223,2.0000340756814694,66.68886376576037,27.697729714231173,7.647999065948467,5157,6
202425357,76,3.62156552,2.223,2.000003050197847,66.6898982913079,27.07786246091564,7.476839038636429,5103,5
206241306,42,5.628466,8.208,1.9999427410948556,246.24704991823668,22.962068139695475,4.0796316686812135,6771,2
206241306,92,5.628466,8.208,2.000195626387722,246.215916834795,24.794076394818603,4.405121465567812,4440,4
210083929,83,2.392679,2.42,1.9999715964513598,72.60103106345856,24.919083650509947,10.414720758827219,4799,9
211438925,2,4.89964477,3.07,2.000040115235606,92.09815273045216,27.405978066661646,5.5934622514810695,9226,3
211438925,29,4.89964477,3.07,2.0000319834798574,92.09852718430544,23.22946566779501,4.741050985987094,6654,2
211438925,69,4.89964477,3.07,2.000033271542634,92.09846787094985,23.396199259289006,4.775080716573868,4423,10
212253390,27,3.092686757,2.0586,2.000037304351281,61.75684810042224,24.362795653272542,7.877550352660091,8521,2
212253390,67,3.092686757,2.0586,2.000048699483159,61.756496245275585,24.0560530677908,7.778367147381553,5009,4
212253390,92,3.092686757,2.0586,2.000174424101715,61.75261442784995,25.01327178147403,8.087877546880197,4471,4
212253390,95,3.092686757,2.0586,1.9999581539741484,61.7592921904688,23.620336464603497,7.637481038498687,4204,4
218299312,80,3.7681,4.72001,1.9999876523797866,141.60117421876052,26.44717149337066,7.018702129288146,4635,5
219016883,74,4.872171,2.584,2.0000317778612953,77.51876830966643,26.704623069550507,5.481052095575157,4643,6
219016883,75,4.872171,2.584,2.000003566208761,77.51986177399489,27.69732836926596,5.684802189673959,5157,6
219016883,76,4.872171,2.584,1.9999760630889796,77.52092780577556,27.07750337424659,5.557584775708117,4726,4
219344917,4,14.362565,4.032,2.000017466743884,120.95894362055564,25.37661190651761,1.7668579328634968,8383,3
219344917,5,14.362565,4.032,1.9999894574357313,120.96063761764805,25.62347217093452,1.784045688979268,8684,2
219344917,6,14.362565,4.032,1.9999616203494952,120.96232124580683,21.771799170845725,1.5158712368470204,8450,2
219344917,31,14.362565,4.032,2.000014048171579,120.95915037255077,25.429347390099338,1.7705296644505586,8616,2
219344917,32,14.362565,4.032,1.999982348861522,120.9610675502769,25.92060482893703,1.804733682941524,9312,2
219344917,97,14.362565,4.032,2.000035600794945,120.95784690224774,52.3411443120749,3.644275539367439,4926,8
219344917,98,14.362565,4.032,1.9999762608495075,120.96143576086367,57.37164051808986,3.994526083473938,5082,12
219698776,14,4.6594779,0.9011821,2.0000410568900406,27.034908015377177,26.85047785679535,5.762550747755527,9245,2
219698776,20,4.6594779,0.9011821,2.0000115728907986,27.035306561674727,26.318196321202322,5.64831444338481,8795,3
219698776,40,4.6594779,0.9011821,1.9999829984590178,27.035692824219765,28.199864028666525,6.052151042215809,5680,6
219698776,47,4.6594779,0.9011821,1.9999930835911073,27.03555649448168,26.4096510409845,5.667942118790712,8941,2
219698776,53,4.6594779,0.9011821,1.9999578154238407,27.03603325180188,24.981487217346512,5.361434854610323,8678,2
219698776,60,4.6594779,0.9011821,2.00001518955105,27.03525767328671,23.362643633032803,5.01400460189602,4410,4
219698776,74,4.6594779,0.9011821,1.9999890301551204,27.035611288231028,26.704033890791834,5.731121482686254,4588,5
219850915,14,6.400316483,2.2098,1.9999937819738989,66.29420610955196,26.849919021282858,4.195092397789926,9245,2
219850915,15,6.400316483,2.2098,2.000002313834557,66.29392330341467,24.306977195961053,3.7977773849970182,7634,2
219850915,16,6.400316483,2.2098,2.000010750743968,66.29364364700523,23.801521978261462,3.7188039125066905,7727,2
219850915,17,6.400316483,2.2098,2.000015561170585,66.29348419789186,20.764060580764635,3.2442240373450977,5497,2
219850915,19,6.400316483,2.2098,2.0000172234722413,66.29342909848206,24.223824934175354,3.784785486548471,8072,2
219850915,20,6.400316483,2.2098,2.0000119906762848,66.29360254743605,26.318210513336,4.112017051538043,8838,2
219850915,21,6.400316483,2.2098,2.0000040062586777,66.29386720480962,27.287534598068532,4.26346645053373,9558,2
219850915,22,6.400316483,2.2098,1.9999942023787298,66.29419217430932,26.07767865507185,4.0744358070944235,8611,2
219850915,23,6.400316483,2.2098,1.999984717076586,66.29450658693347,25.33035570080756,3.9576723694973506,7502,2
219850915,24,6.400316483,2.2098,1.9999797059426783,66.29467269394388,26.484453159881696,4.1379911806279495,9279,2
219850915,25,6.400316483,2.2098,1.9999797072523506,66.2946726505313,25.671960096717612,4.011045417036077,8768,2
219850915,26,6.400316483,2.2098,1.9999834954796825,66.29454707984961,24.866458902978366,3.8851920790208783,8499,2
219850915,40,6.400316483,2.2098,1.9999880276009208,66.2943968514879,28.199821665451054,4.406004256250941,9882,2
219850915,41,6.400316483,2.2098,1.9999968410411384,66.29410471017476,26.58883827055206,4.154300547664349,9251,2
219850915,47,6.400316483,2.2098,2.0000095965951914,66.29368190318552,26.020963989261418,4.065574578753439,8661,2
219850915,49,6.400316483,2.2098,1.9999900523544056,66.29432973624856,23.883216624666602,3.7315680698139317,7202,2
219850915,50,6.400316483,2.2098,1.9999840403033886,66.29452902028508,26.237275203090576,4.099371534638934,6558,4
219850915,51,6.400316483,2.2098,1.999981253320584,66.29462140200721,24.57891586149117,3.8402657004189846,6756,7
219850915,52,6.400316483,2.2098,1.9999814956099726,66.29461337069127,24.440033294540626,3.8185663723749057,8385,2
219850915,53,6.400316483,2.2098,1.9999853895933484,66.29448429468715,24.98174426028163,3.903204525375598,8678,2
219850915,54,6.400316483,2.2098,1.999991113843862,66.29429455072622,26.22904966933129,4.098086358541606,6217,4
219850915,56,6.400316483,2.2098,2.00000934448326,66.29369025986055,27.88068911373557,4.3561422607444475,5148,6
219850915,57,6.400316483,2.2098,2.0000169032573467,66.29343971246406,28.759958820132397,4.493521358908151,5254,5
219850915,58,6.400316483,2.2098,2.0000213057210203,66.29329378678852,26.550264578399947,4.148273706295712,4644,4
219850915,59,6.400316483,2.2098,2.0000197046465473,66.29334685651587,24.333557375452074,3.801930332677281,4596,4
219850915,60,6.400316483,2.2098,2.0000135969894473,66.29354930365484,22.911256047158076,3.5797067391922086,4410,4
219850915,73,6.400316483,2.2098,2.0000188671110664,66.29337461776906,26.85021441562094,4.19513855087296,4650,5
219850915,74,6.400316483,2.2098,2.000010320189176,66.29365791845454,26.704286255286206,4.172338403298643,4643,6
219850915,76,6.400316483,2.2098,1.9999904786527622,66.29431560559938,27.077642390438996,4.230672414772055,5103,4
219850915,77,6.400316483,2.2098,1.9999846722203074,66.2945080738073,28.061802629912563,4.384439848318133,4928,3
219850915,78,6.400316483,2.2098,1.9999807641579537,66.29463761658886,18.049816016869045,2.820144295178449,5326,3
219850915,79,6.400316483,2.2098,1.9999810532681295,66.2946280332709,27.134455223526857,4.239548980991673,5252,4
219850915,80,6.400316483,2.2098,1.9999832937901374,66.29455376536397,26.44702652791875,4.132143558551392,4721,7
219850915,81,6.400316483,2.2098,1.9999905264558038,66.29431402105692,26.62351580697259,4.159718644802614,4908,6
219850915,82,6.400316483,2.2098,2.0000010974763427,66.29396362197163,25.852800427955117,4.039300321573663,4670,6
219850915,83,6.400316483,2.2098,2.0000105729559436,66.29364954008203,24.919569777610832,3.8934902428341105,4799,9
219850915,84,6.400316483,2.2098,2.000017738828319,66.29341201627277,25.750209665779494,4.023271307625976,4428,5
219850915,85,6.400316483,2.2098,2.000022279789846,66.29326150003278,25.489136252553635,3.9824806039288534,4375,6
219850915,86,6.400316483,2.2098,2.000021344028937,66.29329251702309,26.56552234167657,4.150657613922335,4885,22
219852882,14,1.7622538,0.8779711,1.9999921903945506,26.339235849519913,26.84989847325096,15.236113250685547,9245,2
219852882,15,1.7622538,0.8779711,2.0000001348671503,26.339131223858214,24.326395463701374,13.80413846388152,7655,2
219852882,16,1.7622538,0.8779711,2.0000085717765614,26.339020113902368,24.040384810326486,13.641840244762976,7899,2
219852882,17,1.7622538,0.8779711,2.0000138838076964,26.338950157540545,21.847381704053532,12.39740933119482,6265,2
219852882,18,1.7622538,0.8779711,2.000017293048586,26.338905260015817,22.11825324249662,12.551116781530911,6612,3
219852882,19,1.7622538,0.8779711,2.0000168881961145,26.338910591656244,24.30298775954816,13.790855641535945,8129,2
219852882,20,1.7622538,0.8779711,2.0000124097714433,26.338969569703792,26.31822051451809,14.934409853176703,8838,2
219852882,21,1.7622538,0.8779711,2.0000052216346376,26.33906423351494,27.345891944268033,15.5175673017519,9599,2
219852882,22,1.7622538,0.8779711,1.9999962163274176,26.339182829421958,26.08326440115752,14.801082795881909,8615,2
219852882,23,1.7622538,0.8779711,1.9999869392631808,26.339305005365336,25.39705096610146,14.41168744598619,7546,2
219852882,24,1.7622538,0.8779711,1.999981507724442,26.339376537504478,26.48447656521671,15.028752705891007,9083,3
219852882,25,1.7622538,0.8779711,1.9999806266423548,26.339388141193307,25.671971475319424,14.567692505653511,8768,2
219852882,26,1.7622538,0.8779711,1.999983384157531,26.339351825260334,24.866457345254048,14.110599361598226,8499,2
219852882,40,1.7622538,0.8779711,1.9999873563938309,26.3392995118649,28.199810789349613,16.00212795078076,9882,2
219852882,41,1.7622538,0.8779711,1.9999951659701765,26.339196662231096,26.588815636153868,15.087960449371066,9251,2
219852882,47,1.7622538,0.8779711,2.000010937699699,26.338988956024213,26.043200164661357,14.778348138424418,8677,2
219852882,48,1.7622538,0.8779711,2.000001544074621,26.339112665222295,25.556970841479142,14.50243480336325,8001,2
219852882,49,1.7622538,0.8779711,1.9999924831063254,26.33923199460319,23.89435605962717,13.558975477667955,7210,2
219852882,50,1.7622538,0.8779711,1.9999861364340177,26.339315578419725,26.23730415683258,14.88849344903247,6554,4
219852882,51,1.7622538,0.8779711,1.9999828242725926,26.339359198826845,24.578935616207218,13.94744367480281,6756,7
219852882,52,1.7622538,0.8779711,1.9999822512909304,26.339366744878717,24.440042288741097,13.8686279403915,8385,2
219852882,53,1.7622538,0.8779711,1.9999851810280234,26.33932816088295,24.981741012861676,14.176017672858288,8678,2
219852882,54,1.7622538,0.8779711,1.99999010997999,26.339263247920286,26.229033494906616,14.883800219302472,6507,4
219852882,56,1.7622538,0.8779711,2.0000072896073107,26.339036999381666,27.880656524081132,15.821022218298596,5148,6
219852882,57,1.7622538,0.8779711,2.000014723962522,26.33893909322396,28.759928069767284,16.31996938793225,5254,5
219852882,58,1.7622538,0.8779711,2.000019798942958,26.33887225908528,26.869691942905774,15.247345157040247,4644,4
219852882,59,1.7622538,0.8779711,2.000019452534616,26.338876821043446,24.554387971238157,13.933513987166977,4596,4
219852882,60,1.7622538,0.8779711,2.000014602817828,26.338940688623673,23.11126594080588,13.114606954347822,4410,4
219852882,73,1.7622538,0.8779711,2.0000191192229977,26.338881210528314,26.850214962772952,15.236292844295726,4650,5
219852882,74,1.7622538,0.8779711,2.000011828931747,26.338977219018094,26.70430122847938,15.153493343852842,4643,6
219852882,75,1.7622538,0.8779711,2.0000023907778086,26.339101514530302,27.697240474650243,15.71694183587531,5157,6
219852882,76,1.7622538,0.8779711,1.999992824930814,26.339227492889783,27.07767416320712,15.365365739717582,5103,4
219852882,77,1.7622538,0.8779711,1.9999867683509365,26.339307256235095,28.06183344632882,15.923831996463175,4928,3
219852882,78,1.7622538,0.8779711,1.999982139968779,26.339368210969297,18.04982863971918,10.242468275409127,5326,3
219852882,79,1.7622538,0.8779711,1.9999815552000655,26.339375912259552,27.134462766262914,15.397590725162807,5252,4
219852882,80,1.7622538,0.8779711,1.9999828792788321,26.33935847440609,26.447019963666207,15.00749776432101,4721,6
219852882,81,1.7622538,0.8779711,1.9999900235416135,26.339264386287542,26.62349670883532,15.10764040278155,4908,5
219852882,82,1.7622538,0.8779711,1.999999070103513,26.339145246339317,25.852773334733683,14.670289452480501,4670,6
219852882,83,1.7622538,0.8779711,2.0000082011392806,26.33902499499375,24.919540459343352,14.14072164823441,4799,9
219852882,84,1.7622538,0.8779711,2.0000149014231283,26.338936756179322,25.75018191440404,14.612073422343613,4428,5
219852882,86,1.7622538,0.8779711,2.000020842097001,26.3388585214779,26.5655146583872,15.074738189463515,4885,22
219854185,23,3.9443736,4.8636539,1.9999827889114385,145.91087264247557,25.388662955152313,6.436678045698387,7523,2
219854185,24,3.9443736,4.8636539,1.9999785694744787,145.91118047663852,26.484438645697765,6.7144853230175165,9279,2
219854185,25,3.9443736,4.8636539,1.9999797065975145,145.9110975163145,25.671960621744347,6.508501279327178,8768,2
219854185,26,3.9443736,4.8636539,1.9999845844722586,145.9107416455428,24.86647271929428,6.304289410945829,8499,2
219854185,40,3.9443736,4.8636539,1.9999897033267189,145.91036819569482,28.199845552885563,7.149385026024301,9882,2
219854185,47,3.9443736,4.8636539,2.0000074153358582,145.90907601759827,26.015382707757,6.59556759728769,8657,2
219854185,48,3.9443736,4.8636539,1.9999967663898133,145.90985290779335,25.04857977737447,6.350458226719312,7635,2
219854185,49,3.9443736,4.8636539,1.9999876635120017,145.91051701167098,23.51235582223626,5.960986003515554,6935,2
219854185,50,3.9443736,4.8636539,1.9999824058322702,145.9109005904293,26.237251083538467,6.651816928178017,6558,4
219854185,52,3.9443736,4.8636539,1.9999816229756107,145.9109577046142,24.44003589579006,6.1961767251941,8385,2
219854185,53,3.9443736,4.8636539,1.999986522787367,145.91060023409239,24.98175976651146,6.333517638012651,8678,2
219854185,54,3.9443736,4.8636539,1.9999928746983642,145.9101368268683,26.229076673436793,6.649744505296556,6184,3
219854185,55,3.9443736,4.8636539,2.000002031272743,145.90946880903653,27.162537709970366,6.8864008495469005,6333,3
219854185,56,3.9443736,4.8636539,2.000011481868569,145.90877934728624,27.880722091635107,7.068479033435146,5148,6
219854185,57,3.9443736,4.8636539,2.0000186634570127,145.90825542377354,28.759983117909087,7.291394283216246,5254,5
219854185,58,3.9443736,4.8636539,2.0000218433415284,145.90802344060612,26.53916092522195,6.728358826157327,4644,4
219854185,59,3.9443736,4.8636539,2.000018823891878,145.90824371949805,24.422438805858746,6.191715410999289,4596,4
219854185,60,3.9443736,4.8636539,2.0000120889017126,145.9087350618214,22.802902327237916,5.781121323608371,4410,4
219854185,73,3.9443736,4.8636539,2.0000174847518792,145.90834141442662,26.850200142680478,6.807215255340031,4650,5
219854185,74,3.9443736,4.8636539,2.0000081415491877,145.909023037256,26.704259361891673,6.770215519618039,4643,6
219854185,75,3.9443736,4.8636539,1.9999976975668687,145.90978497376156,27.69717838273391,7.021945989785022,5157,6
219854185,76,3.9443736,4.8636539,1.9999880891555222,145.91048595855295,27.07760923992464,6.864869301408122,5103,4
219854185,77,3.9443736,4.8636539,1.9999829755397514,145.91085902680967,28.061777144226653,7.11438113880152,4928,3
219854185,78,3.9443736,4.8636539,1.9999801139056217,145.91106780063257,18.049810802132015,4.576090561536061,5326,3
219854185,79,3.9443736,4.8636539,1.9999816390190972,145.91095653414322,27.13446084059524,6.8792826421399935,5252,4
219854185,80,3.9443736,4.8636539,1.9999843860568944,145.9107561211223,26.447045841249746,6.705005286834327,4721,6
219854185,81,3.9443736,4.8636539,1.999992778437445,145.91014384961562,26.62354508816179,6.749752378466835,4908,6
219854185,82,3.9443736,4.8636539,2.0000035282282624,145.90935959923686,25.852832895257052,6.5543570455032585,4670,5
219854185,83,3.9443736,4.8636539,2.000013001743355,145.90866846646966,24.919599007897432,6.317758289401752,4799,9
219854185,84,3.9443736,4.8636539,2.000019540937501,145.9081914085754,25.75023180177459,6.528345033486328,4428,5
219854185,85,3.9443736,4.8636539,2.000022933643777,145.90794389959518,25.48914575164372,6.462153015029743,4375,6
219854185,86,3.9443736,4.8636539,2.000020798877813,145.90809963763186,26.5655167767477,6.7350407113432915,4885,22
220479565,3,3.6977104,0.9308263,2.000032883552194,27.924329874420543,20.278100658471885,5.48396128005911,6814,2
220479565,4,3.6977104,0.9308263,2.00001227127359,27.92461766468837,25.39598578357004,6.868029952689112,8397,3
220479565,5,3.6977104,0.9308263,1.9999894685679465,27.924936044783276,25.491527315575468,6.893867977215162,8654,2
220479565,6,3.6977104,0.9308263,1.9999674880091334,27.92524295262191,21.771862127669692,5.887930576626469,8323,2
220479565,10,3.6977104,0.9308263,1.9999669592289138,27.92525033590194,22.839947950476017,6.176781164494661,6421,2
220479565,13,3.6977104,0.9308263,2.0000346021697624,27.924305879213737,28.43659071789989,7.690323914468772,8825,5
220479565,30,3.6977104,0.9308263,2.0000301211257465,27.924368443293364,25.918444942761198,7.009322564244403,8321,2
220479565,31,3.6977104,0.9308263,2.00000901837484,27.924663082460523,25.429283676226532,6.877034955529923,8578,2
220479565,32,3.6977104,0.9308263,1.9999835210182937,27.92501908793935,25.880342853550246,6.999018325921425,9282,2
220479565,33,3.6977104,0.9308263,1.9999630645907018,27.925304716279737,25.838422312238436,6.987681434500234,8731,2
220479565,36,3.6977104,0.9308263,1.9999589561484754,27.92536208220754,23.427294478169642,6.3356217615553785,7405,2
220479565,63,3.6977104,0.9308263,1.999961202236591,27.9253307201872,25.577275671726056,6.917057558570854,4485,5
220479565,64,3.6977104,0.9308263,1.9999783006642247,27.925091977973693,26.916374075156455,7.279200143731227,5040,4
220479565,66,3.6977104,0.9308263,2.0000255608465523,27.92443211393784,22.872473481168072,6.185577291604035,5192,5
220479565,67,3.6977104,0.9308263,2.0000403182348236,27.924226072247976,23.47268168300434,6.347896169209016,5009,4
220479565,87,3.6977104,0.9308263,1.9999615957931383,27.92532522498331,23.753716740602613,6.423898621320538,4766,5
220479565,90,3.6977104,0.9308263,1.9999622604518663,27.925315944402616,25.293970680036637,6.8404412308861815,5114,4
220479565,93,3.6977104,0.9308263,2.000024383451091,27.924448552787233,23.822506730943132,6.442502022587581,4223,4
220479565,94,3.6977104,0.9308263,2.0000389424239984,27.924245281100216,23.637961584116965,6.392594072298621,3808,5
220479565,97,3.6977104,0.9308263,2.000026634777896,27.92441711967607,52.12008644540492,14.09523213213369,4824,8
220479565,98,3.6977104,0.9308263,1.9999771193397464,27.92510847245975,57.37169374422274,15.515464311164752,5082,10
224297258,15,9.61419,2.7649671,2.0000054999400163,82.94878489332932,22.758362533898207,2.36716379995592,6503,2
224297258,21,9.61419,2.7649671,2.000035342789488,82.94754720115036,27.346360728425452,2.844374900893934,9563,2
224297258,22,9.61419,2.7649671,1.9999776910117362,82.94993826459961,26.045521301653025,2.7090707903269045,8588,2
224297258,41,9.61419,2.7649671,1.9999564422323601,82.95081957626232,26.588385817223298,2.7655357151484727,9250,2
224297258,48,9.61419,2.7649671,2.0000209065983654,82.94814591821407,25.746105956291558,2.6779277251949,8137,2
224297258,49,9.61419,2.7649671,1.9999565240868833,82.95081618123862,22.912019422272806,2.383146101988083,6503,2
224297258,75,9.61419,2.7649671,2.000024184380891,82.94800997686629,27.697501565695347,2.8808980856104722,5157,5
224297258,76,9.61419,2.7649671,1.9999567840568488,82.95080539864522,27.07725988810853,2.8163849360277387,4491,4
229455001,14,22.341702927,2.7826,2.000024460066925,83.47697907375259,26.850294205047703,1.20180159465817,9245,2
229455001,15,22.341702927,2.7826,2.000004661749699,83.47780542368284,26.044501288174843,1.1657348311036757,6516,3
229455001,16,22.341702927,2.7826,1.9999821694364073,83.47874423652887,23.04150500975493,1.031322683192122,7181,2
229455001,17,22.341702927,2.7826,1.999968454874761,83.47931668274981,23.099654266163952,1.0339254058493441,7165,2
229455001,18,22.341702927,2.7826,1.9999594263208564,83.47969353915032,23.33841828365985,1.0446123269974785,7461,3
229455001,19,22.341702927,2.7826,1.9999560786345683,83.4798332741317,24.806413106666696,1.1103188144484764,8489,2
229455001,20,22.341702927,2.7826,1.9999629565427313,83.47954618550096,26.317577473038455,1.1779575424053106,8838,2
229455001,21,22.341702927,2.7826,1.999978860549163,83.47888234886466,27.15943534658868,1.2156385498155755,9487,2
229455001,23,22.341702927,2.7826,2.000020088380552,83.4771615395058,25.434962940430523,1.1384522936115273,7639,2
229455001,25,22.341702927,2.7826,2.000038778060116,83.47638147393047,25.672726394600886,1.1490944302000963,8768,2
229455001,26,22.341702927,2.7826,2.0000372848699044,83.47644379582648,24.86713627210588,1.1130367435892226,8499,2
229455001,40,22.341702927,2.7826,2.0000321995757986,83.47665604354314,28.200462818790584,1.2622342581017072,9882,2
229455001,41,22.341702927,2.7826,2.0000149485713337,83.47737606624456,26.589136742033133,1.1901123575454984,9251,2
229455001,47,22.341702927,2.7826,1.9999681061744923,83.47933123761199,25.970413008904416,1.1624186882155303,8625,2
229455001,48,22.341702927,2.7826,1.9999857016227907,83.478596804233,25.0609266837605,1.1217106755758672,7644,2
229455001,49,22.341702927,2.7826,2.0000064802297857,83.47772952256535,23.952847740832112,1.07211378734631,7252,2
229455001,50,22.341702927,2.7826,2.00002490208135,83.47696062496783,26.237791437783926,1.174386371688592,6265,4
229455001,51,22.341702927,2.7826,2.0000373072980437,83.4764428597333,21.38649495553136,0.9572455163964128,5874,3
229455001,53,22.341702927,2.7826,2.0000372745562345,83.47644422629271,24.98240721746879,1.1181961956569342,7928,4
229455001,54,22.341702927,2.7826,2.0000263184920186,83.47690150691697,26.229523161702673,1.174016289062918,8945,4
229455001,55,22.341702927,2.7826,2.0000074808194768,83.47768775924376,27.162649905003946,1.2157824313462615,9632,2
229455001,56,22.341702927,2.7826,1.999987508970662,83.47852136632973,27.880436124352855,1.2479100727214165,5148,4
229455001,57,22.341702927,2.7826,1.999970257966197,83.47924142121009,28.759336178866306,1.2872490639068779,5254,5
229455001,58,22.341702927,2.7826,1.9999611766979797,83.47962047725916,26.88141775937038,1.203194664578774,4644,4
229455001,59,22.341702927,2.7826,1.9999590661609545,83.47970857247712,24.23421290649867,1.0847075080034103,4596,4
229455001,60,22.341702927,2.7826,1.9999655693391105,83.47943712609546,22.85514740282133,1.0229814386798972,4410,4
229455001,73,22.341702927,2.7826,1.9999615781125613,83.47960372196881,26.849446160778825,1.201763636751754,4650,5
229455001,74,22.341702927,2.7826,1.999970339165884,83.47923803191568,26.703741322324277,1.1952419835487447,4643,5
229455001,75,22.341702927,2.7826,1.999985628281138,83.47859986548413,27.69700719033608,1.239699913692084,5157,6
229455001,76,22.341702927,2.7826,2.0000053990952438,83.47777464777197,27.077832869770646,1.2119860763633654,5103,6
229455001,77,22.341702927,2.7826,2.0000240180524997,83.47699752254549,28.062362803066208,1.2560529917866188,4591,4
229455001,80,22.341702927,2.7826,2.000034845113987,83.47654562512622,26.44768898241,1.1837812484046553,4721,7
229455001,81,22.341702927,2.7826,2.0000223449460464,83.47706735471692,26.62392800755015,1.1916695918185838,4908,6
229455001,82,22.341702927,2.7826,2.000005077570677,83.47778806781557,25.85287434941438,1.1571577347477446,4945,4
229455001,83,22.341702927,2.7826,1.9999873131746426,83.47852953876267,24.91931734297623,1.115372334168009,4799,9
229455001,84,22.341702927,2.7826,1.9999747717520222,83.4790530151252,25.74965925485094,1.1525378946710645,4451,4
229455001,85,22.341702927,2.7826,1.9999626173375873,83.47956034411135,25.488401895674087,1.140844186271553,4375,6
229455001,86,22.341702927,2.7826,1.9999587380880257,83.47972226647589,26.5647115618126,1.1890191024655101,4885,23
229747848,14,0.84742346,0.8769615,2.000015890225768,26.30863597491735,26.850223613063008,31.684541295402664,9245,2
229747848,15,0.84742346,0.8769615,2.0000150972191477,26.30864640629986,24.218249696792554,28.57868685484888,7548,2
229747848,16,0.84742346,0.8769615,2.000011672753317,26.30869145256729,23.727921962350138,28.000076800269532,7674,2
229747848,17,0.84742346,0.8769615,2.0000045808774303,26.30878474134088,22.679230653777722,26.76257116339182,6862,2
229747848,19,0.84742346,0.8769615,1.9999903588177403,26.308971824796213,24.747095524784072,29.202750092361228,8446,2
229747848,20,0.84742346,0.8769615,1.9999834502959857,26.30906270360032,26.317838759021015,31.05630183877729,8838,2
229747848,21,0.84742346,0.8769615,1.999980652180966,26.30909951184815,26.601132740809817,31.39060221534322,9134,2
229747848,22,0.84742346,0.8769615,1.9999829716107342,26.309069000534077,24.787285598194558,29.25017629107714,7688,2
229747848,23,0.84742346,0.8769615,1.9999892013947829,26.308987050182406,24.387359357350306,28.778244299904447,6759,2
229747848,24,0.84742346,0.8769615,1.9999952543730615,26.3089074261299,26.484664473035764,31.253164118250588,9279,2
229747848,25,0.84742346,0.8769615,2.000003950597602,26.308793032272668,25.672274702781124,30.29450553892044,8768,2
229747848,26,0.84742346,0.8769615,2.0000110290493467,26.308699920025166,24.86680397658961,29.344011760766698,8499,2
229747848,40,0.84742346,0.8769615,2.000015101803001,26.308646346002828,28.20020251520782,33.277580626818875,9882,2
229747848,41,0.84742346,0.8769615,2.000017975224182,26.30860854843171,26.589116915950854,31.376422970342187,9251,2
229747848,47,0.84742346,0.8769615,1.999983652640367,26.309060041833053,25.2872836493284,29.840197779429424,8133,2
229747848,49,0.84742346,0.8769615,1.9999855248170206,26.30903541405081,22.435937049273434,26.475473135088134,6160,3
229747848,50,0.84742346,0.8769615,1.9999917935638223,26.308952951371648,26.237364397134115,30.961338263085278,5275,4
229747848,51,0.84742346,0.8769615,1.9999997544073267,26.308848230630183,24.577749538631906,29.002913771860772,5431,4
229747848,52,0.84742346,0.8769615,2.0000063702173065,26.30876120373703,24.4403430445127,28.840767571519322,8385,2
229747848,53,0.84742346,0.8769615,2.000013008946553,26.308673875933835,24.982091941916224,29.48005704481703,8678,2
229747848,54,0.84742346,0.8769615,2.0000173717926373,26.30861648608491,26.229377890333126,30.95191380509235,8945,4
229747848,55,0.84742346,0.8769615,2.0000182489457075,26.30860494784833,27.162732620913175,32.05331679266134,9632,2
229747848,56,0.84742346,0.8769615,2.0000146231177496,26.308652642737286,27.880751557037,32.90061329791011,5148,4
229747848,57,0.84742346,0.8769615,2.0000069713569246,26.308753296145262,28.759827215201312,33.93796439763576,5254,5
229747848,58,0.84742346,0.8769615,1.9999983943125699,26.308866121907815,26.89164912668639,31.73342537234736,4644,4
229747848,59,0.84742346,0.8769615,1.9999907019519014,26.30896731102174,24.234606561533383,28.597988733440754,4596,4
229747848,60,0.84742346,0.8769615,1.9999856020876905,26.3090343975851,22.387324389994774,26.418107884333025,4410,4
229747848,73,0.84742346,0.8769615,1.9999894060310908,26.30898435828116,26.84983007045048,31.684076896396615,4650,5
229747848,74,0.84742346,0.8769615,1.9999831209133845,26.30906703651064,26.703929541183243,31.51190733046645,4957,5
229747848,75,0.84742346,0.8769615,1.9999813535105204,26.309090286087617,27.696954286993787,32.683723774880846,5157,4
229747848,76,0.84742346,0.8769615,1.999984193535056,26.309052926561396,27.077553675357194,31.95280158441353,5103,4
229747848,77,0.84742346,0.8769615,1.9999918734538369,26.30895190045606,28.06190285494813,33.11438044793819,4928,3
229747848,79,0.84742346,0.8769615,2.000007364258636,26.3087481277872,27.13481095373845,32.02036789698795,5252,4
229747848,80,0.84742346,0.8769615,2.0000112903289846,26.308696483080773,26.447393075703985,31.20918209616711,4721,6
229747848,82,0.84742346,0.8769615,2.000015247176634,26.308644433725654,25.85299335979198,30.507762152102774,4670,6
229747848,83,0.84742346,0.8769615,2.000014080258552,26.30865978363404,24.919613621381814,29.40632965410447,4799,9
229747848,84,0.84742346,0.8769615,2.000007795795682,26.3087424512096,25.750096618280168,30.38633910168143,4428,5
229747848,85,0.84742346,0.8769615,2.000000809348421,26.308834353493225,25.48888494137782,30.07809689547398,4375,6
229747848,86,0.84742346,0.8769615,1.9999932636710582,26.30893361281546,26.565164366511908,31.348157822432608,4885,22
230055368,22,1.4344555,1.02,1.9999924418516457,30.600115640106836,26.310991953050234,18.342145819825177,8777,2
230055368,49,1.4344555,1.02,1.9999615538836224,30.600588236888292,23.23706480629653,16.19922319395515,6737,2
230741378,41,0.71912603,0.456,2.0000251731835306,13.67982781759184,26.589277375583606,36.97443322359449,9251,2
230741378,55,0.71912603,0.456,1.9999970859498717,13.68001993213192,27.16254504017752,37.77160595921902,6232,3
231702397,1,5.07803,1.2100353,1.9999884686330915,36.30126830162201,27.88031215122669,5.490379566726997,9409,16
231702397,27,5.07803,1.2100353,2.0000393169902964,36.300345389836274,23.85177862950377,4.697053508841769,8225,2
231702397,28,5.07803,1.2100353,1.9999790026486153,36.30144011704695,22.819140788757522,4.493699483610282,6951,2
231702397,67,5.07803,1.2100353,2.0000487007928314,36.300175076346925,23.83942630139336,4.694621004876568,5009,4
231702397,68,5.07803,1.2100353,1.9999809658474987,36.301404483234464,23.988629107647284,4.724003030239539,4856,4
231702397,95,5.07803,1.2100353,1.999984974754625,36.301331718208246,23.724815204098377,4.672051012715241,4112,4
232038798,32,4.153658,1.9128,2.00003532183473,57.38298656381614,25.77266842231029,6.2048123418707775,9205,2
232038798,33,4.153658,1.9128,2.000003466018825,57.38390055316022,25.83893597761653,6.220766364880433,8731,2
232038798,34,4.153658,1.9128,1.999971611512592,57.384814534042405,24.87881787788001,5.9896163521118035,8431,2
232038798,61,4.153658,1.9128,1.9999667185766157,57.3849549264904,23.82044662071894,5.734811729978476,3930,4
232038798,88,4.153658,1.9128,1.999969394892105,57.38487813519344,27.77042663432303,6.685775919520343,4963,6
232038798,98,4.153658,1.9128,2.000027895992389,57.38319961935008,57.37307662960711,13.812662628845974,5082,12
232540264,14,15.923475568,4.4904,1.9999877473310335,134.71282529582697,26.849836299058097,1.686179388689228,7365,4
232540264,15,15.923475568,4.4904,2.00001203782449,134.71118918517388,26.044599977634107,1.6356102577237368,8886,3
232540264,16,15.923475568,4.4904,2.000032459545764,134.70981369031884,23.394824112532206,1.469203379163448,7434,2
232540264,20,15.923475568,4.4904,2.0000331962364726,134.7097640714084,26.3184548363256,1.6528084414696167,8838,2
232540264,21,15.923475568,4.4904,2.000006856105756,134.71153820172378,27.345913684858488,1.7173332271638706,9599,2
232540264,22,15.923475568,4.4904,1.9999812101013958,134.71326562430087,26.15389795217061,1.642474209884793,8664,2
232540264,26,15.923475568,4.4904,1.9999589358485537,134.71476597377603,24.86615868273543,1.5616037200262203,8499,2
232540264,40,15.923475568,4.4904,1.9999690851545893,134.714082332515,28.199577355005204,1.770943613068707,9882,2
232540264,41,15.923475568,4.4904,1.9999921471753623,134.71252893693313,26.58879898940313,1.6697861516386716,9251,2
232540264,47,15.923475568,4.4904,2.0000222539238166,134.71050108138584,26.435050509261146,1.6601306917181653,8959,2
232540264,49,15.923475568,4.4904,1.9999707746319473,134.7139685326561,23.334405100081767,1.4654090434235887,6807,2
232540264,53,15.923475568,4.4904,1.9999615021515638,134.7145931109939,24.981457728821624,1.568844541641691,8678,2
232540264,56,15.923475568,4.4904,2.0000270708987955,134.71017663722077,27.880941855561105,1.7509331889572504,5148,6
232540264,60,15.923475568,4.4904,2.0000353061186615,134.7096219630511,23.6795396531802,1.4870836176473228,4410,4
232540264,74,15.923475568,4.4904,2.0000202114897547,134.71063864865357,26.704469461512417,1.6770502989421496,4643,6
232540264,76,15.923475568,4.4904,1.9999710332922405,134.7139511098265,27.077421264308214,1.7004718064643696,4479,4
232540264,80,15.923475568,4.4904,1.9999626749631716,134.7145141121003,26.44675437785463,1.6608656988806094,4721,6
232540264,83,15.923475568,4.4904,2.0000299344974337,134.7099837621684,24.91980849933543,1.564972947828963,4799,9
232567319,50,5.051928,3.743,2.0000321105180774,112.28819718390722,26.23789127515647,5.1936391957994,5835,4
232567319,52,5.051928,3.743,1.9999715853191447,112.29159536492251,24.43992869959402,4.83774287749034,8385,2
232567319,78,5.051928,3.743,1.9999899436515989,112.29056461651996,18.04992884427793,3.572879273868893,4825,3
232567319,79,5.051928,3.743,1.999962959162076,112.29207969636208,27.134266888187085,5.3710715766707455,5252,6
232568235,23,0.3524728,0.578,2.000033165459172,17.339712460237173,25.4074367134383,72.08339682789226,7614,2
232568235,24,0.3524728,0.578,2.0000014568176994,17.339987369399747,26.484828401233926,75.14006300978097,9279,2
232568235,25,0.3524728,0.578,1.9999700890184613,17.34025933208838,25.671916530001454,72.83375207959722,8768,2
232568235,50,0.3524728,0.578,2.0000347927270923,17.33969835230368,26.237922884710315,74.4395677757555,5844,4
232568235,52,0.3524728,0.578,1.9999725898378529,17.34023764936282,24.439933645149722,69.33849546730903,8385,2
232568235,77,0.3524728,0.578,2.0000251561577898,17.339781898855257,28.06248647263419,79.61603412414857,4591,2
232976128,14,13.079151,3.1451019,1.999969306816638,94.3545050200618,25.394063868805006,1.9415682156131546,8679,3
232976128,15,13.079151,3.1451019,2.0000101938057924,94.35257609408164,24.32511746246678,1.8598391793524502,7640,2
232976128,21,13.079151,3.1451019,2.0000189247366507,94.35216420507,27.34610933396175,2.0908168530175812,9597,2
232976128,22,13.079151,3.1451019,1.9999766842011013,94.35415697127459,24.54413255213649,1.8765845391750955,7513,2
232976128,41,13.079151,3.1451019,1.9999762228690088,94.35417873583368,26.588618731685983,2.0329009682422035,9250,2
232976128,48,13.079151,3.1451019,2.000004477740731,94.35284575620972,25.79315645287761,1.9720818616497058,8171,2
232976128,49,13.079151,3.1451019,1.9999615532287862,94.35487082006566,22.400974798762036,1.7127239221232353,6135,3
232976128,75,13.079151,3.1451019,2.0000000438449206,94.3530549315489,27.69731755730936,2.117669377569642,5157,6
232976128,76,13.079151,3.1451019,1.9999618125439156,94.3548585860093,27.077314299465797,2.0702654399712794,5103,5
233087860,14,5.748433803,1.8879,1.999989258038113,56.63730419788154,26.84985857748734,4.67081286792846,6529,5
233087860,15,5.748433803,1.8879,1.9999815696064616,56.63752192590907,26.044215181747177,4.530662798648771,7581,3
233087860,16,5.748433803,1.8879,1.9999778128112666,56.63762831487442,23.823355455773253,4.144321092006016,7743,2
233087860,17,5.748433803,1.8879,1.9999778416240588,56.63762749892127,22.76781366226396,3.960698590698194,6926,2
233087860,18,5.748433803,1.8879,1.9999826861021575,56.637490307860624,23.267862467164377,4.047687294410752,7410,3
233087860,19,5.748433803,1.8879,1.9999907798774075,56.63726110124533,24.806836019607545,4.3154077910162805,8489,2
233087860,20,5.748433803,1.8879,2.00000101038313,56.63697138747979,26.31806994986755,4.578302691096946,8838,2
233087860,21,5.748433803,1.8879,2.0000111302215373,56.63668481057546,27.345980554023072,4.757118458901226,9545,2
233087860,22,5.748433803,1.8879,2.0000182378134923,56.6364835371882,26.094676524833176,4.539441075448212,8623,2
233087860,24,5.748433803,1.8879,2.000016585989215,56.636530313559525,26.48494667842965,4.607332638084421,9279,2
233087860,25,5.748433803,1.8879,2.000010783158359,56.63669463877639,25.672361166798055,4.465974915358707,8768,2
233087860,26,5.748433803,1.8879,2.000002787608537,56.63692105921768,24.866699212404228,4.325821617607697,8500,2
233087860,40,5.748433803,1.8879,1.9999964095040923,56.6371016776409,28.19995666959312,4.905676508769413,9882,2
233087860,41,5.748433803,1.8879,1.9999881251715124,56.63733627932716,26.58872833054147,4.6253865386194954,9251,2
233087860,47,5.748433803,1.8879,2.000005487498129,56.63684460271061,26.10561371754511,4.541343714164557,8722,2
233087860,48,5.748433803,1.8879,2.0000151633576024,56.63657059971331,25.586288139017597,4.45100161467713,8022,2
233087860,49,5.748433803,1.8879,2.000021085696062,56.63640289101129,23.953010925016315,4.166876012822081,7252,2
233087860,50,5.748433803,1.8879,2.0000216779953917,56.63638611834136,26.23775473965088,4.564331022818404,6064,4
233087860,51,5.748433803,1.8879,2.000017777463654,56.63649657337034,22.162683574169023,3.855429902072236,6112,3
233087860,52,5.748433803,1.8879,2.0000104766950244,56.63670331726608,24.440396755195252,4.25166186004269,5590,4
233087860,53,5.748433803,1.8879,2.0000016514677554,56.63695323294898,24.98196250105866,4.345872868540478,8678,2
233087860,54,5.748433803,1.8879,1.9999927915341686,56.63720413367539,26.229069287583116,4.562820097866423,6932,5
233087860,55,5.748433803,1.8879,1.9999852668115636,56.63741722487026,27.162292650886684,4.725164032803368,8069,4
233087860,56,5.748433803,1.8879,1.9999806148553034,56.63754896354096,27.880273154620227,4.8500642279415365,5148,5
233087860,57,5.748433803,1.8879,1.999979164393153,56.63759003927941,28.75942145543968,5.003001241908827,5254,5
233087860,58,5.748433803,1.8879,1.9999848555744393,56.63742887066274,26.685894251261743,4.642289563695571,4644,4
233087860,59,5.748433803,1.8879,1.9999933848157525,56.63718733271473,24.45406990416268,4.254040446877992,4596,4
233087860,60,5.748433803,1.8879,2.0000036231795093,56.63689739717694,23.104186682726777,4.019214185030561,4410,4
233087860,73,5.748433803,1.8879,1.9999987505434547,56.63703538275728,26.849929895948662,4.670825274518458,4650,5
233087860,75,5.748433803,1.8879,2.0000137489114422,56.636610654127864,27.6974028315326,4.818252028418217,5157,4
233087860,76,5.748433803,1.8879,2.000018852049834,56.63646614325892,27.078026753610175,4.710505101316233,5103,4
233087860,77,5.748433803,1.8879,2.000021113199182,56.63640211218063,28.062317091014847,4.881732668882722,4928,3
233087860,78,5.748433803,1.8879,2.0000155235175043,56.63656040068162,18.050137664348767,3.140009658792407,5326,3
233087860,79,5.748433803,1.8879,2.00000809309131,56.63677081672114,27.13483301886572,4.720387143486728,5252,4
233087860,80,5.748433803,1.8879,1.9999982161971275,56.6370505146667,26.447211941059322,4.60076828705186,4721,6
233087860,81,5.748433803,1.8879,1.999989604446455,56.63729438801323,26.623483514119016,4.631432565201449,4908,5
233087860,82,5.748433803,1.8879,1.9999830220331205,56.63748079463654,25.852561852244435,4.497322703577532,4945,4
233087860,83,5.748433803,1.8879,1.9999792449380038,56.63758775832262,24.919186168057877,4.334952270834713,4799,9
233087860,84,5.748433803,1.8879,1.999980479304213,56.63755280221918,25.749729027457306,4.479433861449183,4428,5
233087860,85,5.748433803,1.8879,1.99998572061304,56.63740437370673,25.48866634578144,4.43401928582345,4374,6
233087860,86,5.748433803,1.8879,1.999994132638676,56.6371661553591,26.5651408323979,4.621283247366274,4885,12
235678745,14,17.66484,2.7644951,2.000028652328183,82.93366487870824,26.850389505016665,1.5199905294934266,9245,2
235678745,15,17.66484,2.7644951,2.000032364267099,82.93351095884994,26.044878121122792,1.474390830662649,8026,4
235678745,16,17.66484,2.7644951,2.000030447234167,82.93359045077563,23.890639793998616,1.352440202911468,7791,2
235678745,17,17.66484,2.7644951,2.000020506493456,82.93400265720861,22.05301537286914,1.248412970220457,6412,2
235678745,18,17.66484,2.7644951,2.0000061973405536,82.93459601303242,23.007033442157535,1.302419577089718,7223,3
235678745,19,17.66484,2.7644951,1.9999909462057985,82.93522843924518,24.733233438522802,1.400139114677676,8436,2
235678745,20,17.66484,2.7644951,1.9999793015813339,82.93571131903764,26.317752644133634,1.4898381555753482,8838,2
235678745,21,17.66484,2.7644951,1.999967878946336,82.93618499882452,26.818996864659084,1.518213403838307,9277,2
235678745,22,17.66484,2.7644951,1.9999644462950528,82.93632734685595,25.046777320024376,1.4178887167970031,7872,2
235678745,23,17.66484,2.7644951,1.9999718506915087,82.93602029581018,23.692712526967625,1.3412356141899742,6283,2
235678745,24,17.66484,2.7644951,1.9999821776218596,82.93559205474145,26.484488955983352,1.4992770359642855,9279,2
235678745,26,17.66484,2.7644951,2.000012761418475,82.93432382019391,24.86682429822281,1.4077016433900793,8500,2
235678745,40,17.66484,2.7644951,2.000021722196834,82.93395224618254,28.20029561478168,1.5964082105913033,8388,3
235678745,41,17.66484,2.7644951,2.0000318773963954,82.93353114747657,26.589298284503002,1.5052102529376434,7638,3
235678745,47,17.66484,2.7644951,1.9999727155664004,82.93598443068011,25.171893376540993,1.4249714900639343,8050,2
235678745,48,17.66484,2.7644951,1.999966023795423,82.93626192970109,24.037084825554757,1.360730401495556,6907,2
235678745,49,17.66484,2.7644951,1.999966539806337,82.93624053133493,22.119068134118606,1.252152192384341,5932,2
235678745,50,17.66484,2.7644951,1.9999737724720035,82.93594060235203,26.237143089599158,1.4852748787760974,5307,4
235678745,51,17.66484,2.7644951,1.9999863440170884,82.93541928233425,24.57760243809389,1.3913289018238426,5431,4
235678745,52,17.66484,2.7644951,2.000000586704118,82.93482867089725,24.44028109028659,1.3835551915718787,8385,2
235678745,53,17.66484,2.7644951,2.0000149800034706,82.93423182245974,24.982125381809965,1.4142287947023557,8678,2
235678745,54,17.66484,2.7644951,2.000027072863304,82.93373037322716,26.22951062694483,1.4848428079136198,8945,4
235678745,55,17.66484,2.7644951,2.0000336729572155,82.93345669263053,27.162947181387153,1.537684302908328,7804,4
235678745,56,17.66484,2.7644951,2.0000326867739204,82.933497585757,27.881004561779264,1.5783332632381195,5148,4
235678745,57,17.66484,2.7644951,2.0000223102397285,82.93392786209388,28.760061360348573,1.628096340547017,5254,5
235678745,58,17.66484,2.7644951,2.000006944508641,82.93456503009826,27.10845661872645,1.5345996124916188,4648,4
235678745,59,17.66484,2.7644951,1.9999905362783466,82.93524543803905,24.234631040066688,1.3719134189761517,4596,4
235678745,60,17.66484,2.7644951,1.9999787289270898,82.93573506603373,22.399750348642556,1.2680415077998188,4410,4
235678745,73,17.66484,2.7644951,1.9999875201028772,82.93537051244593,26.849816562431442,1.5199580954274956,4650,5
235678745,74,17.66484,2.7644951,1.9999731890129624,82.93596479753857,26.70380534490141,1.511692454893529,4643,6
235678745,75,17.66484,2.7644951,1.999965970753692,82.93626412927996,27.69673824610163,1.5679020158745638,5157,4
235678745,76,17.66484,2.7644951,1.9999661089241272,82.93625839951302,27.07730629096568,1.5328362040621752,5103,4
235678745,77,17.66484,2.7644951,1.9999745648237877,82.93590774471392,28.06166742134519,1.5885605202959772,4928,3
235678745,78,17.66484,2.7644951,1.9999896018271102,82.93528418771183,18.04991004302883,1.0217986714303005,5326,3
235678745,79,17.66484,2.7644951,2.000003558350727,82.9347054446153,27.13476132902997,1.5360887123251594,5252,4
235678745,80,17.66484,2.7644951,2.000013302313164,82.93430139097543,26.447452604998944,1.4971804219567764,4721,5
235678745,81,17.66484,2.7644951,2.000024714798201,82.93382815358659,26.623985488430208,1.5071738826069303,4908,5
235678745,83,17.66484,2.7644951,2.000032491632737,82.93350567749596,24.91984097411705,1.4107028976269838,4799,9
235678745,84,17.66484,2.7644951,2.000024224325898,82.93384849171308,25.75030808645033,1.4577153309314055,4428,5
235678745,85,17.66484,2.7644951,2.000011400668882,82.93438024629594,25.489030171354443,1.4429244856649956,4375,6
237099296,14,11.3372712966,2.8857877,1.9999817136704223,86.574422564212,25.135883370034207,2.217101691618895,7945,3
237099296,16,11.3372712966,2.8857877,2.000016031015548,86.57293707394986,23.17379906849942,2.0440367406087514,7275,2
237099296,17,11.3372712966,2.8857877,2.0000288874143735,86.57238057388453,21.76837516804926,1.9200718231535574,6208,2
237099296,18,11.3372712966,2.8857877,2.0000371475180145,86.57202303210742,22.45736380667404,1.980843822041103,6855,3
237099296,19,11.3372712966,2.8857877,2.0000369209446944,86.57203283938172,24.383788963127472,2.1507634707868433,8186,2
237099296,20,11.3372712966,2.8857877,2.0000309331226163,86.57229202433781,26.31843493524275,2.3214082336669084,8838,2
237099296,21,11.3372712966,2.8857877,2.00001506938861,86.57297869907043,27.34600834174921,2.412044982106952,9599,2
237099296,22,11.3372712966,2.8857877,1.9999957965774229,86.57381295315997,26.08324456200762,2.3006633500805327,8615,2
237099296,23,11.3372712966,2.8857877,1.9999726481182734,86.57481499205008,25.067750513560895,2.211092057140646,7487,2
237099296,24,11.3372712966,2.8857877,1.999964157184877,86.57518254913117,26.484252017974313,2.3360340707306553,9279,2
237099296,25,11.3372712966,2.8857877,1.9999612657557009,86.57530771455964,25.671719975681754,2.26436496967137,8768,2
237099296,26,11.3372712966,2.8857877,1.9999651810212526,86.57513822894902,24.866231041318997,2.193317103452951,8499,2
237099296,40,11.3372712966,2.8857877,1.999971430777805,86.57486768831573,28.19959334406758,2.4873351449677767,9882,2
237099296,41,11.3372712966,2.8857877,1.9999862811528146,86.57422484928044,26.58870833120409,2.345247602849367,9251,2
237099296,47,11.3372712966,2.8857877,2.000024097287678,86.57258791772195,26.03922220237382,2.296780373438084,8674,2
237099296,48,11.3372712966,2.8857877,2.000006153466529,86.57336463684918,25.55704335303244,2.2542499587794893,8001,2
237099296,49,11.3372712966,2.8857877,1.9999875384382904,86.5741704246836,23.89430332293341,2.107588563228544,7210,2
237099296,50,11.3372712966,2.8857877,1.9999715925223427,86.57486068671031,26.237142018403574,2.314237820724285,6496,4
237099296,51,11.3372712966,2.8857877,1.9999644482595613,86.57516994898522,24.57871634993853,2.1679569719134784,6756,7
237099296,52,11.3372712966,2.8857877,1.9999627424112987,86.57524379241246,24.439802457713085,2.155704121241456,8385,2
237099296,53,11.3372712966,2.8857877,1.9999672025005566,86.57505072258894,24.981518924601914,2.203486030372561,8678,2
237099296,54,11.3372712966,2.8857877,1.9999775371252326,86.57460335723661,26.22887011313287,2.313508200249102,7017,5
237099296,55,11.3372712966,2.8857877,1.9999937325337669,86.57390229950465,27.16241890371066,2.3958515407368397,7621,3
237099296,56,11.3372712966,2.8857877,2.00001164819696,86.57312678958385,27.880729597134632,2.45920988108452,5148,6
237099296,57,11.3372712966,2.8857877,2.000028344555176,86.57240407185803,28.760125021252406,2.536776643060261,5254,5
237099296,58,11.3372712966,2.8857877,2.0000392141810153,86.57193357626294,26.847727089109867,2.36809426066759,4644,4
237099296,59,11.3372712966,2.8857877,2.0000394021190004,86.57192544134583,24.517133115622073,2.1625250445382442,4596,4
237099296,60,11.3372712966,2.8857877,2.0000318708480336,86.5722514344653,22.804506042833964,2.0114633800527413,4410,4
237099296,73,11.3372712966,2.8857877,2.0000377263932023,86.57199797538203,26.850471187206495,2.368336302868472,4650,5
237099296,74,11.3372712966,2.8857877,2.0000240665103775,86.5725892499412,26.704487942270134,2.355459902443959,4643,6
237099296,75,11.3372712966,2.8857877,2.000005745503586,86.57338229616079,27.697318481414186,2.4430321685713294,5157,4
237099296,76,11.3372712966,2.8857877,1.999987293529557,86.57418102613616,27.077621563155844,2.3883720213413526,3972,4
237099296,77,11.3372712966,2.8857877,1.9999729375558672,86.57480246287747,28.061657324004045,2.475168547163515,3830,3
237099296,78,11.3372712966,2.8857877,1.999963142843626,86.57522645832984,18.04965840589739,1.5920637280074972,5326,3
237099296,79,11.3372712966,2.8857877,1.9999620692397002,86.57527293296275,27.134197194473927,2.393362254867391,5252,4
237099296,80,11.3372712966,2.8857877,1.999965694412822,86.57511600509477,26.446796945640926,2.332730359338954,4721,6
237099296,81,11.3372712966,2.8857877,1.999978110761731,86.5745785257887,26.623352797174903,2.3483034057021404,4908,5
237099296,83,11.3372712966,2.8857877,2.000014175864635,86.57301737631231,24.919614517066748,2.1980257740273035,4799,9
237099296,84,11.3372712966,2.8857877,2.000028815382393,86.57238369182961,25.750355823658992,2.2713010167959387,4428,5
237099296,85,11.3372712966,2.8857877,2.000039905688027,86.57190364431062,25.48935465535169,2.248279501170254,4375,6
237104103,23,4.537143,4.029272,1.999970385004417,120.87994992959162,25.18716110429068,5.551326265072685,7497,2
237104103,24,4.537143,4.029272,1.9999640108289896,120.8803351915275,26.484242983257673,5.8372070228462425,9279,2
237104103,25,4.537143,4.029272,1.9999625020864187,120.88042638189107,25.671737369498715,5.658128335275902,8768,2
237104103,26,4.537143,4.029272,1.9999681559420424,120.88008465621085,24.866268568991245,5.480600582567321,8499,2
237104103,40,4.537143,4.029272,1.9999750356510049,120.87966884111968,28.19964679930581,6.215287197098661,9882,2
237104103,41,4.537143,4.029272,1.9999906397424638,120.87872572800173,26.58876673549048,5.860244373053809,9251,2
237104103,47,4.537143,4.029272,2.000019738698029,120.87696702302463,26.04333436428624,5.74002943356342,8677,2
237104103,48,4.537143,4.029272,2.0000016265839804,120.87806169084062,25.556985423720562,5.632836660365467,8001,2
237104103,49,4.537143,4.029272,1.999983681453159,120.87914628600538,23.89148101975161,5.265754467018476,7208,2
237104103,50,4.537143,4.029272,1.999969833632349,120.87998325500826,26.237113134190622,5.78273885883487,6537,4
237104103,51,4.537143,4.029272,1.9999645831558155,120.88030059938565,24.578713272233927,5.417222527972763,6756,7
237104103,52,4.537143,4.029272,1.9999642721086275,120.88031939946028,24.43982248638349,5.386610579914164,8385,2
237104103,53,4.537143,4.029272,1.9999702206405345,120.87995986388847,24.981558943300115,5.506010928749681,8678,2
237104103,54,4.537143,4.029272,1.9999813921458554,120.87928465204895,26.2289251229231,5.7809341964586745,6915,3
237104103,55,4.537143,4.029272,1.9999979234853527,120.8782855027652,27.162478023834865,5.986692071163475,7318,3
237104103,56,4.537143,4.029272,2.0000150009582285,120.87725336268576,27.88077886037354,6.145007741738256,5148,6
237104103,57,4.537143,4.029272,2.000030356211937,120.8763253263251,28.760151910950754,6.338824214037501,5254,5
237104103,59,4.537143,4.029272,2.0000366354361176,120.87594582850421,24.52127039493189,5.404561944583163,4596,4
237104103,60,4.537143,4.029272,2.000028349139029,120.87644662840458,22.966963806661624,5.061988085158793,4410,4
237104103,73,4.537143,4.029272,2.000034165394027,120.87609511029106,26.85043094996763,5.917915955033295,4650,5
237104103,74,4.537143,4.029272,2.000019540282665,120.87697901483118,26.70443158427406,5.885737254539709,4643,6
237104103,75,4.537143,4.029272,2.000001385604264,120.87807625541105,27.69725612028742,6.104558776368172,5013,4
237104103,76,4.537143,4.029272,1.9999838569492567,120.87913567901053,27.077570674002345,5.967978235202713,3977,4
237104103,77,4.537143,4.029272,1.999971212062519,120.87989994150111,28.061627117371245,6.184867242970134,3864,3
237104103,78,4.537143,4.029272,1.9999634522537235,120.88036895252714,18.049661048110465,3.978199727914783,5326,3
237104103,79,4.537143,4.029272,1.9999642393668182,120.88032137841584,27.134223855405253,5.9804647672346345,5252,4
237104103,80,4.537143,4.029272,1.9999691309931222,120.88002572317271,26.446843262757284,5.828964011660483,4721,6
237104103,81,4.537143,4.029272,1.9999821458623046,120.87923909728967,26.623410256867373,5.867879909640796,4908,5
237104103,82,4.537143,4.029272,2.0000005775364116,120.87812509424069,25.85279486289528,5.698033952841089,4670,6
237104103,83,4.537143,4.029272,2.0000176969188033,120.87709042397279,24.919657570479558,5.492367679502179,4799,9
237104103,84,4.537143,4.029272,2.000030910858186,120.87629180504298,25.750380685024084,5.67546155918473,4428,5
237104103,85,4.537143,4.029272,2.000039753766032,120.87575736671135,25.489354588227343,5.617930620266397,4375,6
237104103,86,4.537143,4.029272,2.000038905753172,120.87580861781272,26.565755515672663,5.855172630810327,4885,22
237157859,74,9.95661537,2.87,2.0000044535117922,86.09980827674427,26.704204683477656,2.682056471111594,4643,6
237157859,80,9.95661537,2.87,2.0000148097460624,86.09936244515303,26.447464845546165,2.656270616341602,4721,8
237157859,81,9.95661537,2.87,1.9999782783997944,86.10093512504507,26.623350843667595,2.673935856143009,4908,6
237158650,40,4.147020258,2.8969,2.0000128383617266,86.90644213182976,28.200109699454515,6.800089689712461,9882,2
237158650,41,4.147020258,2.8969,1.9999577839917038,86.90883447203854,26.588444823027658,6.411457665714556,9251,2
237158650,53,4.147020258,2.8969,2.000019504921511,86.90615245115882,24.982282117927753,6.024152418772137,8678,3
237158650,54,4.147020258,2.8969,1.9999953892693156,86.90720035284768,26.229017976598698,6.324786556323279,8945,4
237158650,74,4.147020258,2.8969,2.000005124064046,86.90677734205343,26.704213165963665,6.439373695956434,4643,6
237158650,80,4.147020258,2.8969,2.0000161495408975,86.90629825159107,26.44746449955983,6.377462094268801,4721,6
237158650,81,4.147020258,2.8969,1.9999776085023768,86.90797299983542,26.62333776231071,6.419871644212911,4908,6
237159318,74,15.37563332,3.2673,2.0000057939614635,98.01871604166828,26.70422052923277,1.7367883308258272,4643,6
237159318,80,15.37563332,3.2673,2.00001615085057,98.01820846128102,26.447464228079298,1.7200894218566924,4721,6
237159318,81,15.37563332,3.2673,1.9999766026739962,98.0201467046637,26.623326387835277,1.7315271399718368,4908,6
237189544,40,0.727330983,0.9332,2.000013507931726,27.99581091724876,28.200117694858818,38.772056125730614,9882,2
237189544,41,0.727330983,0.9332,1.9999591250962112,27.99657217859711,26.58846116750601,36.55620589382484,9251,2
237189544,53,0.727330983,0.9332,2.0000198401976377,27.995722279668485,24.982284643441744,34.347890062923035,8678,3
237189544,54,0.727330983,0.9332,1.9999962271322147,27.99605281270289,26.229029727328452,36.06202724809326,8945,4
237189544,74,0.727330983,0.9332,2.00000445220212,27.995937678213462,26.704202269489542,36.715337162378994,4643,6
237189544,80,0.727330983,0.9332,2.00001547964348,27.99578331762765,26.447469398782232,36.362357739381814,4721,7
237189544,81,0.727330983,0.9332,1.9999782790546305,27.996304053095443,26.623351586397348,36.60417637728675,4908,6
237191392,40,0.539915238,1.139,2.000013843207853,34.16976349043086,28.20011921803689,52.2306414660534,9882,2
237191392,41,0.539915238,1.139,1.9999577826820314,34.17072129810313,26.5884446030027,49.24559029208711,9251,2
237191392,53,0.539915238,1.139,2.0000205114047276,34.169649566244175,24.982294074479796,46.27077051394463,8678,3
237191392,54,0.539915238,1.139,1.999996058511897,34.17006734045695,26.22902285346936,48.57988996685691,8945,4
237191392,74,0.539915238,1.139,2.000004788133083,34.16991819494213,26.70420658011608,49.45999797863842,4643,6
237191392,80,0.539915238,1.139,2.0000168220576597,34.16971259756224,26.44747557624487,48.98449555566141,4721,6
237191392,81,0.539915238,1.139,1.999977609157213,34.17038255183185,26.623340688759072,49.31022281826962,4908,6
237232044,14,23.540678,4.260461,2.000038541664253,127.8113669686033,26.850521579232463,1.1406010302350877,9245,2
237232044,16,23.540678,4.260461,2.000035225901229,127.81157886097358,22.039284516926955,0.9362213151603771,6459,2
237232044,17,23.540678,4.260461,2.0000217627966776,127.81243922193617,22.771091793708592,0.9673082395379008,6928,2
237232044,18,23.540678,4.260461,2.0000030131996027,127.81363743599924,23.48755092246074,0.9977431798039437,7568,3
237232044,19,23.540678,4.260461,1.999984073372616,127.81484782972778,25.06369620505484,1.0646972956792,8673,2
237232044,20,23.540678,4.260461,1.9999695772639825,127.81577425277949,26.317624069231442,1.1179637251412828,8838,2
237232044,23,23.540678,4.260461,1.9999678694512113,127.81588339723875,24.600983954741878,1.0450414365610827,6961,2
237232044,24,23.540678,4.260461,1.9999831841050764,127.81490466100324,26.4844991528596,1.1250525219732244,9279,2
237232044,25,23.540678,4.260461,2.0000034476834117,127.81360966956909,25.672260370803542,1.0905488945901873,7832,4
237232044,26,23.540678,4.260461,2.000021395760996,127.81246267754814,24.022477765828853,1.0204666902894153,7942,3
237232044,40,23.540678,4.260461,2.000031108618714,127.81184197507045,28.20042868913606,1.1979446254324562,7965,3
237232044,47,23.540678,4.260461,1.9999629087396897,127.81620043198106,25.828699737371608,1.0971943857085003,8523,2
237232044,49,23.540678,4.260461,1.9999588291102555,127.81646115871496,23.12591604791578,0.9823810532524077,6657,2
237232044,50,23.540678,4.260461,1.9999703358917031,127.81572576976565,26.237106130120992,1.1145433504557938,5960,4
237232044,52,23.540678,4.260461,2.000005951122148,127.8134496832744,24.440350739361747,1.038217792170716,8385,2
237232044,53,23.540678,4.260461,2.0000252039608313,127.81221931291535,24.982232418771673,1.0612367417273059,6410,3
237232044,54,23.540678,4.260461,2.0000367965258192,127.81147849081587,26.22964001876244,1.114226192583002,8945,4
237232044,57,23.540678,4.260461,2.0000232322490774,127.81234531587924,28.760089993395468,1.221718847409385,5254,5
237232044,58,23.540678,4.260461,2.0000032558164094,127.81362193115619,27.71814124480261,1.1774572187259267,5087,4
237232044,59,23.540678,4.260461,1.9999828236177564,127.81492769902731,24.894261901064056,1.057499784036129,4596,4
237232044,60,23.540678,4.260461,1.999969172902638,127.81580009505697,22.605193240998233,0.9602609254074259,4410,4
237232044,73,23.540678,4.260461,1.999980980908731,127.81504546300762,26.849704808495517,1.1405663340918013,4650,5
237232044,74,23.540678,4.260461,1.9999627103243256,127.81621311256646,26.70367032894319,1.134362839037312,4643,6
237232044,76,23.540678,4.260461,1.9999589207873214,127.81645529967555,27.07721204720292,1.1502307642627336,5103,4
237232044,77,23.540678,4.260461,1.9999708774412284,127.81569115998889,28.061629606039787,1.1920484875601198,4928,3
237232044,78,23.540678,4.260461,1.9999906443263171,127.81442789503969,17.224940343804974,0.7317096110742849,4936,3
237232044,79,23.540678,4.260461,2.0000066098873504,127.81340758388701,27.13484734953363,1.152679092315592,5252,6
237232044,80,23.540678,4.260461,2.000024894878152,127.8122390649411,26.44757225509511,1.1234838799075844,4721,6
237232044,84,23.540678,4.260461,2.0000248654105235,127.81224094807946,25.75033558217774,1.09386550303172,4451,5
237232044,85,23.540678,4.260461,2.00001064564276,127.81314967343427,25.489000267576102,1.082764067694911,4375,6
237232044,86,23.540678,4.260461,1.9999938693945296,127.81422178928366,26.565128642957006,1.1284776353067234,4733,21
237320326,28,1.7771255,1.60368,1.9999870505853323,48.1107115027766,21.659619214100076,12.188007664118306,6002,2
237320326,68,1.7771255,1.60368,1.9999960532732075,48.11049493948969,24.172152186405583,13.601826199897298,4987,4
237913194,28,15.168865,2.0633315,2.0000303005508613,61.89900721299183,23.779506257190405,1.5676523099909192,7685,2
237913194,29,15.168865,2.0633315,1.999987728340784,61.900324809845706,24.612327511636522,1.622555643526165,7823,2
237913194,68,15.168865,2.0633315,2.0000329349568347,61.89892568077729,24.474009406008918,1.613437090119064,4962,4
237913194,69,15.168865,2.0633315,1.9999890150938882,61.90028498440942,24.04014879011902,1.5848350413903096,4355,10
237913194,95,15.168865,2.0633315,2.0000379608245566,61.8987701358233,23.75182457498522,1.565827408641663,4062,4
237913194,96,15.168865,2.0633315,1.9999960323184496,61.900067799878485,24.0957784622733,1.5885024002964825,4264,5
237922465,28,8.275479,3.755,2.0000363348663086,112.64795347583525,23.674040582662656,2.8607456538361893,7452,2
237922465,29,8.275479,3.755,2.0000179031922016,112.64899161172592,23.534926792875467,2.843935292793984,6877,2
237922465,30,8.275479,3.755,1.9999922349234112,112.65043736963696,25.67767505638949,3.102862693070635,8150,2
237922465,31,8.275479,3.755,1.9999675980216125,112.65182507100063,25.42876170927184,3.072784271372308,8765,2
237922465,38,8.275479,3.755,2.000037835096009,112.64786897853098,23.43930660533897,2.832380651964553,6762,2
237922465,62,8.275479,3.755,1.9999742793152109,112.65144873620198,23.84549809222699,2.881464395260623,4406,4
237922465,65,8.275479,3.755,2.000038131736801,112.647852270873,26.501892800475616,3.202460280604375,5205,6
237922465,69,8.275479,3.755,2.000018519393052,112.64895690484508,23.482165528023415,2.8375596781797663,4382,10
237922465,95,8.275479,3.755,2.0000413142406614,112.64767302346337,23.651856276313083,2.858064926068096,4054,4
237922465,96,8.275479,3.755,2.0000227057607844,112.64872111254286,24.051648533768457,2.9063753933480414,4233,6
237922465,97,8.275479,3.755,1.9999861462565605,112.65078031750438,51.79824311759603,6.259244101470866,4928,8
239154970,20,3.47447,4.4136,2.0000092256304924,132.40738922917623,26.318205563647552,7.57473961889081,8795,2
239154970,44,3.47447,4.4136,2.000190561884665,132.39538524293357,24.18561625278835,6.9609512394087005,8241,2
239154970,45,3.47447,4.4136,2.0001513260649517,132.3979823671604,24.39074089579799,7.019988917963888,8447,2
239154970,46,3.47447,4.4136,2.0000782267015893,132.402821282005,25.994080952726108,7.481452121539719,8566,2
239154970,47,3.47447,4.4136,1.9999810149602126,132.4092568975052,25.99702333633695,7.48229897979748,8644,2
239154970,60,3.47447,4.4136,2.000015861412976,132.40694991934322,23.70155240067379,6.821631040323787,4410,4
239225129,74,24.81209946,3.2245,1.999968914897181,96.73650353207931,26.703747557528914,1.0762389374014267,4643,5
239225129,75,24.81209946,3.2245,2.0000181494106073,96.73412216634853,27.697448741544576,1.1162879943390562,5157,6
239225129,81,24.81209946,3.2245,2.000013482393115,96.73434789474699,26.623764587213827,1.073015390339477,4934,4
239225129,82,24.81209946,3.2245,1.9999688939424232,96.73650454564009,25.852361954593107,1.0419256136011437,4945,4
239287622,75,40.5286413,10.526,2.0000000438449206,315.7799930773256,27.697215155132653,0.6833985612819607,5157,4
239287622,81,40.5286413,10.526,2.0000218649511226,315.77654778060855,26.623932242041064,0.6569164765471934,4908,6
239287622,82,40.5286413,10.526,1.9999856564390939,315.78226472107355,25.852593073233038,0.6378845242273897,4945,4
239289191,74,5.11177904,2.96,1.9999585213372484,88.8018416908216,26.703614737425596,5.223937601462835,4643,5
239289191,75,5.11177904,2.96,2.0000010503281374,88.7999533654552,27.697229508676173,5.418315089901886,5157,4
239289191,81,5.11177904,2.96,2.0000215296749957,88.79904409272038,26.62392611929363,5.208348387314806,4908,6
239289191,82,5.11177904,2.96,1.9999843179539312,88.80069628830506,25.852576815600514,5.0574519386112815,4945,4
239309962,81,16.34359932,5.3072,2.0000222002272494,159.2142327039263,26.62393433123043,1.6290129126360906,4908,7
239309962,82,16.34359932,5.3072,1.9999856584036024,159.21714171399302,25.85259448069428,1.58181768743302,4945,4
240681314,17,2.7325321,2.2344,2.0000118731331895,67.0316020624304,22.56406582527279,8.257566608374992,6780,2
240681314,57,2.7325321,2.2344,2.000024573353585,67.03117640960043,28.76009868857227,10.52507258325429,5254,5
240681314,84,2.7325321,2.2344,2.0000218584027607,67.03126740177979,25.750363435824056,9.423627058516187,4451,5
240968774,17,5.97114713,1.5784,2.0000313194759656,47.35125849169887,21.95453007249671,3.676769236214869,6342,2
240968774,18,5.97114713,1.5784,1.9999636172724422,47.35286141312794,23.395373485092932,3.9180701757541403,7502,3
240968774,58,5.97114713,1.5784,1.9999655372521374,47.35281595407841,27.717593461586148,4.641921034289796,4644,5
240968774,85,5.97114713,1.5784,1.9999776281474624,47.352529681905665,25.488582961604607,4.268624169976633,4375,5
242961495,5,5.605,2.68,1.9999763816667837,80.40094946820773,25.623300256926314,4.571507628354382,8724,2
242961495,32,5.605,2.68,1.9999575390829705,80.40170696510424,25.996642328173948,4.638116383260294,9330,2
242961495,42,5.605,2.68,2.0001905101526063,80.39234222130753,23.852265817717125,4.25553359816541,7410,2
242961495,43,5.605,2.68,2.000157367583597,80.39367432086782,24.396340715260067,4.352603160617318,8184,2
242961495,44,5.605,2.68,2.0000916541175684,80.39631567331561,24.25108988998545,4.326688651201686,8070,2
242961495,70,5.605,2.68,2.000148945080582,80.3940128536386,23.97815562547703,4.277993867168069,3979,4
242961495,71,5.605,2.68,2.000074889656389,80.396989548539,23.64533625265676,4.218614853283989,4185,4
243014114,42,19.562307,5.808,2.000192481209524,174.22323265072612,23.852290514936612,1.2192984454715188,7410,2
243014114,43,19.562307,5.808,2.0001623980351724,174.2258530318957,24.404737126890268,1.2475388064858746,8190,2
243014114,44,19.562307,5.808,2.000099029537523,174.2313729738562,24.251176677607873,1.2396889936144992,8070,2
243014114,71,19.562307,5.808,2.000082936283434,174.2327748905991,23.97599953476174,1.225622291622442,4195,4
243200602,11,11.55098,3.72,1.9999770211143186,111.60128223655322,24.462216555797113,2.117761138517867,7222,2
243200602,37,11.55098,3.72,2.0000319651444443,111.59821637344696,24.4852011462699,2.119750977516185,8096,2
243200602,64,11.55098,3.72,2.0000352982606273,111.59803039181888,24.69898113184263,2.1382584968411886,4969,4
243200602,101,11.55098,3.72,2.000123433972476,111.5931128093925,24.069529803602563,2.083765170020428,4161,4
243271051,40,12.98495573,3.4569,2.0000116652227007,103.70639512090273,28.200255063658005,2.17176366635622,9729,3
243271051,41,12.98495573,3.4569,1.9999825937702553,103.70790258178934,26.588744123327615,2.047657664469189,9251,2
243271051,53,12.98495573,3.4569,2.000025708184694,103.70566695778002,24.98232704772272,1.9239439523081625,5691,4
243271051,54,12.98495573,3.4569,1.9999989103234839,103.70705650357202,26.229232624798897,2.019970893254551,6553,6
243271051,55,12.98495573,3.4569,1.999971102704876,103.70849844754325,27.16218814910144,2.0918198501321683,8042,3
243271051,74,12.98495573,3.4569,1.9999902036215644,103.7075079789974,26.70401429215599,2.0565348736969464,4643,6
243271051,75,12.98495573,3.4569,2.0000204963434953,103.7059372037443,27.697472720306905,2.133043292270578,5157,6
243271051,80,12.98495573,3.4569,2.000027578396839,103.7055699833183,26.447553029686787,2.036784227810901,4721,6
243271051,81,12.98495573,3.4569,1.9999958797416184,103.70721365025814,26.623590634201264,2.05034127091331,4908,5
243271051,82,12.98495573,3.4569,1.9999705713053118,103.70852600327417,25.852415327758536,1.9909513644339962,4944,4
243271716,40,4.385315,2.488,2.0000114975846373,74.63957091260808,28.200254181229866,6.430610841234863,9729,4
243271716,41,4.385315,2.488,1.999981253320584,74.6406996326337,26.58873037037074,6.063128958893658,9251,2
243271716,53,4.385315,2.488,2.00002570883953,74.6390405584418,24.982332205037892,5.696815896928245,5727,4
243271716,54,4.385315,2.488,1.9999982397712301,74.64006569179551,26.229225792732905,5.981149767515652,7049,6
243271716,55,4.385315,2.488,1.9999695939623052,74.6411347705787,27.16216926281095,6.193892402897157,8393,5
243271716,74,4.385315,2.488,1.9999907052260824,74.6403468825747,26.704019380902537,6.0894187489159926,4643,6
243271716,75,4.385315,2.488,2.0000204969983315,74.63923505986176,27.697490974345783,6.315963841672898,5157,6
243271716,80,4.385315,2.488,2.0000274107587757,74.63897704450248,26.447555669520625,6.030936356800053,4721,7
243271716,81,4.385315,2.488,1.9999952091893647,74.6401787934812,26.623580884534476,6.071076053723501,4908,5
243271716,82,4.385315,2.488,1.9999692298733862,74.6411483587928,25.852395617829643,5.895219754528385,4944,4
243272677,40,29.88485741,4.5608,2.0000109940156108,136.82324788153844,28.200252779822222,0.9436301600149486,9729,3
243272677,41,29.88485741,4.5608,1.999979574320605,136.82539737584995,26.58870998453449,0.8897050977943579,9251,2
243272677,53,29.88485741,4.5608,2.0000258764775936,136.82222976131865,24.982339733151093,0.8359531180092418,5781,4
243272677,54,29.88485741,4.5608,2.0000091336260084,136.8233751532311,26.229215616520378,0.8776757826438089,8944,4
243272677,55,29.88485741,4.5608,1.999967246374581,136.82624077771897,27.162141306835565,0.9088931204920735,8443,4
243272677,74,29.88485741,4.5608,1.9999915440712357,136.82457848944446,26.70402698910948,0.8935638080097997,4643,6
243272677,75,29.88485741,4.5608,2.000022509309929,136.82246011042008,27.697518004702943,0.9268077683862351,5157,6
243272677,80,29.88485741,4.5608,2.000025036977604,136.82228719172994,26.447559474439004,0.884981952953511,4721,5
243272677,82,29.88485741,4.5608,1.9999672162521165,136.82624283852454,25.852366453346804,0.8650657454599783,4944,4
244089109,81,2.13775,2.292,1.9999977244151523,68.76007823469607,26.623635560387356,12.454045403058055,4908,6
245509452,58,3.246075,3.482,2.000012475255062,104.45934842149244,27.718242243243367,8.539002408522098,5123,4
245509452,85,3.246075,3.482,2.0000285914284177,104.45850669104166,25.48918125021146,7.852308172242311,4375,5
246965431,58,4.07853,1.561,1.9999648647353752,46.8308227066742,27.71756627069226,6.795969692681496,5087,6
246965431,70,4.07853,1.561,2.0000983196950983,46.827697957507326,24.18311933691757,5.9293714492519545,4178,4
246965431,71,4.07853,1.561,2.0000125296064653,46.829706621102574,24.159877228585174,5.923672800882959,4150,4
248075138,10,4.9816819,2.89032,2.000030660383345,86.70827074558987,24.311511310678952,4.880181392288206,7473,2
248075138,37,4.9816819,2.89032,2.0000091657129815,86.70920262416794,24.16684215866144,4.851141169543852,7741,2
248075138,64,4.9816819,2.89032,2.000006464513717,86.70931973320658,26.916717209899616,5.403138488208092,5040,4
248075138,101,4.9816819,2.89032,2.000102312886156,86.7051644721891,23.803979603026164,4.778301802655478,4013,4
248250955,12,0.30110032,0.6404841,2.00004139347584,19.21412533028368,24.469884114286742,81.26821025725494,7334,2
248250955,39,0.30110032,0.6404841,2.000033286603866,19.214203212214535,27.776687481165936,92.25060764188473,9413,3
248250955,66,0.30110032,0.6404841,2.0000171782885445,19.21435796510734,23.99178731574102,79.68037800737316,5194,5
250111245,70,2.930289,1.94,1.999946774885757,58.20154889204445,24.136865662856508,8.237025652710878,4224,4
250111245,92,2.930289,1.94,2.000167885889823,58.19511493067325,24.884106902645726,8.492031640102981,3872,6
250707118,58,5.72319,3.8928,1.99999705189839,116.78417214580296,27.71802306392601,4.843107264292469,5087,4
250707118,85,5.72319,3.8928,2.0000124981743284,116.78327021116513,25.488982676406067,4.453632096157225,4375,5
251018878,92,19.5666,5.12,2.0001905540266307,153.58536684495806,24.80237922479955,1.267587584189361,4175,4
256364928,41,2.21857567,1.8233621,1.9999768934212625,54.70149498220043,26.588675126061844,11.984569868676981,9251,2
256364928,54,2.21857567,1.8233621,2.000016511665308,54.70041140255736,26.22945140504453,11.822653497793262,5208,6
256364928,81,2.21857567,1.8233621,2.0000044292828534,54.70074185747101,26.623698399515433,12.000356246363882,4934,5
257060897,40,3.66003639,4.74168,1.9999712637945777,142.25244389772482,28.199609408334254,7.704734708480386,9882,2
257060897,41,3.66003639,4.74168,1.9999948306940496,142.25076766886986,26.588837451744894,7.26463745671799,7259,4
257060897,47,3.66003639,4.74168,2.0000195717148017,142.24900797149257,26.430849783402664,7.221471856295577,8956,2
257060897,48,3.66003639,4.74168,1.9999934136285447,142.25086845852974,25.551330555787445,6.981168445646914,7997,2
257060897,49,3.66003639,4.74168,1.9999680924229324,142.25266946900706,23.334373022887576,6.375448366208068,6807,2
257060897,53,3.66003639,4.74168,1.999963178532198,142.2530189824791,24.98148015885272,6.82547316390281,8678,2
257060897,56,3.66003639,4.74168,2.000028076727176,142.24840306519795,27.880978617540677,7.617677980939604,5148,6
257060897,60,3.66003639,4.74168,2.0000321206680383,142.2481154477523,23.180892639177728,6.333514252074889,4410,4
257060897,74,3.66003639,4.74168,2.0000173616426764,142.2491651604117,26.704434540757575,7.296221046796088,4643,6
257060897,75,3.66003639,4.74168,1.9999913273204584,142.25101684874178,27.69714926277993,7.567451880657375,5157,4
257060897,76,3.66003639,4.74168,1.999968518721289,142.25263914749019,27.077383894524246,7.398118764202846,4463,4
257060897,80,3.66003639,4.74168,1.9999645477946615,142.25292158989308,26.446781240690143,7.225824670199561,4721,6
257060897,83,3.66003639,4.74168,2.0000326160516124,142.24808021463696,24.919840892247976,6.808632001674709,4799,9
257605131,4,1.8587033,2.059,2.000013610086171,61.76957965534908,25.580753906360087,13.762688163495534,8530,3
257605131,5,1.8587033,2.059,1.999965316572343,61.77107121623992,25.53566956435361,13.738432359997216,8715,2
257605131,31,1.8587033,2.059,2.0000098434684332,61.76969598597372,25.42929241505908,13.681200444987148,8778,2
258202719,40,4.069427,2.067,2.000012167482055,62.00962274951399,28.20010147121957,6.929747473346878,9882,2
258202719,41,4.069427,2.067,1.9999577839917038,62.01130893496624,26.58844453059237,6.533707210030397,9251,2
258202719,53,4.069427,2.067,2.000018833714421,62.009416066183206,24.982272001901947,6.139014657813482,8678,3
258202719,54,4.069427,2.067,1.9999950533383526,62.01015337162372,26.229013537216815,6.445382491740683,8945,4
258202719,74,4.069427,2.067,2.000005459995009,62.0098307133169,26.704219015600756,6.562157034786655,4643,6
258202719,80,4.069427,2.067,2.0000151450221892,62.00953043214284,26.447455053853446,6.499061183270629,4721,6
258202719,81,4.069427,2.067,1.999976937950123,62.01071504710166,26.623334901054932,6.54228098969583,4908,6
258514800,15,0.4702743,1.282804,2.0000386912943213,38.48337551419576,26.04493317868696,55.38242931558659,6516,3
258514800,16,0.4702743,1.282804,2.0000220663132495,38.48369540336112,21.93637478148503,46.645914483281416,6386,2
258514800,17,0.4702743,1.282804,2.0000041608000174,38.48403993780298,23.051446729273948,49.01702416924325,7131,2
258514800,18,0.4702743,1.282804,1.9999832302710274,38.484442686836765,23.647039155866878,50.28350295958524,7682,3
258514800,19,0.4702743,1.282804,1.9999660522807972,38.48477323513769,24.832920325545274,52.80518268922047,8508,2
258514800,22,0.4702743,1.282804,1.999963358612149,38.484825068700864,26.009245407456092,55.306542176461896,8562,2
258514800,24,0.4702743,1.282804,2.0000031333620427,38.484059707754035,26.4847458973461,56.3176552436442,7068,4
258514800,25,0.4702743,1.282804,2.0000218885252252,38.48369882429377,25.029442271130847,53.22307060183992,8768,2
258514800,26,0.4702743,1.282804,2.000036050667404,38.483426323398525,24.86711579677535,52.877896573925796,8500,2
258514800,49,0.4702743,1.282804,1.9999675881990697,38.48474367992551,23.12602616755521,49.17561127102887,6657,2
258514800,52,0.4702743,1.282804,2.0000259000516962,38.483621636105084,24.440576185141254,51.97089482700044,6272,3
258514800,56,0.4702743,1.282804,2.000025898742024,38.48362166130523,27.88095325611357,59.28657648549702,5148,4
258514800,57,0.4702743,1.282804,2.0000051266833907,38.484021352303465,28.759849269560164,61.155477281153075,5254,5
258514800,58,0.4702743,1.282804,1.9999843127152417,38.484421858042225,27.503981026444308,58.48497573957222,4933,4
258514800,59,0.4702743,1.282804,1.9999659753375454,38.48477471573467,24.23432602749972,51.53232066370567,4596,4
258514800,60,0.4702743,1.282804,1.9999569772335235,38.48494786446242,22.605056416644402,48.067811523284185,4410,4
258514800,73,0.4702743,1.282804,1.9999631281098118,38.4848295042037,26.84948806813736,57.093249765376,4650,5
258514800,76,0.4702743,1.282804,1.9999671763071092,38.48475160583385,27.07733234663465,57.57774206805401,5103,4
258514800,77,0.4702743,1.282804,1.9999861318501644,38.484386853621615,28.061852757447923,59.671244542701835,3856,5
258514800,78,0.4702743,1.282804,2.0000094662827905,38.483937850080714,17.95983307062079,38.19012238308746,3743,3
258514800,79,0.4702743,1.282804,2.0000277322833426,38.483586381139226,27.135091272520185,57.70056172008589,5252,4
258514800,84,0.4702743,1.282804,2.0000060899474192,38.484002817223185,25.750121592073356,54.75553648598989,4653,4
258514800,85,0.4702743,1.282804,1.9999910405022092,38.48429239996637,25.48875110723884,54.19975343589655,4375,6
258514800,86,0.4702743,1.282804,1.9999740881030448,38.48461860473583,26.564882673854754,56.48805957258297,4733,21
260004324,1,3.814334,1.3793952,2.000023757427698,41.381364442613105,27.880908002795195,7.309508816688626,9411,16
260004324,2,3.814334,1.3793952,2.000036091922084,41.38110923811482,27.40604140215555,7.185013531105444,9226,3
260004324,3,3.814334,1.3793952,2.000038969108573,41.38104970869052,20.278160413055957,5.316304343839831,6814,2
260004324,4,3.814334,1.3793952,2.0000329732647515,41.38117376380088,25.522617024735155,6.691238109912544,8488,3
260004324,5,3.814334,1.3793952,2.0000181353316293,41.381480766561495,25.522440458949177,6.691191819843039,8668,2
260004324,7,3.814334,1.3793952,1.999982571178407,41.38221662163531,24.367837115570865,6.388490655399046,8109,2
260004324,8,3.814334,1.3793952,1.9999674768769182,41.38252894454115,23.996843267947042,6.2912275820489345,7894,2
260004324,9,3.814334,1.3793952,1.999961418005114,41.38265431267853,24.020366189341985,6.297394562023667,7959,2
260004324,10,3.814334,1.3793952,1.9999619929512846,41.38264241605314,23.584272145016712,6.183064237430889,6950,2
260004324,11,3.814334,1.3793952,1.9999695605656598,41.38248582973012,22.88161435708571,5.998849171856924,6185,2
260004324,12,3.814334,1.3793952,1.9999874151653785,41.38211639354555,24.46372621256114,6.413629800788589,7000,4
260004324,13,3.814334,1.3793952,2.00000534998253,41.38174530419278,28.43617403137432,7.455082337145703,9728,4
260004324,27,3.814334,1.3793952,2.000012829521438,41.38159054699847,24.362664425207186,6.38713453651599,8521,2
260004324,28,3.814334,1.3793952,2.0000281206012005,41.38127416684599,23.689211493238872,6.2105760778261345,6988,3
260004324,29,3.814334,1.3793952,2.000036343379179,41.381104035422595,23.558758932946603,6.176375465008204,6843,2
260004324,30,3.814334,1.3793952,2.0000372247886844,41.3810857989128,25.82547903663226,6.770639130352051,8255,2
260004324,31,3.814334,1.3793952,2.0000295409408864,41.38124477954708,25.42954186463021,6.666836691446058,8665,2
260004324,32,3.814334,1.3793952,2.00001302662713,41.381586468751514,25.795999208413377,6.762910434275912,9216,2
260004324,33,3.814334,1.3793952,1.9999942452705,41.38197507103636,25.838818182423893,6.774136240408914,8731,2
260004324,34,3.814334,1.3793952,1.9999768082925584,41.3823358635133,24.944161954680567,6.539585142433926,8478,2
260004324,35,3.814334,1.3793952,1.9999634948180756,41.382611339877734,24.121802217719505,6.323987940678374,7374,3
260004324,36,3.814334,1.3793952,1.999959269160172,41.38269877603775,23.87035713235855,6.258066842693521,7742,2
260004324,37,3.814334,1.3793952,1.9999622264003847,41.38263758559159,23.37873269361853,6.129178172026501,7105,2
260004324,38,3.814334,1.3793952,1.999974972131895,41.38237385629738,26.695478728084254,6.998726049707302,9533,2
260004324,39,3.814334,1.3793952,1.9999928864854155,41.382003185741596,27.94568759466938,7.326492015295299,9924,2
260004324,61,3.814334,1.3793952,1.9999736762110842,41.38240067079004,23.931644290746135,6.274134433624883,3945,4
260004324,62,3.814334,1.3793952,1.9999625027412549,41.382631867627346,24.53427937369088,6.432126650075971,4602,4
260004324,64,3.814334,1.3793952,1.999964135902701,41.38259807476192,26.91618802344874,7.056589177415701,5040,4
260004324,65,3.814334,1.3793952,1.9999772784649394,41.38232613498708,21.51362487395636,5.6402047838381115,5205,3
260004324,66,3.814334,1.3793952,1.9999960565473884,41.381937593854936,22.43602467233677,5.882029385034653,5192,5
260004324,67,3.814334,1.3793952,2.000013663127902,41.38157329913562,22.88762298255142,6.000424446981156,5009,4
260004324,68,3.814334,1.3793952,2.000027400936233,41.381289056968654,22.87391164471046,5.996829759719642,4890,4
260004324,69,3.814334,1.3793952,2.0000357442040695,41.38111643246481,23.360138271873893,6.124303291708039,4348,10
260004324,87,3.814334,1.3793952,1.9999920234113233,41.38202104368024,23.788799989443305,6.236685090881738,4829,5
260004324,88,3.814334,1.3793952,1.9999764376552776,41.382343532521865,27.7705115813028,7.280566301037822,4963,6
260004324,89,3.814334,1.3793952,1.9999650624959031,41.38257890200996,28.80504231031682,7.551788152352893,5333,4
260004324,93,3.814334,1.3793952,1.9999948909389786,41.38196171148378,23.87215099748346,6.258537138458105,4210,4
260004324,94,3.814334,1.3793952,2.000008934555808,41.3816711365749,23.657070577713966,6.20214972724307,3808,5
260004324,95,3.814334,1.3793952,2.0000241058005486,41.381357234628034,23.528072135190087,6.16833033897663,3978,4
260004324,96,3.814334,1.3793952,2.000035254386603,41.381126566882976,23.830968630047664,6.2477403997782215,4126,5
260004324,97,3.814334,1.3793952,2.0000353591603925,41.38112439909257,52.175908213888306,13.678903896168585,4807,8
260004324,98,3.814334,1.3793952,2.000008467002772,41.38168081059694,57.372516975229246,15.041293440802312,5082,10
260647166,10,3.795963,2.384,2.000027984395274,71.5189992920271,24.61427744650655,6.4843301809070715,7807,2
260647166,11,3.795963,2.384,1.9999595880653942,71.52144515998235,24.580108296006983,6.475328736346214,7320,2
260647166,37,3.795963,2.384,2.000011178024579,71.51960027607512,24.519635702388314,6.459397971578836,8100,2
260647166,99,3.795963,2.384,2.0001425145892426,71.5149040414129,27.664489908460837,7.287871327634341,4697,8
260647166,100,3.795963,2.384,2.0001314661931247,71.51529907794003,25.66139972786914,6.760181731979247,4837,5
260647166,101,3.795963,2.384,2.000090910878498,71.51674917475259,24.260815460352205,6.391214946076188,4259,4
261867566,12,3.739494,2.028,1.9999914383151918,60.840260447566806,27.93602239147731,7.470535423101978,6627,3
261867566,38,3.739494,2.028,2.0000353205250576,60.83892556860249,26.168562030384237,6.997888492503059,9534,2
261867566,39,3.739494,2.028,1.9999772968003526,60.84069063917313,27.945558916506798,7.473085641134014,9924,2
261867566,65,3.739494,2.028,2.000035279925214,60.838926803606135,27.69206888302415,7.4052983860982655,5248,4
261867566,66,3.739494,2.028,1.999976609222358,60.840711555777794,24.327442433893793,6.505543914201706,5193,5
261867566,93,3.739494,2.028,1.9999682102934457,60.84096705824463,24.5037750685201,6.552698057148935,4435,4
261867566,99,3.739494,2.028,2.0001023430086207,60.836886884980544,27.663797855053872,7.3977382648705605,4698,9
261867566,100,3.739494,2.028,2.000120415177662,60.83633719082444,24.959846492804445,6.674658788810584,4509,5
261867566,101,3.739494,2.028,2.0001222591963597,60.836281102581445,24.340370869792423,6.50900118299225,4224,4
266014458,43,8.679885,3.84,2.000019905681256,115.19885344417112,24.193365288428595,2.7872909938816695,8039,2
266014458,70,8.679885,3.84,2.0000158417678904,115.19908752139715,24.252935179772976,2.7941539755161475,4292,4
266030192,42,0.70531,1.704,2.000106355189928,51.11728170589778,23.834650963560307,33.79315614915471,7398,2
266030192,43,0.70531,1.704,2.000023258442525,51.11940552112239,24.175351537196093,34.27620696884504,8026,2
266030192,70,0.70531,1.704,2.000019194529159,51.119509392543186,24.252977455764267,34.38626625989178,4292,4
266593143,15,10.33852,3.994,2.0000071763206506,119.8195700681725,26.04456294522174,2.519177110961892,6263,3
266593143,55,10.33852,3.994,2.0000299436651403,119.8182061018794,27.162941819683056,2.627353027288534,6261,4
266593143,56,10.33852,3.994,1.9999655477295164,119.82206407108065,27.880029147097957,2.6967137604896982,5148,4
266593143,82,10.33852,3.994,2.0000218675704673,119.81868992817735,25.853039686179727,2.500651900482828,4670,6
266593143,83,10.33852,3.994,1.9999588304199278,119.82246652031493,24.918907890149512,2.410297401383323,4799,9
267215820,70,2.262196,2.36,1.999951468751533,70.80171804788523,23.992489260374896,10.60584019261589,4177,4
267215820,92,2.262196,2.36,2.000172066036612,70.79390938629783,24.92296864414402,11.01715706514556,4304,4
267570002,81,47.0319479,5.906,1.999989343166817,177.18094409388218,26.62350571748948,0.5660727846972606,4908,5
267570002,82,47.0319479,5.906,1.9999638664376107,177.18320113012615,25.85232620554325,0.549675855665405,4944,4
267574918,14,1.4079405,0.1333,2.0000009907380445,3.9989980190202616,26.84994549791054,19.070369449497715,6536,4
267574918,15,1.4079405,0.1333,1.9999691224802518,3.9990617405539344,23.07470054862415,16.38897421348711,6731,2
267574918,19,1.4079405,0.1333,1.9999608553371218,3.9990782712853767,24.806468477751878,17.618975004804447,8489,2
267574918,22,1.4079405,0.1333,2.0000315021752613,3.9989370123926884,26.35734873016827,18.720499005581747,8809,2
267574918,26,1.4079405,0.1333,2.0000267591967713,3.998946495701922,22.861421355662287,16.237491112488268,6946,4
267574918,40,1.4079405,0.1333,2.000017698883312,3.9989646113959876,28.20020795817709,20.029403201468448,9882,2
267574918,41,1.4079405,0.1333,1.9999861135147512,3.999027766220043,26.58877067754611,18.884868130113528,9251,2
267574918,49,1.4079405,0.1333,2.000038163823774,3.9989236928904495,23.953218117400866,17.012947718600937,7252,2
267574918,53,1.4079405,0.1333,2.0000215178879444,3.998956975445954,24.982256288976714,17.74382957871921,5180,5
267574918,54,1.4079405,0.1333,1.9999995802209014,3.9990008393484837,26.229220295252162,18.629494850991332,5749,4
267574918,55,1.4079405,0.1333,1.9999771370203234,3.9990457150504546,27.162245324740525,19.292182677279705,7668,3
267574918,56,1.4079405,0.1333,1.9999596803972963,3.999080620670903,27.88001737605373,19.801985507238218,5148,6
267574918,59,1.4079405,0.1333,1.9999633782572346,3.9990732265155007,24.298156569820094,17.257942768050277,4596,4
267574918,73,1.4079405,0.1333,1.9999715944868512,3.999056797630224,26.84957575989938,19.070106840380955,4650,5
267574918,74,1.4079405,0.1333,1.999993556382833,3.9990128840540353,26.70403856824305,18.966737989455556,4643,6
267574918,75,1.4079405,0.1333,2.0000174782035174,3.998965052637476,27.697422569750415,19.672296215465366,5157,6
267574918,76,1.4079405,0.1333,2.0000358247489203,3.998928369697603,27.078249985228467,19.232524375304543,5103,5
267574918,79,1.4079405,0.1333,2.000036888202885,3.9989262433987056,27.13523834517673,19.273000773240582,5252,4
267574918,80,1.4079405,0.1333,2.000019169645384,3.998961670661435,26.447491455411182,18.784523533069176,4721,6
267574918,81,1.4079405,0.1333,1.999994037032593,3.9990119229888785,26.623593712688034,18.909601444583796,4908,5
267574918,82,1.4079405,0.1333,1.9999749295675429,3.9990501289580753,25.852481142345823,18.361913122284516,4944,4
267574918,83,1.4079405,0.1333,1.999960322136758,3.999079337461523,24.918944570463736,17.698861969283314,4799,9
267574918,86,1.4079405,0.1333,1.9999628694495186,3.9990742439140465,26.564732016362996,18.867794495834872,4885,12
267667295,74,7.008151,3.99,1.9999955680395942,119.70026525341808,26.704083098966294,3.8104320382032713,4643,6
267667295,75,7.008151,3.99,2.0000260277447524,119.6984422597488,27.69755074814202,3.952190919993308,5157,6
267667295,80,7.008151,3.99,2.0000208440615097,119.69875249592017,26.44749750225583,3.7738195855448646,4721,6
267667295,81,7.008151,3.99,1.9999903489951976,119.70057761542472,26.62351979850473,3.798936381151709,4908,5
267667295,82,7.008151,3.99,1.9999653735430911,119.70207242932644,25.852345420008533,3.6888967460901645,4944,4
267667567,40,207.2482,6.05,2.0000175312452484,181.49840905343933,28.200193223722636,0.1360696653757313,9882,2
267667567,55,207.2482,6.05,1.9999654030107195,181.50313973108982,27.162107762459073,0.13106076560596944,8545,4
267669725,80,12.31043,3.939,2.000032077776268,118.16810471498746,26.44765650276804,2.148394207413392,4721,6
267669725,81,12.31043,3.939,2.0000014117977116,118.1699165839911,26.623659645087628,2.162691282521214,4908,5
267669725,82,12.31043,3.939,1.9999725819798186,118.17162001593123,25.852434991237715,2.1000432146755,4944,4
267671250,80,4.544439,1.756,2.0000315735524055,52.679168365758464,26.44765094999002,5.81978346501956,4721,6
267671250,81,4.544439,1.756,2.000002417626092,52.679936319805705,26.623675553823432,5.858517531828117,4908,5
267671250,82,4.544439,1.756,1.9999749276030343,52.68066041521517,25.85246837426257,5.6888140371699505,4944,4
267989336,76,4.49876092,3.8308,2.000034568773117,114.92201364349212,27.07823772791744,6.019043512078309,5103,4
267989336,81,4.49876092,3.8308,2.0000201885704882,114.92283993607263,26.623905901910348,5.9180530762480155,4908,5
267989336,82,4.49876092,3.8308,1.9999876694055274,114.92470854498798,25.85262835778576,5.746610859637716,4945,4
267989336,83,4.49876092,3.8308,1.9999571540392935,114.92646206733895,24.918911464332723,5.539061067582299,4799,9
267989857,74,3.720230103,1.939,1.9999625446507707,58.17108940923444,26.703665718954653,7.177960765765744,4643,7
267989857,76,3.720230103,1.939,2.0000352386705345,58.16897510132554,27.07824621564214,7.278648219583567,5103,4
267989857,82,3.720230103,1.939,1.999987000162946,58.17037810271835,25.852622501629412,6.949199857498549,4945,4
267989857,83,3.720230103,1.939,1.9999564847967122,58.17126566722551,24.91890318126616,6.698215564991938,4799,9
268060194,41,2.984151,1.0304,2.0000020404404495,30.911968462984586,26.589001477557304,8.9100724050349,9251,2
268060194,54,2.984151,1.0304,2.000035623059375,30.91144941980097,26.229552507793414,8.789619730299643,8944,4
268060194,55,2.984151,1.0304,1.9999870270112297,30.91220051181505,27.162385824529792,9.102215613261457,9633,2
268160366,15,11.49500229,7.602,1.9999659373570466,228.06388422932955,26.04408253807128,2.265687459734406,7546,3
268160366,74,11.49500229,7.602,1.9999632125836797,228.06419494624362,26.70367176253967,2.323067981097346,4643,5
268160366,75,11.49500229,7.602,2.000006750022294,228.05923029755556,27.697306704141738,2.4095085851559004,5157,4
268160366,81,11.49500229,7.602,2.0000195180182345,228.05777438210055,26.62386288575044,2.3161250614896955,4934,5
268160366,82,11.49500229,7.602,1.9999789535359014,228.06239995355642,25.852504285362556,2.2490212383735466,4945,4
268379849,41,1.931559839,1.6283,2.00000237506174,48.84894199037342,26.589005279681714,13.765561254083268,9251,2
268379849,54,1.931559839,1.6283,2.000035957680666,48.848121767418185,26.229556417252752,13.579468721420621,8944,4
268379849,55,1.931559839,1.6283,1.999987028320902,48.849316828831036,27.16238940523226,14.062411558160514,9633,2
268379849,74,1.931559839,1.6283,1.9999618727888446,48.849931255821964,26.70365825161025,13.824918965717972,4643,5
268379849,75,1.931559839,1.6283,2.0000017195707187,48.848958000381096,27.697239221672135,14.339312022562783,5157,4
268379849,81,1.931559839,1.6283,2.0000195180182345,48.84852328681588,26.623895645254834,13.783624564817242,4908,6
268379849,82,1.931559839,1.6283,1.9999843166442588,48.84938306112615,25.852578765324324,13.384301248833495,4945,4
268403451,25,2.8641424,2.772,1.999975117505528,83.16103462699219,25.671899478183605,8.963206395807557,8768,2
268403451,26,2.8641424,2.772,2.000002437598596,83.15989864477392,24.86669146350937,8.682072324165645,8500,2
268403451,40,2.8641424,2.772,2.0000175312452484,83.15927105721221,28.200273414670846,9.845974632640768,9882,2
268403451,47,2.8641424,2.772,1.999969112657709,83.161284315527,26.392683879257675,9.214864414303449,8929,2
268403451,52,2.8641424,2.772,1.9999776189797558,83.16093061323579,24.440020632308006,8.53310248551469,8385,2
268403451,53,2.8641424,2.772,2.0000042498577386,83.15982329129072,24.982014348950543,8.72233669280918,8678,2
268403451,59,2.8641424,2.772,2.000007131136954,83.15970348838269,25.172349081758057,8.788791046757332,4596,4
268403451,60,2.8641424,2.772,1.999982500783517,83.16072762378778,23.19838294385727,8.099591327532202,4410,4
268403451,73,2.8641424,2.772,2.000003109133104,83.15987072244651,26.849980589000552,9.374527114643655,4650,5
268403451,74,2.8641424,2.772,1.99996556082624,83.16143200550347,26.70376096158907,9.32347531379343,4588,4
268403451,79,2.8641424,2.772,1.999983476489433,83.16068705324564,27.134500119066615,9.47386558680414,5252,4
268403451,86,2.8641424,2.772,2.0000218780478463,83.15909032072155,26.56547910301788,9.275194942478377,4733,21
268492383,81,6.331230164,2.688,2.000020187260816,80.63918605785953,26.62385807756482,4.205163512922134,4934,4
268492383,82,6.331230164,2.688,1.9999766066030134,80.64094323279922,25.85246951303725,4.083324858419608,4945,4
268603980,74,16.84189987,2.5751,1.9999618721340084,77.25447277409259,26.70365374750145,1.5855487773720776,4643,5
268603980,75,16.84189987,2.5751,2.0000060801248765,77.25276514677043,27.697297703607546,1.6445471067634099,5157,4
268603980,81,16.84189987,2.5751,2.000021194398869,77.25218134322756,26.623877301459743,1.580811993122231,4934,4
268603980,82,16.84189987,2.5751,1.9999796227784827,77.25378710876649,25.852509277484387,1.5350114581511516,4945,4
268612521,74,5.262155,3.229,1.9999612035462633,96.87187914268878,26.70365123164993,5.0746607106118935,4643,5
268612521,75,5.262155,3.229,2.000002056156518,96.86990041016145,27.697245640114488,5.263479627664804,5157,4
268612521,81,5.262155,3.229,2.000019183396944,96.86907086108106,26.623897675770877,5.059504647006954,4908,6
268612521,82,5.262155,3.229,1.9999836467468413,96.87079207629326,25.852569150117233,4.912924296246924,4945,4
268924036,41,2.052349905,2.0801,2.000000362750143,62.40298868165346,26.588978270395728,12.955382610742358,9251,2
268924036,54,2.052349905,2.0801,2.000037298130337,62.401836264088864,26.229561751169967,12.780258223643385,8944,4
268924036,55,2.052349905,2.0801,1.999983674249961,62.40350939204794,27.162337118920277,13.234749616888685,9633,2
268924036,74,2.052349905,2.0801,1.9999608676153002,62.404221012991776,26.703643164650202,13.011252661933495,4643,5
268924036,75,2.052349905,2.0801,2.0000054082629504,62.402831254539855,27.69728597709218,13.49540149543466,5157,4
268924036,81,2.052349905,2.0801,2.0000218649511226,62.402317788185805,26.623888097118197,12.972392296389733,4934,4
268924036,82,2.052349905,2.0801,1.9999802939855726,62.4036148632674,25.852519710159868,12.596545865389299,4945,4
269032792,41,5.991857017,1.622,2.000004049477866,48.65990147640301,26.589023483079927,4.4375263641375255,9251,2
269032792,55,5.991857017,1.622,1.9999883687705733,48.66028298945771,27.162403701266612,4.533219605241226,9633,2
269032792,74,5.991857017,1.622,1.9999598624417558,48.66097656639058,26.703633870050908,4.456654054709214,4643,5
269032792,75,5.991857017,1.622,2.0000003797758836,48.65999076005451,27.69722275030108,4.622477250661851,5157,4
269032792,81,5.991857017,1.622,2.0000215283653233,48.659476220509745,26.623916705950705,4.443349804645498,4908,6
269032792,82,5.991857017,1.622,1.9999853218178032,48.66035712279381,25.852590518382385,4.314620733611272,4945,4
269119490,15,1.73513619,2.2741,1.9999692911005695,68.22404754270737,26.044125429666792,15.009845094445753,7539,3
269119490,74,1.73513619,2.2741,1.9999601977178827,68.22435774256707,26.703636237705723,15.389936762085357,4643,5
269119490,75,1.73513619,2.2741,2.0000033972610254,68.22288411452737,27.697260773873495,15.96258606874743,5157,4
269119490,81,1.73513619,2.2741,2.0000185115350178,68.2223685496178,26.623901497685893,15.343983746708604,4908,7
269119490,82,1.73513619,2.2741,1.9999823049874976,68.2236036087594,25.85254695344065,14.899433890224289,4945,4
269264648,74,4.938864,4.279,1.9999601964082103,128.372554844385,26.703634023951963,5.406837285649487,4643,5
269264648,75,4.938864,4.279,2.0000037325371522,128.36976042755,27.6972656845046,5.608023562605612,5157,4
269264648,81,4.938864,4.279,2.0000191814324353,128.36876885156673,26.62390109465605,5.3906933040990905,4934,5
269264648,82,4.938864,4.279,1.9999816357449163,128.3711787205357,25.852540559212684,5.234511531237282,4945,4
270380593,4,3.8361623,2.4044766,1.999966338116792,72.13551210859187,25.624634817551623,6.679757740581421,8562,3
270380593,31,3.8361623,2.4044766,1.9999642446055077,72.13558761819611,25.428677088371387,6.628676030826795,8117,2
270380593,42,3.8361623,2.4044766,2.0001482653606217,72.1289508875427,23.832321566745122,6.2125425628485855,7396,2
270380593,43,3.8361623,2.4044766,2.0000836068356875,72.13128266585112,24.225971083078548,6.315158011713568,8068,2
270380593,70,3.8361623,2.4044766,2.0000694866030244,72.13179190340529,24.32999439713558,6.342274516679229,4165,4
270380593,71,3.8361623,2.4044766,1.9999790026486153,72.13505532255188,23.621982521022346,6.157711971941945,4180,4
270615136,74,5.72,1.1816,1.9999756178003736,35.448432155374626,26.70383356959246,4.668502372306374,4643,6
270615136,75,5.72,1.1816,2.00001613709901,35.447713988364846,27.697435913507434,4.842209075788013,5157,6
270615136,81,5.72,1.1816,2.0000081186299212,35.44785610598739,26.623715926074965,4.654495791271847,4934,5
270615136,82,5.72,1.1816,1.9999709069088567,35.4485156534484,25.85240311043617,4.519650893432897,4945,4
270698316,14,10.27530003,6.3195,2.000012893040548,189.58377784433247,26.850069135871763,2.613069113065282,9245,2
270698316,15,10.27530003,6.3195,1.9999759946585982,189.58727555363754,23.457978014260334,2.2829482298105055,7224,2
270698316,74,10.27530003,6.3195,1.9999746139365016,189.58740643896917,26.703822428878993,2.598836272509212,4643,6
270698316,75,10.27530003,6.3195,2.0000141247874126,189.58366108554512,27.697393830998408,2.6955313956899034,5157,6
270698316,81,10.27530003,6.3195,2.000006777525414,189.58435754359934,26.62373803753553,2.5910423987430304,4908,6
270698316,82,10.27530003,6.3195,1.999974258360453,189.58744014577343,25.852448729177013,2.5159799376852856,4945,4
270698499,74,7.693641,5.05,1.9999746139365016,151.50192301871894,26.703822592791767,3.4708953267759393,4643,6
270698499,75,7.693641,5.05,2.0000141247874126,151.49893005490986,27.697395989804136,3.600037484177405,5157,6
270698499,81,7.693641,5.05,2.000007113456377,151.49946115759596,26.623737155805884,3.460486024212188,4934,6
270698499,82,7.693641,5.05,1.9999739243939985,151.50197525290758,25.85244626466465,3.3602355847724956,4945,4
270705735,74,4.41745855,2.9563,1.9999756197648821,88.69008114251544,26.70383872353159,6.045068317286551,4643,5
270705735,75,4.41745855,2.9563,2.0000201604125323,88.68810600559812,27.697481599769162,6.270003733202921,5157,6
270705735,81,4.41745855,2.9563,2.0000071128015406,88.68868458749382,26.623696221850423,6.026926098005022,4934,5
270705735,82,4.41745855,2.9563,1.9999675515282433,88.69043893460143,25.852351470229223,5.852313310382781,4945,4
270955259,40,5.424749281,1.1431,2.0000413358502556,34.292291249491996,28.200496691923945,5.19848848880357,9882,2
271042217,40,1.8555582,2.4341,2.000041672436055,73.0214785085531,28.20050477836503,15.197855167445047,9882,2
271042217,54,1.8555582,2.4341,2.000025898742024,73.02205441032538,26.229422186661395,14.135596601961284,8944,4
271042217,74,1.8555582,2.4341,1.9999726016249042,73.02400036947655,26.70379832555227,14.391248048998017,4643,5
271042217,75,1.8555582,2.4341,2.000012114440324,73.02255768629131,27.69737742365578,14.926709075282997,5157,6
271042217,81,1.8555582,2.4341,2.0000077833537944,73.02271581918387,26.623758902886493,14.348113092268674,4934,5
271042217,82,1.8555582,2.4341,1.9999752641888335,73.0239031527395,25.852460492712453,13.932443882769322,4945,4
271162715,82,54.5094166,4.222,1.9999735878081992,126.66167270619667,25.852436604754075,0.4742746889856472,4945,4
271163971,82,81.3151059,5.762,1.9999745949462522,172.86219578668744,25.852453238175258,0.31792928204469395,4945,4
271253308,81,52.6298417,5.964,2.000008789182175,178.919213723218,26.62377921666166,0.5058685026723472,4908,7
271260980,74,5.968734,3.639,1.999972936901031,109.17147725924681,26.703803296952174,4.473947623893471,4643,5
271260980,75,5.968734,3.639,2.000015801822883,109.16913746431273,27.697431674592735,4.640419840219506,5157,4
271260980,81,5.968734,3.639,2.000009793700883,109.16946541345507,26.623736216799898,4.460533208013608,4934,5
271260980,82,5.968734,3.639,1.9999709062540205,109.17158810522625,25.852398820764392,4.331303559643366,4945,4
271346561,74,5.62153941,2.3638,1.9999726022797404,70.91497145427506,26.703799281322063,4.750264533202315,4643,5
271346561,75,5.62153941,2.3638,2.0000168076512637,70.91340405611736,27.697444338484274,4.927021286947498,5157,4
271346561,81,5.62153941,2.3638,2.0000104655628093,70.91362892448123,26.623734128541855,4.736021966008392,4934,4
271346561,82,5.62153941,2.3638,1.99996990042564,70.91506725667007,25.852382847185254,4.598808433362073,4945,4
271350547,40,4.626049995,0.56,2.000043348816689,16.799635877831946,28.20052220271191,6.0960262498658775,9882,2
271350547,74,4.626049995,0.56,1.9999719310726505,16.800235782298813,26.703790936438963,5.772482131689319,4643,5
271350547,75,4.626049995,0.56,2.0000134561996674,16.799886968683282,27.697402617328407,5.987268327680148,5157,4
271350547,81,4.626049995,0.56,2.0000114700815175,16.799903651867815,26.623754377124442,5.755180857513505,4934,5
271350547,82,4.626049995,0.56,1.9999729185656179,16.80022748712915,25.852428896429956,5.588445633828468,4945,4
271354634,40,16.092361,1.937,2.000042677282181,58.10876003802533,28.200518156348153,1.7524164512807134,9882,2
271354634,41,16.092361,1.937,1.9999933219514787,58.11019403134766,26.58889212119493,1.6522679376379221,9251,2
271354634,54,16.092361,1.937,2.0000269052252406,58.10921827919682,26.229438775844756,1.6299310446642823,8944,4
271354634,74,16.092361,1.937,1.9999712605203968,58.11083503757914,26.7037822392831,1.659407357272379,4643,5
271354634,75,16.092361,1.937,2.0000104380596895,58.10969672375853,27.6973536109017,1.7211491595858246,5157,6
271354634,81,16.092361,1.937,2.00000912478572,58.10973488056049,26.62377747695109,1.6544357584913172,4934,5
271354634,82,16.092361,1.937,1.9999769399146317,58.11067001850572,25.852483325016692,1.606506548356496,4945,4
271355270,40,2.377569914,2.263,2.000042341678636,67.88856274214665,28.20051494433301,11.861066536162859,9882,2
271355270,41,2.377569914,2.263,1.9999936565727694,67.89021532832031,26.5888961608066,11.183223679035247,9251,2
271355270,54,2.377569914,2.263,2.0000269045704044,67.8890867366431,26.22943896606739,11.032036875811254,8944,4
271355270,55,2.377569914,2.263,1.999979316315148,67.89070211494347,27.162290842665698,11.424392057926124,9632,2
271355270,74,2.377569914,2.263,1.999971261175233,67.89097555342485,26.703783175029457,11.23154487184071,4643,5
271355270,75,2.377569914,2.263,2.0000104387145257,67.88964565968486,27.697347195020484,11.649435430659006,5157,6
271355270,81,2.377569914,2.263,2.0000087878725026,67.88970169697862,26.623779215264676,11.19789540509162,4908,7
271355270,82,2.377569914,2.263,1.999977277155267,67.89077133572793,25.852491082700908,10.873493532397092,4945,4
271355361,81,9.99761851,3.2429,2.0000104655628093,97.2864909210594,26.62378340924306,2.6630125346964313,4908,6
271355361,82,9.99761851,3.2429,1.999977612431394,97.28808902188378,25.85249524035771,2.5858653452818845,4945,4
271537530,82,59.87756,4.845,1.9999699010804761,145.35218747189666,25.852384019021883,0.43175413325162015,4945,4
271546798,74,12.05707239,2.2598,1.9999705883310526,67.79499698200377,26.70377162465047,2.214780732908121,4643,5
271546798,75,12.05707239,2.2598,2.000009768162272,67.79366889022063,27.697348226693066,2.297186856874554,5157,6
271546798,81,12.05707239,2.2598,2.0000082862679847,67.79371912153783,26.623785999949632,2.2081468153107466,4934,5
271546798,82,12.05707239,2.2598,1.9999769425339764,67.79478158793651,25.852486360429793,2.144176092188976,4945,4
271663670,81,8.79617863,3.3986,2.000008789182175,101.95755193825094,26.623785564323498,3.0267445312582857,4908,7
271663670,82,8.79617863,3.3986,1.9999766059481772,101.95919261931797,25.852478338715628,2.9390579052753534,4945,4
271760755,40,3.179262921,1.0248,2.000045360146032,30.74330273964911,28.200544437339886,8.870151710658059,9882,2
271760755,41,3.179262921,1.0248,1.9999896339140832,30.74415934829862,26.588845372759806,8.363210603669293,9251,2
271760755,54,3.179262921,1.0248,2.0000272398465313,30.743581274782127,26.229430871710065,8.250160972361451,8944,4
271760755,55,3.179262921,1.0248,1.9999732819997007,30.744410714587335,27.16220721502077,8.543554871038227,9633,2
271760755,74,3.179262921,1.0248,1.9999712605203968,30.744441789628862,26.7037790420527,8.399361646269048,4643,5
271760755,75,3.179262921,1.0248,2.00001546589192,30.743762260147836,27.697424562547894,8.711901233332409,5157,4
271760755,81,3.179262921,1.0248,2.0000121412886074,30.74381336524452,26.623753816701083,8.37419064678265,4934,4
271760755,82,3.179262921,1.0248,1.9999712408753112,30.7444420916218,25.852399711574435,8.131570226800514,4945,4
271877680,40,19.78297415,5.4661,2.0000440180592705,163.97939097272453,28.20053887478298,1.4254954114057201,9882,2
271877680,41,19.78297415,5.4661,1.9999966760224197,163.98327253836072,26.588936166466283,1.344031284925188,9251,2
271877680,54,19.78297415,5.4661,2.000028917536838,163.9806290420595,26.229470012403908,1.3258608040188895,8944,4
271877680,55,19.78297415,5.4661,1.9999826697312528,163.98442094704268,27.1623367186844,1.373015832338051,9632,2
271881331,81,0.84338011,1.4362,2.000010464907973,43.085774555667165,26.623799160003273,31.567971362287963,4908,7
271881331,82,0.84338011,1.4362,1.999977612431394,43.08648230078925,25.85249339890015,30.65343027700778,4945,4
271885110,82,42.42720032,6.133,1.999974594291416,183.99233722785067,25.852448247683242,0.6093366532011425,4945,4
271898990,92,1.74748753,2.26968,2.0001838124881033,68.08414264217028,24.85921011327264,14.225686699619905,4471,4
271958892,81,2.345863002,1.6795,2.000012811840861,50.38467723976668,26.6237634123504,11.349240509634159,4934,4
271958892,82,2.345863002,1.6795,1.999971912082401,50.385707614801824,25.85240969674942,11.020426032853821,4945,4
271960115,74,19.76172042,3.5906,1.99997092524427,107.7195659600338,26.703774242481813,1.351287928122698,4643,5
271960115,75,19.76172042,3.5906,2.0000154672015924,107.71716695843183,27.697425612381267,1.4015695508145067,5157,4
271960115,81,19.76172042,3.5906,2.000012475909898,107.7173280641603,26.623756411132945,1.3472387952714973,4934,4
271960115,82,19.76172042,3.5906,1.9999709069088567,107.71956694758956,25.85239702610579,1.308205787586271,4945,4
271964647,74,2.422082,2.574,1.9999702553468524,77.22114845813827,26.703767182125375,11.025129282214795,4643,5
271964647,75,2.422082,2.574,2.0000147966493387,77.21942870559566,27.69741680486368,11.435375352636152,5157,4
271964647,81,2.422082,2.574,2.0000128124956973,77.21950531271021,26.62376396904847,10.992098520631616,4934,4
271964647,82,2.422082,2.574,1.9999715768062742,77.22109743510606,25.85240513233748,10.673629188581344,4945,4
271966200,81,16.8601286,5.553,2.000013147116988,166.58890491808907,26.62376784707567,1.5790963686407273,4934,4
271966200,82,16.8601286,5.553,1.9999722486682003,166.59231157925697,25.852416948492646,1.5333463677431647,4945,4
271971130,1,19.288004,1.98,1.9999654238017683,59.40102693084116,27.880051489404877,1.445460685792313,9411,16
271971130,2,19.288004,1.98,1.9999670256947866,59.40097935301158,26.36344669469281,1.366831254011188,8812,3
271971130,3,19.288004,1.98,1.9999770590948174,59.400681352699344,20.277541111370738,1.0513032406759526,6814,2
271971130,4,19.288004,1.98,1.9999951702266117,59.400143444616035,25.39295322505336,1.3165153442032342,8395,3
271971130,5,19.288004,1.98,2.000008244685887,59.39975513383858,25.40567058114857,1.3171746843866565,8626,2
271971130,6,19.288004,1.98,2.0000262690518866,59.39921981940627,21.772490912085004,1.128809954212214,8379,2
271971130,7,19.288004,1.98,2.0000338674435625,59.39899415395891,24.358744907682194,1.26289609374211,8102,2
271971130,8,19.288004,1.98,2.0000370941488654,59.39889832421156,23.86015452842912,1.2370463282996582,7801,2
271971130,9,19.288004,1.98,2.0000319517203025,59.399051049067324,24.014261139927157,1.2450360928962456,7954,2
271971130,10,19.288004,1.98,2.0000196024921024,59.399417811690725,24.296065626219843,1.2596464427433673,7462,2
271971130,11,19.288004,1.98,2.0000026697380235,59.39992070888654,24.43475622332744,1.2668369533378072,7202,2
271971130,12,19.288004,1.98,1.9999855700007174,59.40042857407085,24.803987839402453,1.285980023614805,7756,2
271971130,13,19.288004,1.98,1.9999724922672613,59.40081699089912,28.43571514086034,1.4742694547792679,9728,4
271971130,27,19.288004,1.98,1.9999673164420528,59.40097071753428,23.41350502722912,1.213889473852718,7591,2
271971130,29,19.288004,1.98,1.9999667323281756,59.40098806628852,24.467647407286222,1.268542219676345,7573,2
271971130,30,19.288004,1.98,1.9999798297067173,59.40059906375214,25.933038433311594,1.3445164379534342,8332,2
271971130,31,19.288004,1.98,1.999990230469848,59.40029015646286,25.429083180637008,1.31838852691222,8644,2
271971130,32,19.288004,1.98,2.0000152052671183,59.399548406999884,25.7584872711177,1.335466711387954,9183,2
271971130,33,19.288004,1.98,2.000029112678021,59.399135366048675,25.839231495640888,1.3396529519405371,8731,2
271971130,34,19.288004,1.98,2.0000342243292835,59.39898355481386,24.921265039043647,1.2920603417048049,8461,2
271971130,35,19.288004,1.98,2.000034406373743,59.398978148278935,24.076809891995254,1.2482789765076392,7341,3
271971130,36,19.288004,1.98,2.0000277715735137,59.3991751957197,23.786443054728352,1.2332247056112364,7674,2
271971130,37,19.288004,1.98,2.0000148660619743,59.399558481241186,24.023792066659098,1.2455302304302247,7573,2
271971130,39,19.288004,1.98,1.9999825773993507,59.40051745574699,27.945590856912986,1.448858619943929,9924,2
271971130,61,19.288004,1.98,2.0000336061639246,59.399001913702364,23.605965924451993,1.223867743103537,3831,4
271971130,62,19.288004,1.98,2.000033099320717,59.39901696644357,23.93374157543076,1.2408614999992098,4261,4
271971130,63,19.288004,1.98,2.000026161331334,59.399223018622806,25.698950317091203,1.3323799765435138,4485,4
271971130,64,19.288004,1.98,2.000013002398191,59.399613831284285,26.916843974485346,1.395522521380924,5040,4
271971130,65,19.288004,1.98,1.9999963892041706,59.40010724082975,27.8888369786755,1.4459161756019698,5248,6
271971130,66,19.288004,1.98,1.9999812199239386,59.40055777349654,24.05671652639421,1.2472372219745604,5192,5
271971130,67,19.288004,1.98,1.9999683176865801,59.400940979614774,24.759332180547972,1.2836648198822425,4925,4
271971130,68,19.288004,1.98,1.9999623626063112,59.40111785162907,24.45510697981217,1.267892052480504,4866,4
271971130,69,19.288004,1.98,1.9999652949627489,59.40103075749259,23.82181438142925,1.235058556677469,4306,9
271971130,87,19.288004,1.98,2.000025740926503,59.39923550432227,23.611427008212104,1.224150876794307,4687,5
271971130,88,19.288004,1.98,2.000032756186556,59.39902715719259,23.82263159760805,1.2351009258193875,4963,5
271971130,89,19.288004,1.98,2.0000341509876307,59.398985732986475,28.8060507148557,1.4934697605234684,5168,5
271971130,90,19.288004,1.98,2.0000265522685368,59.39921140809391,26.433677541966063,1.370472421198485,5215,4
271971130,93,19.288004,1.98,1.999980379769113,59.40058272657396,23.931702540840888,1.2407557848308661,4172,4
271971130,94,19.288004,1.98,1.999969299940858,59.40091180575276,23.71629472272798,1.2295878164857275,3939,5
271971130,95,19.288004,1.98,1.9999633239058312,59.40108929997245,23.58012389936721,1.2225279453160216,4096,4
271971130,96,19.288004,1.98,1.999964715432725,59.40104797013665,23.64819602789794,1.22605719222673,4194,5
271971130,97,19.288004,1.98,1.9999791683221702,59.4006187072759,51.65089956593465,2.6778768588981343,4896,8
271971130,98,19.288004,1.98,2.00001178374805,59.399650024744915,57.372616584078514,2.974523262442216,5082,12
272074477,74,5.185002073,2.1771,1.9999692482087994,65.31400426131074,26.703754581796602,5.150191688611231,4643,5
272074477,75,5.185002073,2.1771,2.000009096955182,65.31270292663432,27.69734165155569,5.341818819279706,5157,6
272074477,81,5.185002073,2.1771,2.000010464907973,65.31265825452093,26.623798936718686,5.134771126776884,4908,7
272074477,82,5.185002073,2.1771,1.999977277155267,65.31374205700983,25.852488824243665,4.986013208917702,4945,4
272172942,41,8.09219642,5.455,1.9999936559179332,163.65051910616174,26.588894405729206,3.2857450592788755,9251,2
272172942,54,8.09219642,5.455,2.000028916882002,163.64763391034018,26.229459347130614,3.241327568656646,8944,4
272172942,55,8.09219642,5.455,1.9999779758654768,163.65180214465272,27.162271203168075,3.356600580781265,9633,2
272172942,74,8.09219642,5.455,1.9999692488636356,163.6525162504218,26.70375540624991,3.2999391043266235,4643,5
272172942,75,8.09219642,5.455,2.000010439369362,163.6491458030606,27.697361899905445,3.422724865087425,5157,4
272172942,81,8.09219642,5.455,2.0000118053576443,163.64903403231256,26.623791108952446,3.2900574488220893,4934,6
272172942,82,8.09219642,5.455,1.9999759334314149,163.6519692706713,25.852465491819203,3.1947402349162455,4945,4
272173269,74,6.38669014,1.2428,1.9999692495184718,37.284573259290646,26.703755435819403,4.181157195739483,4643,5
272173269,75,6.38669014,1.2428,2.0000107733358163,37.283799164555546,27.697364385372566,4.336732137966625,5157,4
272173269,81,6.38669014,1.2428,2.000012811840861,37.283761163192636,26.623790192298202,4.168636587761279,4934,5
272173269,82,6.38669014,1.2428,1.9999756001197966,37.284454868116114,25.852462605650544,4.047865488844672,4945,4
272179260,74,13.6473676,7.769,1.9999699200707255,233.07350541727936,26.703763361374513,1.956697008833741,4643,5
272179260,75,13.6473676,7.769,2.000014462028048,233.068314679748,27.69741340157816,2.0295059247600364,5157,4
272179260,81,13.6473676,7.769,2.000013147771824,233.06846783448276,26.623767566747574,1.950835380644951,4934,4
272179260,82,13.6473676,7.769,1.999971911427565,233.07327334776056,25.85240793189314,1.8943146172667862,4945,4
272180958,74,22.24813967,3.9565,1.9999702553468524,118.69676529705676,26.70376669574216,1.200269644645851,4643,5
272180958,75,22.24813967,3.9565,2.0000158024777193,118.69406216986359,27.697426870365234,1.2449322631551618,5157,5
272180958,81,22.24813967,3.9565,2.000012811186025,118.69423969300762,26.623760632818176,1.196673565867549,4934,4
272180958,82,22.24813967,3.9565,1.9999709055991843,118.69672670507114,25.852393261001453,1.1620024705194352,4945,4
272183546,81,0.665026916,1.7384,2.000013482393115,52.151648435487104,26.623771002862213,40.03412548021171,4934,4
272183546,82,0.665026916,1.7384,1.999971911427565,52.15273244790153,25.852407442483127,38.874227223734096,4945,4
272212970,37,1.6091788,1.9464,1.9999897203524597,58.39230012613218,24.23603529059301,15.061120175454095,7842,2
272212970,64,1.6091788,1.9464,1.9999863472912693,58.39239860720513,26.91645316877384,16.726825613644575,5040,5
272212970,90,1.6091788,1.9464,2.0000500222522533,58.39053958684979,27.91728248067284,17.348775959932382,5215,5
272212970,99,1.6091788,1.9464,2.000147580401972,58.38769156050464,27.664550023936044,17.191719170011464,4697,8
272212970,100,1.6091788,1.9464,2.0001264370512217,58.38830877720619,24.637647922785163,15.310696314657616,4565,4
272212970,101,1.6091788,1.9464,2.0000761521805543,58.389776745589366,24.08979054682277,14.970238575615568,4175,4
272278272,74,5.77721211,2.423,1.9999679077591281,72.69116641121086,26.703738390870058,4.622253412618782,4643,5
272278272,75,5.77721211,2.423,2.0000070843161666,72.68974252144095,27.697304560470002,4.79423362568386,5157,6
272278272,81,5.77721211,2.423,2.000013818324078,72.68949777648133,26.623822373684106,4.608420439955788,4908,6
272278272,82,5.77721211,2.423,1.9999799600191182,72.69072836040331,25.85252708972712,4.4749139546006935,4945,4
272278496,81,6.9913086,2.2124,2.0000144888763316,66.37151917563337,26.62382050102724,3.80813121323628,4908,6
272278496,82,6.9913086,2.2124,1.999979959364282,66.3726650752012,25.852527402185842,3.6978095062469194,4945,4
272366748,41,3.855603551,3.20969,1.999995334263076,96.29092463406126,26.58891812884349,6.896175339901664,9251,2
272366748,55,3.855603551,3.20969,1.9999803214886924,96.29164743813647,27.162299732605334,7.044889178390876,9633,2
272366748,74,3.855603551,3.20969,1.9999679090688005,96.29224505390553,26.70373996282615,6.925955848313344,4643,5
272366748,75,3.855603551,3.20969,2.0000084264029283,96.29029430959103,27.697333326230364,7.183656970916189,5157,4
272366748,81,3.855603551,3.20969,2.000010800838936,96.29017999263739,26.623811004330946,6.9052252525874245,4908,6
272366748,82,3.855603551,3.20969,1.9999779463978484,96.2917617901025,25.852494064795792,6.705174358004369,4945,4
272484980,81,4.60182,2.227,2.0000141536002047,66.80952720233105,26.62378119595496,5.785489479370111,4934,4
272484980,82,4.60182,2.227,1.999972583289491,66.8109158677696,25.852418872837916,5.617868337492104,4945,4
272488625,75,17.58752333,4.3821,2.000011108611943,131.46226981832973,27.69736839844154,1.574830513583264,5157,4
272488625,81,17.58752333,4.3821,2.0000151594285853,131.46200355557272,26.62379884754455,1.5137889711924861,4934,4
272488625,82,17.58752333,4.3821,1.999974930222379,131.4646478947439,25.852452961106792,1.4699314096720402,4945,4
272496083,74,11.38848,3.618,1.999967571828165,108.54175990542073,26.703732679301538,2.344802175470435,4643,5
272496083,75,11.38848,3.618,2.000006749367458,108.53963371306416,27.69730602171512,2.43204589389586,5157,6
272496083,81,11.38848,3.618,2.000013482393115,108.53926831545807,26.62382538488282,2.337785673319251,4908,6
272496083,82,11.38848,3.618,1.9999799587094458,108.54108765173734,25.85252364709322,2.270059186747768,4945,4
272596598,81,0.577369579,1.0963,2.0000141536002047,32.888767252768545,26.62383127666226,46.11228621150173,4908,6
272596598,82,0.577369579,1.0963,1.9999806299165357,32.88931853442255,25.852535364528194,44.77640718325445,4945,4
272601590,74,8.486616,5.176,1.9999665673094569,155.28259575748535,26.70372247328669,3.146568959086483,4643,5
272601590,75,8.486616,5.176,2.000005410227459,155.27957995107636,27.69729336038472,3.263643996663066,5157,6
272601590,81,8.486616,5.176,2.0000148241524585,155.27884906133397,26.623836284849403,3.1371557620669304,4908,6
272601590,82,8.486616,5.176,1.9999806299165357,155.28150390784558,25.8525352832703,3.0462713622567934,4945,4
272707494,81,8.988320351,4.65,2.000015158118913,139.49894272921895,26.623793871255202,2.9620432774509595,4934,4
272707494,82,8.988320351,4.65,1.9999739237391623,139.50181884290774,25.852435659694493,2.876225440364758,4945,4
272836943,74,21.08721,5.96,1.9999665666546207,178.8029889910429,26.703720050916672,1.2663467595246918,4643,5
272836943,75,21.08721,5.96,2.0000064154010033,178.79942646499003,27.69730567083934,1.3134646864539852,5157,5
272836943,81,21.08721,5.96,2.0000141529453686,178.79873473563768,26.623833337213455,1.2625583629704193,4908,6
272836943,82,21.08721,5.96,1.999979624088155,178.8018216250776,25.8525202065548,1.2259810665590565,4945,4
272839596,74,12.70639992,2.395,1.9999665666546207,71.85120111301136,26.703720769315623,2.1015961198642663,4643,5
272839596,75,12.70639992,2.395,2.0000054089177866,71.84980568515402,27.69728292142281,2.179789955912454,5157,6
272839596,81,12.70639992,2.395,2.000015158118913,71.84945544870523,26.62384111329129,2.0953095511644566,4908,6
272839596,82,12.70639992,2.395,1.99998163509008,71.85065976544713,25.852546922474176,2.034608314333158,4945,4
272843289,74,6.96710269,3.643,1.999965896102367,109.29186363926483,26.70371138111841,3.8328287337355738,4643,5
272843289,75,6.96710269,3.643,2.000004403744242,109.28975935792575,27.697277138608115,3.975436902683017,5157,6
272843289,81,6.96710269,3.643,2.0000158286711667,109.2891350491096,26.62384902045278,3.8213659544112133,4908,6
272843289,82,6.96710269,3.643,1.999981970366207,109.29098523822036,25.852550796543255,3.710660219440982,4945,4
272942100,41,3.306539,1.767,1.9999943271250231,53.01015035997775,26.588902787399547,8.041309292707435,9251,2
272942100,54,3.306539,1.767,2.000030928538763,53.009180251756895,26.22948157710198,7.932609165384705,8944,4
272942100,74,3.306539,1.767,1.9999672378617106,53.010868374700266,26.703728147369475,8.076036044749351,4643,5
272942100,75,3.306539,1.767,2.00001077268098,53.00971447162857,27.69736129408011,8.376541542101911,5157,4
272942100,81,3.306539,1.767,2.000015829980839,53.009580429678756,26.623808218745125,8.051865778309322,4934,4
272942100,82,3.306539,1.767,1.9999755994649604,53.01064674407167,25.852457889200195,7.818585502605654,4945,4
272943597,74,8.408878,3.485,1.999967571828165,104.55169521016894,26.70373005169131,3.175659113105376,4643,5
272943597,75,8.408878,3.485,2.0000114445429062,104.54940173994298,27.697372045733573,3.2938249366602266,5157,4
272943597,81,8.408878,3.485,2.0000158286711667,104.54917256276337,26.62380315304881,3.1661540520683986,4934,4
272943597,82,8.408878,3.485,1.9999745949462522,104.55132806605445,25.85244594685082,3.074422764469983,4945,4
273132699,81,2.382667,1.812,2.0000144888763316,54.3596061951942,26.62384397827236,11.173967649811056,4908,7
273132699,82,2.382667,1.812,1.9999802946404088,54.360535596950754,25.85252851860878,10.850248280019313,4945,4
273377282,41,5.458498316,4.0346,2.000000699335942,121.03795767690293,26.588985174289974,4.871117225840686,9251,2
273377282,54,5.458498316,4.0346,2.000033276126487,121.03598619560694,26.229525382324937,4.8052639872473195,8944,4
273377282,74,5.458498316,4.0346,1.9999645549978595,121.04014513410169,26.703693830693737,4.892131917018207,4643,5
273377282,75,5.458498316,4.0346,2.0000030619848985,121.03781469201964,27.69725364599617,5.074152640994636,5157,6
273377282,81,5.458498316,4.0346,2.000017505051801,121.0369406210423,26.623868385443075,4.877507849989245,4908,6
273377282,82,5.458498316,4.0346,1.9999836467468413,121.03898969062026,25.85257280951646,4.736206061241635,4945,4
273379660,41,3.148664534,2.1794,2.0000000261643436,65.38199914466145,26.588973819605144,8.444524188744568,9251,2
273379660,54,3.148664534,2.1794,2.0000336100929417,65.38090127091583,26.22952383167285,8.330364682690217,8944,4
273379660,55,3.148664534,2.1794,1.9999846820428502,65.38250076317252,27.16235995285433,8.62662873721508,9633,2
273379660,81,3.148664534,2.1794,2.0000171710853465,65.3814386648683,26.623862865028514,8.45560477387729,4908,7
273379660,82,3.148664534,2.1794,1.9999819716758793,65.3825893692565,25.85255209713523,8.210640358149767,4945,4
273499989,74,6.20920207,2.637,1.99996556082624,79.11136226497571,26.7037040975938,4.300665978743675,4643,5
273499989,75,6.20920207,2.637,2.0000094315764727,79.10962693575192,27.697341914188655,4.4606926303799055,5157,4
273499989,81,6.20920207,2.637,2.0000175063614734,79.10930754193313,26.623830124616234,4.287802172399945,4934,4
273499989,82,6.20920207,2.637,1.9999766066030134,79.11092533664119,25.85247313052696,4.163574133854362,4945,4
273685548,81,25.8476,5.985,2.000016837118892,179.54848846037646,26.623865705795197,1.0300324094227393,4908,6
273685548,82,25.8476,5.985,1.9999819710210431,179.55161856617642,25.852550297587186,1.000191518655008,4945,4
273694712,82,96.101141,8.36,1.9999769418791402,250.80289152169232,25.85247649772373,0.269013210755986,4945,4
274198958,74,22.064,3.493,1.9999625439959345,104.79196254408753,26.70366868184101,1.2102823006635701,4643,5
274198958,75,22.064,3.493,2.0000013869139366,104.78992733269467,27.69723838115351,1.2553135596969502,5157,6
274198958,81,22.064,3.493,2.0000191820872715,104.78899496417675,26.623889485720156,1.2066664922824581,4908,6
274198958,82,22.064,3.493,1.9999843179539312,104.79082166724648,25.85258292344679,1.1717087981982772,4945,4
275486985,82,12.699149,2.819,1.9999762687075417,84.57100348960864,25.852478140460335,2.0357646122949133,4944,4
275490218,74,2.104722184,1.7575,1.9999766255932627,52.72561621499944,26.703847352700905,12.687587728063262,4643,6
275490218,75,2.104722184,1.7575,2.000016472375137,52.72456575058702,27.697429789363014,13.1596606905736,5157,6
275490218,81,2.104722184,1.7575,2.0000044305925258,52.724883198763294,26.623709598436562,12.649512510880896,4908,6
275490218,82,2.104722184,1.7575,1.9999715774611104,52.72574929982998,25.852414444631904,12.28305314647261,4945,4
275493574,81,6.308205,3.008,2.0000057723518694,90.23973955223535,26.623684125832824,4.22048492809489,4934,5
275493574,82,6.308205,3.008,1.9999678887688788,90.24144888201087,25.85235919578281,4.098211645909227,4945,4
275494853,75,56.4349938,4.7029,2.000020830964786,141.0855305261409,27.69749682805741,0.4907858575516918,5157,5
275494853,81,56.4349938,4.7029,2.00000610697316,141.08656919405433,26.62367623496948,0.4717582911291022,4934,4
278348461,14,5.452654,3.1752,2.0000172516301973,95.2551783464444,26.850048455388333,4.924216437607876,5380,4
278348461,41,5.452654,3.1752,1.9999815872870386,95.25687696876662,26.58872721446778,4.876290924468668,9251,2
278348461,54,5.452654,3.1752,2.0000406495819334,95.25406398106085,26.229540859509143,4.810417249931711,8945,4
278348461,81,5.452654,3.1752,2.000009125113138,95.2555653910944,26.623774747943116,4.882718534486713,4934,5
279912260,80,12.00096042,3.433,2.0000269084994216,102.98861436546495,26.447544139979982,2.2037856316819666,4721,5
279912260,82,12.00096042,3.433,1.9999595068657072,102.99208523616927,25.852259536118254,2.154182551342691,4944,4
279913347,75,99.2530951,6.006,2.0000315598008456,180.1771568224069,27.69765377640033,0.27906085697875965,5157,4
279913347,82,99.2530951,6.006,1.9999571605876554,180.18385948532716,25.852227750544444,0.2604677236966532,4944,4
279913760,74,23.6225913,6.544,1.9999964075395837,196.32035263654788,26.70409459183611,1.1304473015979457,4643,6
279913760,75,23.6225913,6.544,2.0000322310079355,196.3168362552464,27.697663961809667,1.172507436210424,5157,4
279913760,81,23.6225913,6.544,1.9999873308552196,196.32124361112938,26.623471764728038,1.127034347189846,4908,5
279913760,82,23.6225913,6.544,1.9999564893805655,196.3242710953227,25.85221705965978,1.0943853166379667,4944,4
279915521,80,4.56380468,2.32,2.000025202651159,69.59912295879154,26.447544868507066,5.79506502204364,4721,6
279915521,81,4.56380468,2.32,1.9999853185436223,69.60051091843245,26.623448626949994,5.8336082487539755,4908,5
279917282,40,39.859484,8.06,2.000019375263946,241.79765755328168,28.200214633664473,0.7074907099566183,9882,2
279917282,54,39.859484,8.06,2.000006117450539,241.79926040249208,26.229177800749312,0.6580410775199527,8944,4
279917282,55,39.859484,8.06,1.9999645654752385,241.80428410994637,27.16210346964408,0.6814464399399671,9632,2
279917282,74,39.859484,8.06,1.9999945622112136,241.80065743045176,26.704066193016843,0.6699551402375615,4643,6
279917282,80,39.859484,8.06,2.0000253984471783,241.7969293667308,26.447525596998275,0.6635190158758271,4721,5
279917282,81,39.859484,8.06,1.9999910195474513,241.80108574158837,26.623527540007217,0.6679345758717603,4908,5
279947414,52,4.0664428,2.106,1.9999849963642191,63.180473968409935,24.440141836956172,6.010201800196519,8385,2
279947414,53,4.0664428,2.106,2.000027217582101,63.17914020828215,24.982331780238383,6.143534535943401,7244,3
279947414,59,4.0664428,2.106,1.999990032054484,63.18031488896825,24.31240835802646,5.978790199145666,4596,4
279947414,73,4.0664428,2.106,1.999974611971993,63.18080201798556,26.849670895257077,6.602741564508685,4650,5
279947414,79,4.0664428,2.106,1.99999437230872,63.18017777926777,27.1346773135474,6.672828968244039,5252,5
279947414,86,4.0664428,2.106,2.0000114838330774,63.179637227796086,26.565301969538723,6.532810929871858,4733,21
280210963,6,2.828042,2.57424,2.0000226419142564,77.22632572407731,21.772449602573715,7.69877165988826,8487,2
280210963,33,2.828042,2.57424,2.000006481539458,77.22694972523907,25.838965633139196,9.136697981550203,8731,2
280210963,87,2.828042,2.57424,1.9999963721784297,77.22734008350508,23.05557186797523,8.152485666045706,4829,5
280304863,6,0.85359163,1.059,2.00002331246651,31.769629685785954,21.772456558156364,25.5068768166768,8482,2
280304863,33,0.85359163,1.059,2.0000071520917118,31.769886389429434,25.83897355683166,30.270884400344528,8731,2
280304863,87,0.85359163,1.059,1.9999977119732648,31.770036345346266,23.04168972986281,26.99380935806834,4829,5
280437559,34,1.8237305,1.519,1.9999662470945623,45.57076907292962,24.887082030862075,13.646249832890373,8437,2
281408474,87,3.4095675,3.7824,1.999988325223967,113.4726623839596,23.619400325620973,6.927388979869432,4829,5
281459670,1,3.1743516,2.7504,2.0000273613186437,82.51087119688081,27.880887470857715,8.783175584852577,9409,16
281459670,2,3.1743516,2.7504,1.9999717189057264,82.51316678132427,27.405134736142372,8.633301596503163,9225,3
281459670,28,3.1743516,2.7504,2.000017894679331,82.51126174371494,23.630743425712353,7.444274108045358,7420,2
281459670,29,3.1743516,2.7504,1.9999676104635,82.51333628435866,24.719004517652138,7.787103519865958,8010,2
281459670,68,3.1743516,2.7504,2.0000225407420658,82.511070069626,23.90581071981751,7.530927172597235,4973,4
281459670,95,3.1743516,2.7504,2.000026885580155,82.51089082341555,23.83502999761913,7.508629478101648,4100,4
281459670,96,3.1743516,2.7504,1.9999752641888335,82.5130205132471,23.97609347231537,7.55306799420561,4262,5
281541545,68,4.1480467,2.346,2.000033604199416,70.37881748809123,23.872605422025117,5.7551438420462135,4976,4
281541545,69,4.1480467,2.346,1.9999766098771943,70.38082310804784,23.901104777870387,5.762014390501049,4375,10
281541545,95,4.1480467,2.346,2.000037947727833,70.3786646447944,23.793492056267496,5.736071403503605,4084,4
281541545,96,4.1480467,2.346,1.9999829755397514,70.38059909585579,23.812303952006005,5.7406065249954885,4241,6
281575427,1,4.25300773815,3.3953599,2.0000380901547032,101.85885709018775,27.881033396299472,6.555603731026207,9409,16
281575427,2,4.25300773815,3.3953599,1.9999811059824424,101.86175928893422,27.405255041365763,6.443735052616357,9225,3
281575427,28,4.25300773815,3.3953599,2.0000303005508613,101.85925380424969,22.70725349626491,5.339104674693645,6921,2
281575427,29,4.25300773815,3.3953599,1.9999766642285977,101.86198551400426,24.291343451173816,5.711568129368186,7506,2
281575427,68,4.25300773815,3.3953599,2.000032935611671,101.85911960379579,23.99343774232875,5.64152224015599,4994,4
281575427,69,4.25300773815,3.3953599,1.9999776150507387,101.86193708714667,23.956671481707417,5.632877473232212,4388,10
281575427,95,4.25300773815,3.3953599,2.0000376242387574,101.85888081857425,23.897657835507744,5.619001729327419,4109,4
281575427,96,4.25300773815,3.3953599,1.9999846519203857,101.86157868980968,24.156758936236656,5.679923579622857,4302,5
281886199,45,7.6188,2.487,2.00017714232672,74.6033922907542,24.123007612921356,3.1662476522446257,8254,2
281886199,46,7.6188,2.487,2.000202133494895,74.60246017199884,25.701176733619832,3.3733890814327494,8618,2
281886199,72,7.6188,2.487,2.0001871783460956,74.60301796524176,23.164666642805514,3.040461311860859,4514,5
281909674,6,4.03519,3.14,2.000029369373806,94.19861672280675,21.772527770340048,5.39566359213322,8471,2
281909674,33,4.03519,3.14,2.0000138589239214,94.19934724920653,25.83906473796833,6.403431991546452,8731,2
281909674,87,4.03519,3.14,2.0000064298073994,94.19969715704511,22.686208939217522,5.622091881477086,4829,4
283722336,17,3.092926,0.945,1.9999967847252265,28.350045576593182,23.659625692032478,7.649593198166551,7569,2
283722336,24,3.092926,0.945,2.000031296556699,28.349556378250703,26.485087776084356,8.563117182914935,8055,4
283722336,57,3.092926,0.945,1.9999984218156897,28.35002237078025,28.759744469809903,9.298555629785486,5254,5
283722336,77,3.092926,0.945,1.999980263208272,28.350279771783644,28.0618829965606,9.072924149029301,4928,3
283722336,84,3.092926,0.945,1.9999967113835737,28.35004661621449,25.75004059494904,8.325462877207228,4653,4
284441182,17,2.527093,1.28,2.000027967042115,38.39946304029998,23.019809186940165,9.10920539407935,7108,2
284441182,18,2.527093,1.28,1.9999773624476802,38.4004346459242,23.687197996660416,9.373298883998498,7711,3
284441182,24,2.527093,1.28,1.9999977679617587,38.40004285518206,26.484606928418316,10.480266032321849,7260,4
284441182,58,2.527093,1.28,1.9999779424688313,38.400423509269224,27.144160326137353,10.74125895886592,4674,4
284441182,78,2.527093,1.28,2.000021826970624,38.39958092673757,18.050173761393125,7.14266303669597,5326,3
284441182,85,2.527093,1.28,1.9999913764331723,38.40016557319701,25.48872635384896,10.08618454241651,4375,6
287139872,14,0.9351861,1.041,1.999967819192534,31.23050251139419,26.84957021568016,28.710403432728693,9245,3
287139872,15,0.9351861,1.041,1.9999720980558777,31.230435694935835,24.24688949688607,25.927341624181615,7569,2
287139872,16,0.9351861,1.041,1.9999826726780157,31.230270568476897,23.759522052487682,25.406196747885456,7697,2
287139872,17,0.9351861,1.041,1.999995443620719,31.230071148024557,22.311067329175103,23.857355588556228,6598,2
287139872,18,0.9351861,1.041,2.0000104302016553,31.229837133250516,22.90151186606863,24.48872140643304,7155,3
287139872,19,0.9351861,1.041,2.0000230488949455,31.22964009565312,24.43639254673326,26.12997835054783,8223,2
287139872,20,0.9351861,1.041,2.0000309768329316,31.22951630424545,26.318458594110325,28.142482650362666,8838,2
287139872,21,0.9351861,1.041,2.000031226325518,31.229512408539875,27.155974132949268,29.038042944553247,9445,2
287139872,22,0.9351861,1.041,2.0000242932474066,31.229620665549376,26.05863512155156,27.864651882177846,8597,2
287139872,23,0.9351861,1.041,2.0000073482151492,31.229885258042014,24.694564866503697,26.406043531339588,7192,2
287139872,24,0.9351861,1.041,1.9999961760549922,31.23005971101546,26.484654988854118,28.320197433274636,5725,4
287139872,25,0.9351861,1.041,1.9999809010187164,31.230298233440717,25.67198398552091,27.451203547102452,8768,2
287139872,26,0.9351861,1.041,1.9999725983507233,31.230427882615796,24.866319661696934,26.58970194456155,8499,2
287139872,40,0.9351861,1.041,1.999969932512613,31.23046951087405,28.19956004877622,30.15395550551513,9882,2
287139872,41,0.9351861,1.041,1.9999699364416301,31.230469449520605,26.588473852371862,28.431211554974848,9251,2
287139872,47,0.9351861,1.041,2.0000336657540174,31.229474318099754,25.92263841344038,27.71922980189759,8590,2
287139872,48,0.9351861,1.041,2.000030713097658,31.229520422344724,25.093431749570755,26.83255423660676,7667,2
287139872,49,0.9351861,1.041,2.0000209809222724,31.22967238633553,23.894686640869622,25.550729037642476,7210,2
287139872,50,0.9351861,1.041,2.0000050369708333,31.229921347898518,26.237585186795513,28.056004240006896,5912,4
287139872,51,0.9351861,1.041,1.9999909553735051,31.23014123248141,24.579070678698827,26.28254491667362,5821,4
287139872,52,0.9351861,1.041,1.9999797144555487,31.23031676198945,24.440030761721573,26.133868715244564,8385,2
287139872,53,0.9351861,1.041,1.9999723986256868,31.230431001408014,24.981584164272135,26.71295495545981,8678,2
287139872,55,0.9351861,1.041,1.9999716049642302,31.230443394778646,27.16210456329327,29.0445982497957,7869,3
287139872,56,0.9351861,1.041,1.9999802160600666,31.230308929277975,27.880283086400595,29.812550770804435,5148,6
287139872,57,0.9351861,1.041,1.9999942308641039,31.23009008531687,28.759642488940244,30.75285495468789,5254,5
287139872,58,0.9351861,1.041,2.000011889176676,31.229814351609804,26.694587222520568,28.544679206117976,4644,4
287139872,59,0.9351861,1.041,2.000025655142963,31.229599400081355,24.278070010062947,25.96068313040896,4596,4
287139872,60,0.9351861,1.041,2.000033865806472,31.22947119438615,22.66841277663707,24.239467178390555,4410,4
287139872,73,0.9351861,1.041,2.000031105999369,31.229514287374137,26.850355524975384,28.71124316857937,4650,5
287139872,74,0.9351861,1.041,2.0000344607251463,31.229461905048407,26.704587698763135,28.555372774213748,4643,6
287139872,75,0.9351861,1.041,2.00002963130828,31.229537313976202,27.697624401540452,29.61723276419576,5157,5
287139872,76,0.9351861,1.041,2.000020569685148,31.22967880766982,27.078047964831057,28.95471603441396,5103,4
287139872,77,0.9351861,1.041,2.0000054927368183,31.229914231150133,28.062130743615853,30.0070015407798,3182,2
287139872,78,0.9351861,1.041,1.9999858679511817,31.230220673501577,17.13739999471227,18.325122662443622,3529,3
287139872,79,0.9351861,1.041,1.9999764559906907,31.23036764403327,27.13441948352829,29.014994431085203,5252,6
287139872,80,0.9351861,1.041,1.9999681081390008,31.23049799935056,26.446820731634034,28.279741039386742,4721,6
287139872,81,0.9351861,1.041,1.999965454742778,31.23053943350895,26.623180454244448,28.468323528594414,4908,5
287139872,82,0.9351861,1.041,1.9999704606379964,31.230461263950403,25.852413477191476,27.64413786431543,4670,6
287139872,83,0.9351861,1.041,1.9999809586443007,31.23029733360006,24.91920882416389,26.64625663722321,4799,9
287139872,84,0.9351861,1.041,1.9999951214413159,31.23007617887967,25.749922158715435,27.53454329434049,4428,5
287139872,85,0.9351861,1.041,2.000012292555766,31.229808052921467,25.48899323643991,27.25553046226832,4375,6
287139872,86,0.9351861,1.041,2.0000256492494373,31.2295994921064,26.56555719889775,28.40670664255783,4885,22
287145649,63,3.601501,3.07,1.999975619110046,92.10112275366924,24.410887653635655,6.777976086536046,4650,4
287145649,90,3.601501,3.07,1.9999796149204485,92.10093874248152,25.72328560595406,7.142379137463536,5215,4
287156968,11,25.0571312329,7.5424225,2.0000333488133037,226.2689021003137,24.8587591243936,0.9920832075043795,7558,2
287156968,12,25.0571312329,7.5424225,2.000004346773494,226.27218322303577,24.434795882971684,0.975163343954108,7310,2
287156968,13,25.0571312329,7.5424225,1.9999763492523925,226.27535079060567,28.43579958090959,1.1348385941154109,9727,3
287156968,27,25.0571312329,7.5424225,1.9999640468449797,226.27674268140353,23.492640237264823,0.9375630441851618,8521,2
287156968,38,25.0571312329,7.5424225,2.0000306273141177,226.26920999091521,26.696221310921374,1.0654141155580192,9533,2
287156968,39,25.0571312329,7.5424225,2.0000026094930945,226.27237977189375,27.94584534453179,1.115285109248217,9924,2
287156968,65,25.0571312329,7.5424225,2.0000255582272075,226.2697834727319,27.889228885501325,1.1130256143960637,5248,4
287156968,66,25.0571312329,7.5424225,1.9999975652899593,226.2729504545122,24.929127260371843,0.9948915152601312,5192,5
287156968,67,25.0571312329,7.5424225,1.9999690714030294,226.27617420229797,24.846831503567955,0.9916071904889127,5009,4
287156968,93,25.0571312329,7.5424225,1.9999953820661176,226.2731974573326,24.473549110827662,0.9767099387137305,4366,4
287156968,94,25.0571312329,7.5424225,1.9999697190360166,226.27610092923126,24.060740121301933,0.9602352279541958,4012,5
287256467,25,18.261608,4.9,2.0000145131052705,146.99893329450322,25.67116842403948,1.4057452347043853,8768,2
287256467,26,18.261608,4.9,1.9999702510904172,147.0021865773785,24.866191672392915,1.361664957017636,8500,2
287256467,52,18.261608,4.9,2.000003771172487,146.99972281934484,24.44047578734535,1.3383528869607404,4081,4
287256467,79,18.261608,4.9,1.999994337602402,147.00041618740175,27.134780846815374,1.4858921978182522,5250,5
287328202,61,3.83479363758,3.5182216,2.0000099678873084,105.54612196407521,23.819568774546042,6.211434310602882,3977,4
287328202,62,3.83479363758,3.5182216,1.9999905402073637,105.54714722706306,24.226282123700457,6.317493042204167,4602,4
287328202,63,3.83479363758,3.5182216,1.9999739427294116,105.5480231466996,26.530216970545553,6.918290650781359,4650,5
287328202,66,3.83479363758,3.5182216,1.9999634915438946,105.54857470775336,23.88010307921968,6.227219854857576,5192,5
287328202,67,3.83479363758,3.5182216,1.999977789237164,105.5478201488006,24.206642531955367,6.312371621444357,5009,4
287328202,68,3.83479363758,3.5182216,1.999997059101588,105.54680320121297,24.384639525387684,6.358787937484936,4939,4
287328202,69,3.83479363758,3.5182216,2.0000151672866195,105.54584757793914,23.68208879977874,6.175583626639074,4367,10
287328202,87,3.83479363758,3.5182216,2.000028140246286,105.54516296655991,23.760062474697406,6.195916839397785,4657,5
287328202,88,3.83479363758,3.5182216,2.000011807976989,105.5460248574836,27.771008242826156,7.241852070128978,4963,7
287328202,89,3.83479363758,3.5182216,1.9999916953383945,105.54708626641745,28.805434493396206,7.511599636316879,5333,4
287328202,90,3.83479363758,3.5182216,1.999973671627231,105.54803745403757,26.482981601390748,6.905973072935211,5037,4
287328202,93,3.83479363758,3.5182216,1.999963168054819,105.54859177997318,23.996775534793414,6.257644557357959,4202,4
287328202,94,3.83479363758,3.5182216,1.9999729761912022,105.54807415548748,23.791366653905243,6.204080037255699,3937,5
287328202,95,3.83479363758,3.5182216,1.9999881480907789,105.54727346835185,23.705452630794753,6.181676218111807,4099,4
287328202,96,3.83479363758,3.5182216,2.000006086018402,105.54632682155635,23.883448011742075,6.228092113664312,4164,5
287328202,97,3.83479363758,3.5182216,2.0000318066740874,105.54496948277705,52.324466016189945,13.644662780135942,4865,8
287328202,98,3.83479363758,3.5182216,2.00003725818533,105.5446817983425,57.37331529724224,14.961252343541615,5082,10
287331845,37,2.289363,1.88,2.0000138602335937,56.399609144121335,24.29749773498179,10.613213254071892,7876,2
287331845,91,2.289363,1.88,1.9999930626363494,56.40019563433354,23.504192421710286,10.266695330408629,4788,4
288735205,14,3.477978,2.4754,2.0000324228749378,74.26079612574722,26.85043107390129,7.720126773056441,9245,2
288735205,17,3.477978,2.4754,2.000034335651435,74.26072510481374,22.337890355961235,6.422665800635092,6617,2
288735205,18,3.477978,2.4754,2.000018770195311,74.26130305041885,23.008560629883505,6.615499186562856,7224,3
288735205,19,3.477978,2.4754,1.9999994970567059,74.26201867479215,24.895832703562064,7.158134037524696,8553,2
288735205,20,3.477978,2.4754,1.9999819009535713,74.26267204177461,26.317781482304326,7.566977560612611,8838,2
288735205,21,3.477978,2.4754,1.999964358547004,74.26332342637562,27.20226366913562,7.821286871031277,9470,2
288735205,24,3.477978,2.4754,1.9999694371290389,74.26313484730376,26.4843190748295,7.61486101258533,9279,2
288735205,25,3.477978,2.4754,1.9999878573435126,74.26245087171543,25.67206535953983,7.381319076641609,8768,2
288735205,26,3.477978,2.4754,2.000007467067917,74.26172274133633,24.866756763540934,7.149774024890593,8500,2
288735205,40,3.477978,2.4754,2.0000187047116924,74.26130548184553,28.200269397760167,8.108236854218218,9729,4
288735205,41,3.477978,2.4754,2.000035315286368,74.26068873125578,26.589356541844154,7.645061740426235,9251,3
288735205,47,3.477978,2.4754,1.9999727993854322,74.26300999975582,25.8288347265252,7.426393935362789,8523,2
288735205,48,3.477978,2.4754,1.9999581677257083,74.2635533066659,24.893935738661185,7.157588615759267,7524,2
288735205,50,3.477978,2.4754,1.9999601937888656,74.2634780738439,26.23697070318758,7.543742572031101,5991,4
288735205,51,3.477978,2.4754,1.9999729342816863,74.26300499078711,24.57744932004789,7.066591370056939,6126,6
288735205,52,3.477978,2.4754,1.9999906112570898,74.26234861504953,24.440165620024345,7.0271190962175,8385,2
288735205,53,3.477978,2.4754,2.0000096149306046,74.26164298972803,24.982066192651473,7.182928182021702,8678,2
288735205,54,3.477978,2.4754,2.000027408139431,74.26098232232111,26.229523931091535,7.541601450926813,8945,4
288735205,55,3.477978,2.4754,2.000040252751205,74.26050540517578,27.163039934923745,7.810009130283097,7804,4
288735205,58,3.477978,2.4754,2.000019013794372,74.261294005513,27.718349898545057,7.96967372954776,5087,4
288735205,59,3.477978,2.4754,1.9999980793363648,74.26207131622992,24.786118536924732,7.126588649187756,4596,4
288735205,60,3.477978,2.4754,1.9999823331454536,74.26265599377084,23.203936092229014,6.671674200420191,4410,4
288735205,73,3.477978,2.4754,1.9999955667299218,74.26216461211615,26.849898037149615,7.719973512526421,4650,5
288735205,74,3.477978,2.4754,1.999971261175233,74.26306711663626,26.703804602841046,7.677968234083438,4643,6
288735205,75,3.477978,2.4754,1.9999592652311549,74.26351255350875,27.696651641033895,7.963434973146437,5157,4
288735205,77,3.477978,2.4754,1.9999616573477397,74.26342372831584,28.061482768804126,8.06833245316794,4928,3
288735205,78,3.477978,2.4754,1.9999772326264065,74.2628453849725,18.04980233178958,5.1897402260133845,5326,5
288735205,79,3.477978,2.4754,1.9999911616469035,74.2623281783391,27.13464343238138,7.801844471811317,5252,5
288735205,80,3.477978,2.4754,2.0000112893467303,74.2615808176327,26.44740680040104,7.604247870573374,4721,6
288735205,81,3.477978,2.4754,2.0000282443652395,74.2609512732846,26.624017230464688,7.655027498869944,4908,5
288735205,85,3.477978,2.4754,2.0000240658555413,74.26110642147026,25.48918880021074,7.328737789661333,4375,6
288735205,86,3.477978,2.4754,2.00000947152148,74.26164831460143,26.565334136721958,7.638154737241569,4733,21
289164482,14,2.67963,0.9028948,1.9999696420927648,27.08725515618964,26.849480101584504,10.019846061428073,9245,3
289164482,26,2.67963,0.9028948,2.0000259072548943,27.08649313165912,24.86688188556468,9.279968460408593,8499,2
289164482,40,2.67963,0.9028948,1.999997079728928,27.086883550521232,28.1999002436105,10.523803750372439,9882,2
289164482,53,2.67963,0.9028948,2.0000037482532207,27.086793235920005,24.98209919197143,9.322965928867578,8678,3
289164482,54,2.67963,0.9028948,1.9999806364648975,27.08710625106636,26.22882902591664,9.788227862024474,8945,4
289164482,74,2.67963,0.9028948,2.0000205474207178,27.08656572046917,26.704415294627324,9.965709928097285,4643,6
289164482,80,2.67963,0.9028948,2.000000058906153,27.086843202209135,26.447267745325917,9.869746101262457,4721,7
289164482,81,2.67963,0.9028948,1.9999631929385941,27.08734250273941,26.623152155309526,9.935383674354119,4908,6
289661991,47,2.8989727,1.78,2.0000004596658982,53.399987726923335,26.379195837958378,9.099497845550038,8919,2
289661991,60,2.8989727,1.78,2.0000235711268033,53.3993706583315,23.35857319272918,8.057534723500218,4410,4
289661991,74,2.8989727,1.78,1.9999967415060382,53.40008700193052,26.70413322798595,9.211584927304058,4588,5
290005350,74,8.0472642,4.5,1.9999811518209754,135.0012722640741,26.70388326252032,3.318380333843186,4643,6
290005350,76,8.0472642,4.5,2.000035572636989,134.99759888971016,27.078249236270494,3.3649012339212736,5103,6
290005350,80,8.0472642,4.5,2.0000325780711137,134.99780101601917,26.44766293576231,3.2865409011626965,4721,6
290005350,81,8.0472642,4.5,2.0000056027492974,134.99962181548187,26.62372273939809,3.3084191195559463,4908,5
290005350,82,8.0472642,4.5,1.9999799590368639,135.00135277856717,25.85253947107867,3.212587387286063,4944,4
290005350,83,8.0472642,4.5,1.9999579922296107,135.00283558405957,24.918926530570843,3.096571196279456,4799,9
290033595,74,2.416601183,1.9656,1.999980984182912,58.96856066768181,26.703896196611822,11.050187504858066,4643,6
290033595,75,2.416601183,1.9656,2.0000131202687044,58.967613164535216,27.69738048002364,11.46129558938631,5157,6
290033595,80,2.416601183,1.9656,2.0000329159665853,58.96702952161332,26.44767085654439,10.944160353224651,4721,6
290033595,81,2.416601183,1.9656,2.0000037613499444,58.96788910056681,26.623697149447707,11.0170007929884,4908,5
290033595,82,2.416601183,1.9656,1.9999762706720503,58.96869964380631,25.852486764973037,10.697870607213485,4944,4
290035455,80,1.796302,1.974,2.000034255106584,59.218985723666115,26.44768200994713,14.72340508998327,4721,6
290035455,81,1.796302,1.974,2.0000024189357646,59.21992837539864,26.62367700237928,14.821381372608437,4908,5
290035455,82,1.796302,1.974,1.9999729185656179,59.22080189213025,25.85244044459705,14.392034549088654,4944,4
290348383,13,6.441008,1.762,2.0000169163540704,52.859552904543534,28.436343577019215,4.4148902744755505,9728,3
290348383,27,6.441008,1.762,1.9999943890070426,52.86014829895991,24.362380545804854,3.782386319937012,8521,2
290348383,67,6.441008,1.762,2.000001090927981,52.859971166789194,24.966651221732263,3.8762024859668336,5009,4
290348383,94,6.441008,1.762,2.0000010680087144,52.85997177254475,24.061112911917007,3.7356129524939274,4012,5
290348383,101,6.441008,1.762,2.000088874337962,52.857651155623664,23.894145773065247,3.709690435575495,4040,4
293457754,42,4.5195064,3.0648,2.000135860143928,91.93775466170963,23.8363552767878,5.274105879524321,7399,2
293457754,43,4.5195064,3.0648,2.000060808059061,91.94120461689977,24.1535477428597,5.3442888681073,8012,2
293457754,70,4.5195064,3.0648,2.000052722141845,91.94157632158586,24.288117934810543,5.374064286049145,4140,4
293457754,97,4.5195064,3.0648,2.0000144679215737,91.94333488552083,52.28790122666305,11.569383158006604,4938,8
293612446,32,2.62669762,4.19904,2.0000185593380593,125.97003103980431,25.918268557615647,9.867244847777966,9339,2
293612446,43,2.62669762,4.19904,2.0001851961569628,125.95953638896398,24.3008489503045,9.251483218043385,8121,2
293612446,71,2.62669762,4.19904,2.0001278645941056,125.96314688667555,24.140433222589763,9.190411960166836,4189,4
293612446,98,2.62669762,4.19904,1.999993693898432,125.97159719484331,52.71657805387258,20.069526713879075,5082,11
293954617,14,7.4341325,2.673,2.000032003779779,80.18871682898292,26.85035262487554,3.6117667562254967,9245,2
293954617,15,7.4341325,2.673,1.999992425480741,80.19030370149989,26.044394743591738,3.503353584778283,7546,3
293954617,16,7.4341325,2.673,1.9999632256804034,80.19147449345597,23.43017119028309,3.1517021239913454,7460,2
293954617,41,7.4341325,2.673,2.0000147789687617,80.1894074416262,26.58915808084521,3.5766322541123943,9251,2
293954617,54,7.4341325,2.673,2.0000404832535423,80.18837685680428,26.229635517272982,3.5282711893113263,8944,4
293954617,55,7.4341325,2.673,2.0000024503679015,80.18990175261936,27.16259665896405,3.6537681644716513,9633,2
293954617,56,7.4341325,2.673,1.9999722532520536,80.19111252129333,27.88021217910864,3.75029799093689,5148,4
293954617,75,7.4341325,2.673,1.9999866341095185,80.1905359089603,27.697038255182633,3.7256584080499824,5157,4
293954617,76,7.4341325,2.673,2.0000189771235455,80.1892391194511,27.078030121680058,3.642392723250502,5103,4
293954617,81,7.4341325,2.673,2.000026725800126,80.18892844336305,26.624005950518495,3.5813198043643286,4908,5
293954617,82,7.4341325,2.673,1.99999940537964,80.19002384131042,25.852794305382304,3.477580511967241,4945,4
293954617,83,7.4341325,2.673,1.999971738550812,80.19113315881755,24.919106674200975,3.351985813301145,4799,9
294301883,10,4.465631,3.53328,2.0000333435746143,105.9966328466819,24.362909065215263,5.455647603936658,7510,2
294301883,37,4.465631,3.53328,2.000003131397534,105.99823403869566,24.297368346336498,5.440970905642786,7876,2
294301883,91,4.465631,3.53328,1.9999823318357812,105.99933640684137,23.59712051627139,5.284162644936715,4788,4
297146115,91,18.0983,4.32,1.9999729454139015,129.60175316089473,23.752572030311967,1.3124200632275942,4788,4
298785034,40,11.32271513,3.027,2.0000136762246257,90.8093790352671,28.200288794415428,2.490594214429859,7987,5
298785034,41,11.32271513,3.027,1.9999820915109012,90.81081314222861,26.588745673164794,2.3482658856899805,9251,2
298785034,54,11.32271513,3.027,2.0000118164898595,90.80946347544786,26.229250982563826,2.3165160194720738,8944,4
298785034,55,11.32271513,3.027,1.9999697609455325,90.81137302502759,27.16217601129074,2.3989101288368047,8439,4
298785034,80,11.32271513,3.027,2.000027549584047,90.80874912836684,26.447591654195094,2.3357994394931927,4721,6
298785034,81,11.32271513,3.027,1.9999967205512803,90.81014890361328,26.62360259366369,2.35134438056499,4908,5
298785034,82,11.32271513,3.027,1.9999695654769312,90.81138190054868,25.852398433799863,2.2832331412545095,4944,4
298892283,40,2.5904434,2.1618,2.0000270872697,64.85312165300144,28.200302659829504,10.886284046904676,7961,3
298892283,41,2.5904434,2.1618,1.999981588596711,64.85459703207056,26.588741013525123,10.264165977733821,9251,2
298892283,53,2.5904434,2.1618,2.000029564514989,64.85304132564382,24.9823877526087,9.644058523961073,5942,5
298892283,54,2.5904434,2.1618,2.0000121530756587,64.85360591461028,26.229256075966987,10.125392462142576,8944,4
298892283,55,2.5904434,2.1618,1.999968921445543,64.85500779994587,27.16216360444423,10.485526765203298,9632,2
298892283,74,2.5904434,2.1618,1.999988024981576,64.85438831624748,26.70398203125842,10.308652963140759,4643,6
298892283,75,2.5904434,2.1618,2.0000206639815588,64.85332993599309,27.697491425687986,10.692181664995262,5157,6
298892283,80,2.5904434,2.1618,2.0000288913433906,64.85306315394125,26.447608943383784,10.209684158080345,4721,6
298892283,81,2.5904434,2.1618,1.9999970545177348,64.85409551329408,26.62360386701448,10.277624234914564,4908,5
298892283,82,2.5904434,2.1618,1.9999685603033868,64.85501951106863,25.852383706679575,9.979906801545857,4944,4
298897851,74,2.832652134,2.3844,1.9999868508602958,71.53247029522265,26.7039561515503,9.427192217154294,4643,6
298897851,75,2.832652134,2.3844,2.0000156335299835,71.53144085553731,27.69740304282641,9.7779048512091,5157,6
298897851,80,2.832652134,2.3844,2.0000277172221104,71.53100867957232,26.44759792374225,9.336691084053264,4721,6
298897851,81,2.832652134,2.3844,2.000000574917067,71.5319794375221,26.623651842234267,9.398842703865263,4908,5
298897851,82,2.832652134,2.3844,1.999975265498506,71.53288466512132,25.852478761303246,9.126598515574466,4944,4
298897851,83,2.832652134,2.3844,1.999954974744469,71.53361040954387,24.918886778405522,8.797016223526699,4799,9
298962633,80,13.2274528,6.104,2.0000280538079096,183.1174314293769,26.4476028521849,1.9994479097430535,4721,6
298962633,81,13.2274528,6.104,1.9999997367267497,183.12002410530198,26.623643157069182,2.0127566175907416,4908,5
298962633,82,13.2274528,6.104,1.9999739237391623,183.1223875735718,25.85245867546928,1.9544548044404497,4944,4
299030528,74,18.11472949,5.2269,1.9999855104106246,156.808136042751,26.703953864338473,1.4741569218066461,4643,6
299030528,75,18.11472949,5.2269,2.000016473684809,156.80570841609162,27.69743415272569,1.5290007045380225,5157,6
299030528,80,18.11472949,5.2269,2.000029730188544,156.80466908381177,26.44761798466334,1.460006234112599,4721,6
299030528,81,18.11472949,5.2269,1.9999997367267497,156.80702064154698,26.623642017945258,1.4697234111413309,4908,5
299030528,82,18.11472949,5.2269,1.9999727509275544,156.80913645175963,25.852441828891642,1.4271503111963746,4944,4
299032847,74,18.7959228,7.258,1.9999866832222324,217.74144980724896,26.70396380387865,1.4207317240033914,4643,6
299032847,75,18.7959228,7.258,2.0000201604125323,217.7378051580121,27.697478657371903,1.4735897222014502,5157,6
299032847,80,18.7959228,7.258,2.0000332774361596,217.73637714580497,26.447627922806532,1.407093879040966,4721,6
299032847,81,18.7959228,7.258,1.999998394967406,217.74017474003875,26.62361977633236,1.4164571784861961,4908,5
299032847,82,18.7959228,7.258,1.9999693975114496,217.7433317439083,25.852393022117212,1.3754255801751438,4944,4
299033074,74,10.11716531,4.939,1.9999863486009417,148.17101137080257,26.70396052608885,2.63947061334405,4643,6
299033074,75,10.11716531,4.939,2.000019656843506,148.16854373706167,27.697472314366678,2.737671221699814,5157,6
299033074,80,10.11716531,4.939,2.0000332774361596,148.16753468216186,26.447629149358363,2.6141343290315735,4721,6
299033074,81,10.11716531,4.939,1.999998730243533,148.1700940699676,26.623624099764584,2.6315300070711785,4908,5
299033074,82,10.11716531,4.939,1.9999698997708037,148.17223000904193,25.852399410990074,2.5553006814504715,4944,4
299154193,74,62.1387714,4.1578,1.9999846715654712,124.7349559958032,26.703942709655166,0.42974687313587867,4643,6
299154193,81,62.1387714,4.1578,2.000000574917067,124.7339641441576,26.623652602542734,0.428454763470633,4908,5
299156496,81,55.63934,7.119,1.9999990648648236,213.5700998584565,26.62362768745197,0.4785036574382797,4908,5
299158566,74,12.79836,6.244,1.9999846722203074,187.32143561084837,26.70394133246191,2.0865127510448143,4643,6
299158566,75,12.79836,6.244,2.0000166413228726,187.31844138666844,27.697432712086083,2.1641392109681306,5157,6
299158566,80,12.79836,6.244,2.000030904309824,187.3171055470674,26.447634999228285,2.0664862528658583,4721,6
299158566,81,12.79836,6.244,2.0000004072790034,187.3199618542563,26.62365030450428,2.080239210688266,4908,5
299158566,82,12.79836,6.244,1.9999727502727183,187.3225522442312,25.852439686733305,2.019980660548172,4944,4
299158887,14,9.4341505,2.903,2.0000061894825194,87.08973047981779,26.84999508501687,2.846042691921957,9245,3
299158887,40,9.4341505,2.903,2.0000173649168573,87.08924385126068,28.200338156490943,2.9891762015552907,7757,3
299158887,41,9.4341505,2.903,1.9999861148244236,87.0906046341682,26.588798194286483,2.8183563739296384,9251,2
299158887,53,9.4341505,2.903,2.00003157617175,87.08862503730917,24.982405957753144,2.64808219433781,6314,4
299158887,54,9.4341505,2.903,2.000015505182091,87.08932483208015,26.22930112683389,2.780250445107261,8944,4
299158887,55,9.4341505,2.903,1.9999734480006737,87.09115622216068,27.162228627756576,2.8791387870859784,8383,5
299158887,74,9.4341505,2.903,1.9999843369441805,87.09068205310717,26.703938626737,2.8305610162501647,4643,6
299158887,75,9.4341505,2.903,2.0000159701157827,87.08930458686116,27.697425238338838,2.9358684958798187,5157,6
299158887,80,9.4341505,2.903,2.0000303994311253,87.08867627689187,26.44763480202073,2.803393352906627,4721,6
299158887,81,9.4341505,2.903,2.0000007425551303,87.08996766544887,26.623654682186043,2.822051087926363,4908,5
299158887,82,9.4341505,2.903,1.9999732538417447,87.09116467703655,25.852447567235686,2.74030476482601,4944,4
299159378,40,2.707306716,3.4623,2.0000175325549208,103.86808946350848,28.200338912375628,10.416381249199999,7632,3
299159378,41,2.707306716,3.4623,1.9999869517050683,103.86967766109429,26.58880661809917,9.821128304732197,9251,2
299159378,53,2.707306716,3.4623,2.00003157617175,103.8673601331986,24.982403067044288,9.227769768161092,6429,4
299159378,54,2.707306716,3.4623,2.0000156734749908,103.8681860122921,26.229305423723417,9.688339067276711,8944,4
299159378,55,2.707306716,3.4623,1.9999741201900179,103.87034407238369,27.162240104095417,10.0329378801332,8048,3
299159378,74,2.707306716,3.4623,1.9999840010132175,103.86983090602588,26.70393536012307,9.863653498255152,4643,6
299159378,75,2.707306716,3.4623,2.000015130615793,103.86821420497887,27.697414124400893,10.230615526756182,5157,6
299159378,80,2.707306716,3.4623,2.0000302311382256,103.8674299846835,26.44763343355862,9.768983055098593,4721,6
299159378,81,2.707306716,3.4623,2.0000010791409295,103.86894395538563,26.623660722395016,9.834002392507275,4908,5
299159378,82,2.707306716,3.4623,1.999974092032062,103.87034553479091,25.852459516220733,9.549143199562296,4944,4
299160628,80,2.032325072,1.718,2.0000295618956443,51.53923820120935,26.447628039454685,13.013483130150886,4721,6
299160628,81,2.032325072,1.718,2.0000020836596377,51.53994630414708,26.623674410741387,13.100106266238784,4908,5
299160628,82,2.032325072,1.718,1.9999761865256005,51.54061368054221,25.85248884473276,12.720646515122441,4944,4
299160628,83,2.032325072,1.718,1.9999546407780144,51.54116893366153,24.91888341627282,12.261268514367282,4799,9
299217895,73,15.64591713,4.012,1.999959859167575,120.3624157237799,26.849416945651683,1.716065394093755,4650,5
299217895,74,15.64591713,4.012,1.999984169306117,120.3609526986988,26.703922382375822,1.7067661908532568,4643,6
299217895,76,15.64591713,4.012,2.000037920224713,120.35771800414365,27.078281654445163,1.7306931533290795,5103,6
299217895,80,15.64591713,4.012,2.0000300648098346,120.35819072694187,26.447629872530342,1.6903853991287465,4721,6
299217895,81,15.64591713,4.012,2.000002921849955,120.35982416332658,26.623683465874365,1.7016377656011759,4908,5
299217895,82,15.64591713,4.012,1.999977192353981,120.36137257979006,25.852502946586355,1.6523481961320061,4944,4
299217895,83,15.64591713,4.012,1.9999559805728495,120.36264914743288,24.918899494276502,1.5926774561841555,4799,9
299218775,74,1.543206604,2.6094,1.9999833304609638,78.28265246786559,26.70392657472439,17.304181115806312,4643,6
299218775,75,1.543206604,2.6094,2.0000134561996674,78.2814733144324,27.697392527146803,17.947948418154127,5157,6
299218775,80,1.543206604,2.6094,2.0000302337575704,78.28081663838367,26.447634235543774,17.138103327831388,4721,6
299218775,81,1.543206604,2.6094,2.0000020836596377,78.28191844356309,26.623673971040716,17.252177318339623,4908,5
299218775,82,1.543206604,2.6094,1.99997576775786,78.28294848568156,25.852481993574656,16.752443857202838,4944,4
300812741,27,11.30717,2.8,1.9999646754877176,84.00148365572056,22.44265607678085,1.9848163666753795,7409,2
300812741,28,11.30717,2.8,1.999965256327414,84.00145925959863,22.844039730376153,2.0203145199352406,6956,2
300812741,29,11.30717,2.8,1.999970377801219,84.00124415077605,24.467709313752948,2.1639109798254514,7573,2
300812741,30,11.30717,2.8,1.9999882116098888,84.00049511530298,25.917867483474765,2.2921621841251847,8321,2
300812741,31,11.30717,2.8,1.9999996182014002,84.00001603554425,25.429204813577144,2.2489451218631316,8550,2
300812741,32,11.30717,2.8,2.000023837972549,83.99899881708603,25.748874064283882,2.2772164975218274,9178,2
300812741,33,11.30717,2.8,2.000032172072679,83.99864879468304,25.839301878743754,2.2852138845302368,8731,2
300812741,35,11.30717,2.8,2.000031303759897,83.99868526266243,24.11566261532198,2.1327761601994117,7369,3
300812741,36,11.30717,2.8,2.0000212317245314,83.99910827703609,23.876642805914344,2.1116373775148287,7748,2
300812741,37,11.30717,2.8,2.000006148882676,83.99974174772159,24.259798354845316,2.1455234470557456,7999,2
300812741,38,11.30717,2.8,1.9999902258859947,84.00041051479442,26.695701314528833,2.360953387499156,9533,2
300812741,39,11.30717,2.8,1.9999748653935967,84.00105566673582,27.945484570073404,2.471483542749725,9924,2
300812741,61,11.30717,2.8,2.000034339580452,83.99855776238392,23.65458571735553,2.0919987686888524,3862,4
300812741,62,11.30717,2.8,2.000029934824852,83.99874275617391,24.172591675141575,2.137810935463213,4369,4
300812741,63,11.30717,2.8,2.0000195396278286,83.99917934364886,25.8544178466409,2.2865507325565018,4650,4
300812741,65,11.30717,2.8,1.9999875043868087,84.000524819033,26.120673631039608,2.310098250140363,5205,5
300812741,66,11.30717,2.8,1.999973509227857,84.00111262716719,24.828837877433216,2.195848994702761,5192,5
300812741,67,11.30717,2.8,1.9999644620111212,84.0014926220553,24.8551183578993,2.1981732261829707,4965,4
300812741,68,11.30717,2.8,1.9999633638508385,84.00153874645166,24.528725169888276,2.169307189145319,4888,4
300812741,69,11.30717,2.8,1.9999712461140007,84.00120768057472,23.898259326783773,2.113549130930531,4303,9
300812741,87,11.30717,2.8,2.000030517956475,83.99871826538602,23.71010032377626,2.09690845045898,4699,5
300812741,88,11.30717,2.8,2.000034318625694,83.99855864245355,24.826826890329357,2.1956711440908165,4963,5
300812741,89,11.30717,2.8,2.0000307864393108,83.99870698945254,28.805998383370934,2.547586919040833,5332,4
300812741,90,11.30717,2.8,2.000019018378225,83.99920123571015,26.64747116034914,2.3566879387458703,5215,4
300812741,93,11.30717,2.8,1.9999733232543804,84.00112043826084,23.992728047925084,2.1219038935405665,4179,4
300812741,94,11.30717,2.8,1.9999654986168025,84.00144908309198,23.796804538687866,2.104576524337024,3957,5
300812741,96,11.30717,2.8,1.9999689528776798,84.00130399938016,23.646857602616365,2.091315298400605,4212,5
300812741,97,11.30717,2.8,1.9999869634921197,84.00054753689996,51.85111792471071,4.5856848287158245,4903,8
300812741,98,11.30717,2.8,2.0000207510747714,83.99912846390225,57.372841915014305,5.074023112327338,5082,12
301609547,45,39.93767,5.808,2.0001835132279666,174.22401379441965,24.092523239660295,0.6032531001347925,8232,2
301609547,72,39.93767,5.808,2.0001922074879985,174.2232564927593,22.910533604052034,0.5736572414978649,4572,4
302908969,60,5.99002553853,2.2315303,2.000007142924005,66.9456699060837,23.59172607215305,3.9385017510196874,4410,4
305243225,54,1.212884,2.1792,2.000033946678741,65.37489036979943,26.229652267109486,21.625853970461712,6590,5
305243225,55,1.212884,2.1792,1.9999602049210807,65.37730084742337,27.161997198986228,22.394554795830622,9633,3
305243225,81,1.212884,2.1792,2.000013818324078,65.37554830974334,26.623884149940295,21.950890728165508,4908,7
305739565,64,3.3704181,4.888,2.0000319454993587,146.6376577933985,24.67670905673822,7.321557244407813,4969,4
306263608,17,20.772858,4.9427299,2.0000266246279352,148.27992305110922,23.03090830710903,1.1087019565198506,7116,2
306263608,42,20.772858,4.9427299,2.0001589941966813,148.2701099564878,23.808832856860136,1.1461510427144947,7379,2
306263608,43,20.772858,4.9427299,2.000097017880762,148.2747043512066,24.22476073166763,1.166173702803323,8069,2
306263608,70,20.772858,4.9427299,2.000084908650024,148.2756020593988,24.32045604296445,1.1707804502858707,4147,4
306263608,71,20.772858,4.9427299,1.9999971055949572,148.28211159424575,24.213853590996678,1.1656486358784466,4189,4
306263608,85,20.772858,4.9427299,1.9999608649959555,148.28479856309573,25.48839077480943,1.22700452555972,4375,6
306362738,6,2.78174,2.14,1.999990456388332,64.20030635139639,21.7721062835451,7.826794122939275,8435,2
306362738,33,2.78174,2.14,1.9999769778951304,64.2007390180732,25.83859036881495,9.288643212095648,8731,2
306362738,87,2.78174,2.14,1.9999688887037337,64.20099868814539,24.169100940352564,8.688483086252692,4829,5
306362738,98,2.78174,2.14,2.0000319166865665,64.1989754907107,57.37331792376108,20.624974988230775,5082,12
306648160,66,3.6525145,4.31,2.0000171782885445,129.2988894331844,24.64874934977479,6.7484329904165445,5194,5
306648160,93,3.6525145,4.31,2.0000071023241617,129.2995408363735,24.361189318293782,6.669703657109036,4377,4
306648160,100,3.6525145,4.31,2.0001187093293993,129.29232589734812,25.032131503694927,6.853396886910353,4558,5
306648160,101,3.6525145,4.31,2.0001470434363,129.29049434071558,24.383735460292883,6.675876429865749,4220,4
306955329,17,6.36338574,2.74,2.0000205893302336,82.19915378723887,21.73774095408089,3.416065258693698,6187,2
306955329,57,6.36338574,2.74,2.000031278221286,82.19871448520946,28.76018186941519,4.519635150927561,5254,5
306955329,58,6.36338574,2.74,1.9999561495205853,82.20180229421968,27.717453441893667,4.35577137303854,4644,5
306955329,84,6.36338574,2.74,2.000027893373044,82.1988535983564,25.750439414749508,4.046656994700672,4451,5
306955329,85,6.36338574,2.74,1.9999615375127178,82.2015808386288,25.48845066304193,4.005485712240027,4375,5
306996324,10,8.24662,2.382,1.9999884218123043,71.46041369104127,24.492961186518187,2.970060605013713,7604,2
306996324,37,8.24662,2.382,1.9999696044396842,71.46108604987563,24.389963862474815,2.9575709639191348,8055,2
306996324,63,8.24662,2.382,2.0000386503670597,71.4586190490721,26.531061529362887,3.2172043248461657,4650,5
306996324,90,8.24662,2.382,2.0000352786155418,71.45873951730074,27.917081566686647,3.385275611909685,5215,4
306996324,100,8.24662,2.382,2.0001277938717976,71.45543421670024,25.14463395046323,3.0490836185568426,4837,4
306996324,101,8.24662,2.382,2.000067441549618,71.45759039468592,23.949394207937985,2.904146693789454,4272,4
307210830,2,2.253114,1.01,1.9999695389560657,30.300461491844366,26.363512708946928,11.700922682539334,9226,3
307210830,5,2.253114,1.01,2.0000297861770377,30.29954874613844,25.43650328393528,11.289487919357512,8628,2
307210830,8,2.253114,1.01,2.000038304286136,30.29941970117901,24.08240401923149,10.68849779426673,7954,2
307210830,9,2.253114,1.01,2.000023821274226,30.299639111993883,24.18083557971022,10.732184691813295,8074,2
307210830,10,2.253114,1.01,2.000003671964805,30.29994436983534,24.594484279079552,10.915774469946728,7788,2
307210830,11,2.253114,1.01,1.9999818832729943,30.300274470900394,24.465058833118746,10.85833155052019,7224,2
307210830,12,2.253114,1.01,1.9999656217260053,30.300520839803806,25.63983251813852,11.379731570678855,8308,2
307210830,28,2.253114,1.01,1.999959431559546,30.300614624340056,22.84398522627589,10.138850154175906,6956,2
307210830,29,2.253114,1.01,1.999969289463479,30.300465271772666,24.46772093855043,10.85951307326235,7573,2
307210830,32,2.253114,1.01,2.0000363283179468,30.299449635980007,25.75876408603108,11.432516990277046,9187,2
307210830,35,2.253114,1.01,2.0000334005453624,30.299493990188264,24.115688900271834,10.70327062912566,7369,3
307210830,36,2.253114,1.01,2.000017879618099,30.29972912620736,24.17660435037169,10.73030674451967,7976,2
307210830,37,2.253114,1.01,1.9999975980317686,30.30003638986241,24.252750038899194,10.76410249942932,7866,2
307210830,38,2.253114,1.01,1.9999784912215546,30.30032586149789,26.69554471065885,11.848288506777221,9533,2
307210830,39,2.253114,1.01,1.9999623776675435,30.300569989058875,27.94531056461574,12.402972315034098,9924,2
307210830,61,2.253114,1.01,2.000041694700485,30.29936833845612,23.704668847711673,10.520847523787822,3862,4
307210830,62,2.253114,1.01,2.000031946809031,30.29951601357409,24.226776464223803,10.752574643015757,4406,4
307210830,63,2.253114,1.01,2.0000158522452693,30.299759840387704,26.53076095524648,11.775152502379585,4910,4
307210830,64,2.253114,1.01,1.999995065125404,30.300074763534607,26.916599543229495,11.946399313674094,5040,4
307210830,65,2.253114,1.01,1.9999750991701148,30.30037725226971,27.8885413327107,12.377776416422206,5248,6
307210830,69,2.253114,1.01,1.9999739270133432,30.300395010897407,24.059374236871918,10.678276481736795,4356,10
307210830,87,2.253114,1.01,2.0000419179996243,30.299364955615587,23.710234918434708,10.523317913978035,4743,5
307210830,88,2.253114,1.01,2.000041984138079,30.299363953660034,25.189423657983752,11.179826523639617,4963,5
307210830,89,2.253114,1.01,2.000032169453334,30.299512640621032,28.806017352083472,12.784979966430226,5332,4
307210830,90,2.253114,1.01,2.000013645447325,30.29979327288347,27.916851938977743,12.390341517995868,5215,4
307210830,96,2.253114,1.01,1.999968200470903,30.30048177052586,23.792685129988968,10.559911806499345,4237,5
307210830,98,2.253114,1.01,2.000033759395592,30.29948855378984,57.37320040700479,25.46395806293192,5082,12
307958020,20,271.9445,11.45,2.0000229401921388,343.4960600671916,26.31835495162659,0.09677840497464221,8838,2
307958020,40,271.9445,11.45,1.9999775083124405,343.50386299078093,28.199667350364052,0.10369640625334968,9882,2
307958020,50,271.9445,11.45,2.0000037796853576,343.49935084026663,26.237554695701874,0.09648128458454527,6288,4
307958020,80,271.9445,11.45,1.999975491744408,343.50420934447976,26.446917103417036,0.09725115640660884,4721,6
309792357,2,104.854,6.6885919,2.000025571323931,200.65519149054992,27.40589041033354,0.26137191151824,9226,3
309792357,10,104.854,6.6885919,1.9999828848449397,200.65947415900726,23.13592682221588,0.22064896734712913,6627,2
309792357,13,104.854,6.6885919,2.000018091293896,200.65594193719122,28.436390124317768,0.27119986003698254,5972,4
309792357,29,104.854,6.6885919,2.000023979417165,200.65535120081358,24.262792422272014,0.23139596412413466,7414,2
309792357,32,104.854,6.6885919,1.9999888029269641,200.65888039606952,25.831803105179006,0.24635972976881193,9228,2
309792357,36,104.854,6.6885919,1.9999763885425637,200.66012593901138,23.285838857871568,0.22207868901397723,7303,2
309792357,63,104.854,6.6885919,1.9999772954906803,200.66003494381673,26.53026393464006,0.25302100000610434,4650,5
309792357,67,104.854,6.6885919,2.000024308799766,200.65531815502447,22.847482458932973,0.21789805309223276,5009,4
309792357,87,104.854,6.6885919,1.9999765895772725,200.66010576895027,24.13305700840783,0.23015866832364842,4789,5
309792357,90,104.854,6.6885919,1.9999805330007803,200.65971012121017,24.891409387496424,0.23739112849768654,5145,4
309792357,94,104.854,6.6885919,2.0000238536886172,200.65536381471605,23.614156092081885,0.22520987365366973,3780,5
309792357,97,104.854,6.6885919,2.000012960488675,200.65645669713265,52.17532941215859,0.4975997998374749,4824,8
310003988,23,4.54216874538,4.2984,2.0000028219874366,128.95181804979475,25.37789129807561,5.58717492032597,7597,2
310003988,24,4.54216874538,4.2984,1.999956529980409,128.95480283390276,26.484239784528427,5.83074766023752,9279,2
310003988,50,4.54216874538,4.2984,1.9999987511982908,128.95208051778928,26.23748239078577,5.7764217627257555,5895,4
310003988,77,4.54216874538,4.2984,2.0000090982648544,128.95141338294385,28.062008816144953,6.178107945612504,4413,3
311035838,16,2.8997,2.0808,2.000005469817552,62.42382927652149,22.443122715978006,7.7398085029409955,6749,2
311035838,22,2.8997,2.0808,2.000030999915907,62.42303244562176,26.34065475799116,9.083924115595117,8797,3
311035838,49,2.8997,2.0808,2.0000141915807035,62.423557055526125,23.843194655465595,8.222641878630753,7173,2
311035838,76,2.8997,2.0808,2.0000157920003403,62.423507103977286,27.077965988479264,9.33819567144162,4742,4
311408969,25,3.5852313,2.9352,2.000025577217457,88.05487390067105,25.664355712047836,7.158354249570408,6589,5
311408969,26,3.5852313,2.9352,1.9999896974331932,88.05645360374801,24.86642255005313,6.935793110490007,8500,2
311408969,52,3.5852313,2.9352,2.00003830526839,88.0543135279437,18.077984566261875,5.042348192782395,3819,2
311408969,53,3.5852313,2.9352,1.9999645209463779,88.05756209948377,24.981607483687185,6.967920726254729,4276,4
311408969,79,3.5852313,2.9352,2.0000107674422907,88.05552593360306,27.134962658211407,7.568538927519518,5217,4
311408969,80,3.5852313,2.9352,1.9999511066271225,88.05815273004816,26.446695689980515,7.376566106064208,4635,5
317483660,87,3.3312029,3.797,1.9999574801477138,113.91242176967361,24.388406344821306,7.321201102707165,4829,5
317483660,98,3.3312029,3.797,2.000023870059522,113.90864049698565,57.37309829484775,17.222937184296924,5082,12
317520667,80,2.4653,3.49872,1.999976923543727,104.96281108486015,26.447050615616718,10.727721013919895,4635,5
317597583,17,12.055734733,2.0871,2.0000407068800996,62.61172563599585,23.051840188847336,1.9121057902632717,7131,2
317597583,18,12.055734733,2.0871,2.000003179855412,62.61290045001483,23.629190789364657,1.9599959117120247,7669,3
317597583,24,12.055734733,2.0871,1.9999773171002744,62.61371013025417,26.484389726298787,2.1968291699222133,9279,2
317597583,25,12.055734733,2.0871,2.0000158529001055,62.6125037051167,25.672399447066255,2.1294761385876835,8768,2
317597583,52,12.055734733,2.0871,2.0000175181485247,62.612451572886926,24.440516039805516,2.027293780187849,8385,2
317597583,58,12.055734733,2.0871,2.0000017477286747,62.61294528478006,27.71813220864533,2.299165735023421,5123,4
317597583,59,12.055734733,2.0871,1.999961534893373,62.614204231021056,24.552341419239383,2.0365694802518,4596,4
317597583,78,12.055734733,2.0871,1.9999950022611301,62.61315646210291,18.049943271861594,1.497208065009404,5326,3
317597583,79,12.055734733,2.0871,2.0000245471601374,62.612231523763114,27.135073181055304,2.250802110532412,5252,4
317597583,85,12.055734733,2.0871,2.0000040874583647,62.61287203624623,25.489024508854982,2.114265540289653,4540,4
317597583,86,12.055734733,2.0871,1.9999762791849207,62.61374262450511,26.56490251131663,2.2035075505270436,4733,21
318753380,31,15.66858,4.548,1.9999863878911128,136.44092862438856,25.428971031471065,1.6229276061692293,8220,2
320411045,87,14.844261,3.528,2.000034604134271,105.83816878089826,25.036559682481766,1.6866154322186713,4829,5
321669174,14,10.50534,2.4850401,1.9999631055179634,74.55257828938024,26.84948927418054,2.5557944125730856,6536,4
321669174,17,10.50534,2.4850401,1.9999620008093189,74.55261946960151,22.730132997078726,2.1636741882774593,6899,2
321669174,20,10.50534,2.4850401,2.0000238091597566,74.55031550981406,26.318363838775895,2.505236749955346,8838,2
321669174,21,10.50534,2.4850401,2.000041054925532,74.54967268436975,27.269992034496454,2.595821937652323,9498,2
321669174,24,10.50534,2.4850401,2.0000249263102887,74.55027386837072,26.485082453925088,2.5211066423290522,7365,4
321669174,25,10.50534,2.4850401,2.000010153860785,74.55082451065326,25.66954118670401,2.4434755264183745,7271,6
321669174,26,10.50534,2.4850401,1.9999895294677117,74.55159329743239,24.866506813092883,2.367034937764307,8500,2
321669174,40,10.50534,2.4850401,1.9999749508497189,74.55213673383841,28.19964897650516,2.6843156886407447,9882,2
321669174,41,10.50534,2.4850401,1.999959460372338,74.55271416963681,26.58835037003837,2.530936682681224,9251,2
321669174,47,10.50534,2.4850401,2.0000304668792523,74.55006734604996,26.10593884400214,2.485016081726259,8722,2
321669174,50,10.50534,2.4850401,2.000039654885768,74.54972486958813,26.23801056969114,2.4975879476238885,6288,4
321669174,52,10.50534,2.4850401,2.0000010902731447,74.55116235943488,24.44033219021003,2.3264675098768843,5596,4
321669174,53,10.50534,2.4850401,1.9999817876669113,74.55188188185261,24.981751148343392,2.378005009675402,8678,2
321669174,54,10.50534,2.4850401,1.9999659694440197,74.55247153102795,26.228733297190047,2.496704846981635,8945,4
321669174,57,10.50534,2.4850401,1.9999608715443173,74.55266156525704,28.759168522176424,2.737576177655975,5254,5
321669174,58,10.50534,2.4850401,1.9999806233681738,74.55192528260407,26.80528487774245,2.5515866100233264,4644,4
321669174,60,10.50534,2.4850401,2.000026086680009,74.55023061599466,23.104443675719722,2.1993047036763893,4410,4
321669174,73,10.50534,2.4850401,2.0000140069168992,74.55068088740401,26.850131831362887,2.5558555773885363,4650,5
321669174,74,10.50534,2.4850401,2.0000322807754856,74.54999973409807,26.704565852583983,2.5419991977969283,4643,7
321669174,77,10.50534,2.4850401,2.000037897960283,74.54979035750297,28.062586735504738,2.6712687771652073,3893,2
321669174,78,10.50534,2.4850401,2.0000192803126993,74.5504843216752,18.05017341959774,1.7181903126978983,3252,3
321669174,79,10.50534,2.4850401,1.9999990334326867,74.5512390293954,27.13472989660204,2.5829463774234855,5252,4
321669174,80,10.50534,2.4850401,1.9999772604569444,74.5520506397827,26.446956457856686,2.5174774407926526,4721,6
321669174,81,10.50534,2.4850401,1.9999628668301739,74.5525871869405,26.62312403885562,2.5342467772442987,4908,5
321669174,84,10.50534,2.4850401,1.9999614523840137,74.55263991326707,25.749497818115287,2.4510865729348397,4428,5
321669174,85,10.50534,2.4850401,1.9999807765998412,74.55191957069125,25.488590564689275,2.4262508938015594,4374,6
321857016,16,6.9561063,3.372,2.000025754023227,101.15869737827906,23.17668049971644,3.331846797642589,7277,2
321857016,24,6.9561063,3.372,2.000016879683244,101.15914623282717,26.484934195636697,3.8074366683609617,9279,2
321857016,56,6.9561063,3.372,2.0000305906432914,101.15845274892803,27.881015657403623,4.00813536409063,5148,4
321857016,57,6.9561063,3.372,1.9999967447802192,101.1601646492845,28.759734828409364,4.134458788878681,5254,5
321857016,58,6.9561063,3.372,1.9999658731831005,101.16172616385302,26.5551203967143,3.8175265373265357,4644,4
321857016,77,6.9561063,3.372,1.9999889816972427,101.16055730882375,28.061938596983964,4.034144589910014,4928,3
321857016,78,6.9561063,3.372,2.0000310437899316,101.15842982947729,18.05027899851575,2.594882570801966,5326,3
321857016,83,6.9561063,3.372,2.0000258869549725,101.15869065476497,24.919829234999725,3.58243939357277,4799,9
321857016,84,6.9561063,3.372,1.9999957075197017,101.16021711411946,25.750023530092676,3.7017869508539105,4653,4
321857016,85,6.9561063,3.372,1.9999722640568507,101.16140290345992,25.488525776652295,3.6641944037934406,4375,6
322307342,28,3.5862202,3.42,2.0000303005508613,102.59844560529032,23.829500179720526,6.644739823762223,7711,2
322307342,29,3.5862202,3.42,1.9999823639227543,102.60090473874072,24.605310188873318,6.8610706584256365,7821,2
322307342,68,3.5862202,3.42,2.000032935611671,102.59831043094478,24.66984489128572,6.879065845227719,5001,4
322307342,69,3.5862202,3.42,1.9999836506758584,102.60083872718477,24.052581974507575,6.706945093474063,4364,10
322307342,95,3.5862202,3.42,2.0000382961006835,102.59803544765228,23.825442745418513,6.643608428009667,4118,4
322307342,96,3.5862202,3.42,1.999991004486219,102.60046147193255,24.129053759285853,6.7282688774342,4276,5
322388624,80,4.20474,5.47,1.9999943579023238,164.1004629354203,26.447259555973687,6.2898679956367545,4635,5
322807371,90,98.29838,6.13,2.0000077768054325,183.899284925521,26.07501070856779,0.2652638904991902,5215,4
323094535,80,9.75598,4.492,1.9999973757148837,134.76017682456316,26.44729800888581,2.7108807120233758,4635,5
325335564,46,2.77065,2.307,2.0002020287211053,69.2030095022468,25.697011460102658,9.274723065021803,8609,2
325335564,72,2.77065,2.307,2.000183825584827,69.20363930026673,23.224357656313714,8.382277680801876,4531,5
325682877,4,2.11867592279,1.6776084,1.9999663374619558,50.329099102606634,25.587121145009178,12.076939596932085,8535,3
325682877,31,2.11867592279,1.6776084,1.9999629048106726,50.32918548533213,25.428672290197483,12.002152861921173,8213,2
325682877,97,2.11867592279,1.6776084,2.000025207235012,50.32761768995664,52.17152340186294,24.624588801273738,5037,8
328934463,50,11.23479,6.567,1.9999896987428656,197.0110147305605,26.23734013196099,2.3353654257855276,4644,4
332558858,31,13.33668,4.384,2.000035993696656,131.5176330971047,25.42961292134123,1.9067423767640246,8585,2
332657786,8,34.005019,2.9,2.0000454279215774,86.99802393029576,24.032417946609485,0.7067314959185726,7919,2
332657786,62,34.005019,2.9,2.0000017726124497,86.99992289142678,24.35006277337061,0.7160726119097481,4602,4
332657786,99,34.005019,2.9,2.000101001904113,86.99560663903999,24.963885072123958,0.7341235442957394,4146,4
332657786,100,34.005019,2.9,2.0000453008833574,86.99802945620765,24.24351728774127,0.7129393836757236,4408,4
333473672,16,12.99894,4.46,2.00003128607932,133.79790699403446,22.975359576358187,1.7674794695843037,7132,2
333473672,17,12.99894,4.46,1.9999562176235486,133.80292910510622,22.802351055280724,1.754170036578423,6952,2
333473672,57,12.99894,4.46,1.999972268968122,133.80185523175638,28.759355419816075,2.212438508048816,5254,5
333473672,84,12.99894,4.46,1.999982323977747,133.80118253634,25.74969896999619,1.9809075947728192,4451,4
333674399,42,10.980909686,2.9196155,2.0001843075442594,87.58039413631573,23.85218507009995,2.1721501908453043,7410,2
333674399,43,10.980909686,2.9196155,2.0001402698107995,87.58232242210224,24.080815694884222,2.1929709271341893,7963,2
333674399,70,10.980909686,2.9196155,2.000127823994262,87.58286740402974,24.061248169311966,2.191188968614195,4015,4
333674399,71,10.980909686,2.9196155,2.00004806756624,87.58635996842024,24.088078387186215,2.193632319724573,4180,4
333800257,44,9.844077,3.6288,2.0001950881123776,108.8533819995899,24.05513105689988,2.443614678846974,8147,2
333800257,45,9.844077,3.6288,2.000189882819541,108.85366527955969,24.12171204451124,2.450378237036468,8253,2
333800257,46,9.844077,3.6288,2.0001385764044244,108.85645753175844,25.896233967583612,2.6306411426468537,8495,2
333800257,72,9.844077,3.6288,2.000182485789992,108.85406783971823,23.404911708143572,2.377562843946017,4563,4
336691874,57,5.4233207,5.111,1.9999622119939886,153.33289707221815,28.759185601060835,5.302873864911001,5254,5
336691874,70,5.4233207,5.111,2.0000037718273234,153.3297108334036,24.1375354598199,4.450692996971377,4144,4
336691874,84,5.4233207,5.111,1.9999689135875087,153.3323832768574,25.749553642696355,4.74793121540763,4451,4
336732544,92,3.2768837,2.76528,2.0001827948726714,82.95081850784645,24.959204001017497,7.61675002412124,4469,4
337216118,42,2.68566015238,2.2493108,2.0001670421333984,67.4736885255602,23.8547479546678,8.882266035606927,7412,2
337216118,43,2.68566015238,2.2493108,2.000107748026494,67.47568881384699,24.2373746650901,9.024736299420173,8076,2
337216118,70,2.68566015238,2.2493108,2.0000949669338297,67.47611999988844,24.405300677345622,9.087263202575327,4208,4
337216118,71,2.68566015238,2.2493108,2.0000064933265094,67.4791049180696,23.99452515897883,8.934311788375446,4194,4
337632006,44,21.1701963,3.576,2.0001970991143025,107.26942864531114,24.07320466883266,1.1371271351334924,8160,2
337632006,45,21.1701963,3.576,2.0001887080434244,107.26987865554027,24.13697814276111,1.1401395528279115,8264,3
337632006,46,21.1701963,3.576,2.0001345544005744,107.27278298749358,25.742009603413862,1.2159551682293026,8384,2
346250894,91,1.62116,3.28,2.000070174181019,98.39654755143023,24.30923633249222,14.994964304875657,5023,4
347329162,22,4.6171,3.5616,2.0000346879533026,106.84614686292352,26.439305669794976,5.72638792094496,8867,2
347329162,49,4.6171,3.5616,2.0000091624388006,106.84751050811198,24.213950958119312,5.244406869705944,7440,2
348755728,35,4.50638,2.0392007,1.9999642498441972,61.17711454568828,23.959271975400497,5.316744698716153,7257,3
348755728,61,4.50638,2.0392007,2.0000292482291115,61.17512636794403,24.033699567843087,5.333260747616288,4009,4
348755728,88,4.50638,2.0392007,2.0000325950968545,61.17502399708387,23.789305241585225,5.279027787622265,4963,5
348755728,99,4.50638,2.0392007,2.0000520512621733,61.174428896881594,23.75492984745688,5.271399626187068,3298,4
349445372,46,0.3652575,1.161,2.0001969157601707,34.82657104964381,24.973290473192264,68.3717390421614,8127,2
349445372,91,0.3652575,1.161,1.9998991833563196,34.831755810357144,23.317082770660363,63.83738258806558,4788,4
349488688,25,11.62071,5.59,1.9999977492989274,167.7001887214973,25.670950149967666,2.2090689940604027,8768,2
349488688,52,11.62071,5.59,1.9999863374687266,167.70114561107323,24.20693896801413,2.0830860565330456,3995,4
349488688,79,11.62071,5.59,1.9999769038986415,167.7019366304632,27.134555452316818,2.3350170043239022,5252,5
349827430,14,5.55149296,4.3032,2.0000142347998917,129.09508117867622,26.850146470570053,4.836563184720323,9245,2
349827430,20,5.55149296,4.3032,2.000031017596484,129.0939979072322,26.318464985646187,4.740790481997871,8838,2
349827430,21,5.55149296,4.3032,1.9999750048737042,129.09761340557577,27.345513033961424,4.9257944180048865,9599,2
349827430,40,5.55149296,4.3032,1.9999645589268766,129.0982876909271,28.199583142243682,5.079639539386839,9882,2
349827430,41,5.55149296,4.3032,2.00001880293712,129.09478631942514,26.589181139693665,4.789555049655267,9251,2
349827430,47,5.55149296,4.3032,2.0000142059870996,129.0950830384579,26.480784062965085,4.770029297301871,8992,2
349827430,48,5.55149296,4.3032,1.9999582083255518,129.09869762537141,25.584224613943206,4.608530497702947,8021,2
349827430,60,5.55149296,4.3032,2.000036982499296,129.09361289777596,25.67960422763599,4.625711391992109,4410,5
349827430,74,5.55149296,4.3032,2.0000148464168888,129.0950417005963,26.704340234451593,4.8102988559768605,4588,5
349827430,75,5.55149296,4.3032,1.9999601479503326,129.09857242136007,27.696677332411127,4.989050248639985,5157,5
350810559,80,6.849692,4.12,2.000034926313674,123.59784159150757,26.447694001074524,3.861150837304002,4721,6
350810559,81,6.849692,4.12,2.0000047652138164,123.59970551048781,26.623706883631257,3.8868473040293283,4908,5
350810559,82,6.849692,4.12,1.9999759360507596,123.60148716995666,25.852481150727726,3.774254543230225,4944,4
350810590,14,13.86825,7.2783,2.000010210504115,218.3478852790094,26.85004522660938,1.9360802715994723,9245,2
350810590,15,13.86825,7.2783,1.9999783415914862,218.35136457152672,23.431625321995853,1.6895877505810648,7199,2
350810590,40,13.86825,7.2783,2.0000332060590154,218.34537480529923,28.200399880243822,2.0334504988188,7784,3
350810590,41,13.86825,7.2783,1.999989633259247,218.3501317896048,26.588844287070515,1.917245815951581,9251,2
350810590,54,13.86825,7.2783,2.000019863116904,218.34683147568037,26.22935475797567,1.8913240501127158,8944,4
350810590,55,13.86825,7.2783,1.99997696938226,218.35151438513037,27.162266997664574,1.9585936940612243,8471,4
350810590,74,13.86825,7.2783,1.9999794734758325,218.35124099601265,26.703880491020755,1.9255407489063692,4643,6
350810590,75,13.86825,7.2783,2.0000131215783767,218.34756746764003,27.69738198282903,1.9971793112201632,5157,6
350810590,80,13.86825,7.2783,2.000034926313674,218.34518700375472,26.447693967663326,1.9070678685243867,4721,6
350810590,81,13.86825,7.2783,2.0000047645589802,218.34847983289478,26.623706339273213,1.919759619221835,4908,5
350810590,82,13.86825,7.2783,1.9999759353959234,218.35162727272987,25.852480227554224,1.8641487013541165,4944,4
350812580,40,12.3764661,2.7534,2.000019710540073,82.6011859430072,28.20021797501704,2.278535548610038,9882,2
350812580,41,12.3764661,2.7534,1.9999763905070722,82.60297510717831,26.588669019845383,2.1483247968372314,9251,2
350812580,53,12.3764661,2.7534,2.000023697182769,82.60102129425074,24.98231501270675,2.0185337891166486,5764,4
350812580,54,12.3764661,2.7534,2.000006118105375,82.60174731690287,26.229178440218675,2.1192784942237006,8944,4
350812580,55,12.3764661,2.7534,1.999964228234603,82.60347743610791,27.162098701854575,2.194657059809227,9632,2
350812580,74,12.3764661,2.7534,1.9999943952279864,82.60223148333765,26.70406463456493,2.157648590381137,4643,6
350812580,75,12.3764661,2.7534,2.000025860434107,82.60093195202104,27.697562558360005,2.237921740710784,5157,6
350812580,80,12.3764661,2.7534,2.000026740861358,82.60089559045149,26.447530101456323,2.136920982755839,4721,5
350812580,81,12.3764661,2.7534,1.9999910195474513,82.60237090333615,26.623526973413846,2.1511412674910364,4908,5
350812580,82,12.3764661,2.7534,1.9999641169124516,82.60348203398883,25.852326035693295,2.0888293820554558,4944,4
350814495,53,6.383159135,1.7504,2.0000238648208324,52.51137341274092,24.982306421139583,3.9137840515611058,5665,4
350987771,40,63.0382,7.3269,2.0000145137601066,219.8054048985416,28.200129615554943,0.44734985477940264,9882,2
350987771,54,63.0382,7.3269,1.9999967310286593,219.80735927197898,26.229036224234733,0.41608161756260065,8945,4
350987771,80,63.0382,7.3269,2.0000158165566972,219.80526171880786,26.447483047780224,0.41954692627296186,4721,7
351056774,74,5.747725012,1.8222,1.9999843375990167,54.66642810375865,26.703936910542325,4.6460011317156455,4643,6
351803495,40,7.71468975,4.2955,2.0000101554978755,128.8643456592057,28.200080544168486,3.6553745462244267,9882,2
351803495,41,7.71468975,4.2955,1.9999608014768455,128.86752570834514,26.58847298331193,3.4464733962000134,9251,2
351803495,53,7.71468975,4.2955,2.0000295632053167,128.86309519692946,24.982232992524587,3.2382680058552693,7177,3
351803495,54,7.71468975,4.2955,1.9999947174073895,128.86534037154738,26.229015768200043,3.3998795308910568,8944,4
351803495,74,7.71468975,4.2955,2.000006464513717,128.8645834765662,26.704224411683754,3.4614774251529368,4643,6
351803495,80,7.71468975,4.2955,2.0000185252865776,128.86380638052864,26.447423250351676,3.4281901291431294,4721,7
351803495,81,7.71468975,4.2955,1.99997727322625,128.86646435948973,26.62334770604184,3.4509939568265646,4908,5
351803524,74,13.81019974,3.048,2.000006464513717,91.43970444338817,26.70422439189315,1.9336595338695044,4643,6
351803524,80,13.81019974,3.048,2.0000185252865776,91.43915303174283,26.44742292625142,1.9150644758343967,4721,7
351803524,81,13.81019974,3.048,1.99997727322625,91.44103907990332,26.623347954239307,1.9278032508919605,4908,5
351804260,74,44.29919815,4.367,2.0000061292375904,131.00959850552206,26.704212612292395,0.6028148076601787,4643,6
351898154,40,9.176092,4.342,2.000011161653674,130.2592730455532,28.200104252614437,3.073215073760642,9882,2
351898154,41,9.176092,4.342,1.9999681775516365,130.26207262903998,26.588558577910135,2.8975906712694393,9251,2
351898154,53,9.176092,4.342,2.0000262117537204,130.25829285085388,24.982223590357535,2.722534123498057,5931,4
351898154,54,9.176092,4.342,1.9999977362022037,130.26014744131734,26.229067810738343,2.858413779061755,8944,4
351898154,55,9.176092,4.342,1.9999571880907752,130.26278839933616,27.161992273686792,2.960082818882678,9632,2
351898154,74,9.176092,4.342,2.0000034470285755,130.2597754954158,26.704180028924384,2.9101909646202744,4643,6
351898154,75,9.176092,4.342,2.0000344089930877,130.2577589808358,27.697676609519476,3.0184610844703252,5157,6
351898154,80,9.176092,4.342,2.0000151450221892,130.25901361217424,26.447427892063388,2.882210410713339,4721,6
351898154,81,9.176092,4.342,1.9999826363346074,130.26113090534534,26.623414249272628,2.901389202426548,4908,5
351898154,82,9.176092,4.342,1.999956657018629,130.26282298955508,25.852228371620185,2.817346248448706,4944,4
351909600,80,3.60147201,2.522,2.000025902016205,75.65902013941715,26.447530132189968,7.343533438203777,4721,5
351909600,81,3.60147201,2.522,1.9999886726145633,75.66042851741805,26.62349237769058,7.3923918619294176,4908,5
351909600,82,3.60147201,2.522,1.999959842141834,75.66151920227837,25.85226525571943,7.178249666785396,4944,4
351909828,80,15.74957994,4.6942,2.0000259013613686,140.82417623106102,26.447531781329417,1.6792531535497839,4721,5
351909828,81,15.74957994,4.6942,1.999988671959727,140.82679764581763,26.62349016370399,1.6904254123049323,4908,5
351909828,82,15.74957994,4.6942,1.9999594227192574,140.82885722603817,25.852259749856785,1.641457095893618,4944,4
352007758,40,4.138575,2.226,2.0000192076258827,66.77935866353106,28.20019671920909,6.8139871137309544,9882,2
352007758,41,4.138575,2.226,1.9999665011710022,66.7811185446352,26.58855644390087,6.424567983883551,9251,2
352007758,53,4.138575,2.226,2.0000238648208324,66.7792031631406,24.982339743512057,6.036459347362813,7225,4
352007758,54,4.138575,2.226,2.0000024300679797,66.77991886012875,26.229115183625254,6.337716528907958,8945,4
352007758,55,4.138575,2.226,1.9999528288462898,66.7815750819716,27.16195006766111,6.5631165480053175,9632,2
352007758,74,4.138575,2.226,1.9999980819557095,66.78006404356029,26.704116069997326,6.452490548074476,4643,6
352007758,75,4.138575,2.226,2.000035583114368,66.77881190094939,27.69770767064074,6.692571155685408,5157,4
352007758,80,4.138575,2.226,2.000026906862331,66.77910159195343,26.447535483802312,6.390493221411309,4721,6
352007758,81,4.138575,2.226,1.9999846486462047,66.78051258563767,26.623442659034936,6.432997507363026,4908,5
352011765,80,29.9633247,2.632,2.000026906534913,78.95893774429246,26.447538276605883,0.8826636743887731,4721,5
352011765,81,29.9633247,2.632,1.999986325026839,78.96053989163191,26.62346046918219,0.8885349251374027,4908,5
352011765,82,29.9633247,2.632,1.9999554822425125,78.96175760018782,25.85220123288036,0.8627948163869933,4944,4
353459965,59,10.8635,5.484,1.9999702501081629,164.52244726250544,24.184381248711816,2.226205297437457,4596,4
353459965,86,10.8635,5.484,1.9999870086758165,164.5210686732691,26.565151479219367,2.445358446101106,4733,21
355703913,1,2.1061607,1.5552,2.000015959965822,46.655627688888345,27.88072663564003,13.237701489558717,9409,16
355703913,2,2.1061607,1.5552,1.9999603201722493,46.656925669386965,27.404985959922215,13.011820968799869,9225,3
355703913,28,2.1061607,1.5552,2.0000075017742347,46.65582499926706,23.72782721432486,11.265914901139718,7655,3
355703913,68,2.1061607,1.5552,2.00001114004408,46.6557401264992,23.918171503406484,11.356289908650599,4985,4
355703913,95,2.1061607,1.5552,2.0000151489512064,46.65564660794302,23.780723933231457,11.291030135179835,4091,4
355703913,96,2.1061607,1.5552,1.9999641987669747,46.65683518611436,24.152346765652965,11.467475756077379,4285,5
356473034,20,2.61586178,2.6839,2.0000085544234025,80.51665561321846,26.318180915729954,10.060998297750256,8795,2
356473034,47,2.61586178,2.6839,1.9999836958595552,80.51765638558899,26.580379360404095,10.161232357010887,9064,2
356473034,60,2.61586178,2.6839,2.0000145203084685,80.51641543840553,23.70014074576602,9.060165535874003,4410,4
358070912,63,0.8831331,1.618,2.0000387348409276,48.53905992361755,25.135194431092714,28.46138869791282,4485,5
358070912,66,0.8831331,1.618,2.0000412759327446,48.538998253786296,23.876878831670638,27.03655749248968,5192,5
358070912,67,0.8831331,1.618,2.0000232191523537,48.53943647771464,22.975250971770947,26.015615281287666,5009,4
358070912,68,0.8831331,1.618,1.9999968934280332,48.540075396618754,23.804131176600094,26.95418298396934,4948,4
358070912,69,0.8831331,1.618,1.9999720829946455,48.540677555177616,24.045510914969782,27.227505021575777,4375,10
358070912,87,0.8831331,1.618,1.9999648457451258,48.54085320876276,22.996861895275742,26.04008602471784,4700,5
358070912,90,0.8831331,1.618,2.0000391231587855,48.53905049951001,26.043568457459514,29.489969810280595,5104,4
358070912,93,0.8831331,1.618,2.000041382998461,48.538995655408755,24.067146095747376,27.25200323229576,4244,4
358070912,94,0.8831331,1.618,2.0000230410369113,48.539440800476434,23.786367190758938,26.93406825172665,3843,5
358070912,95,0.8831331,1.618,1.9999999063293217,48.54000227338748,23.738877173731453,26.88029377874236,4081,4
358070912,96,0.8831331,1.618,1.9999764363456052,48.540571896630155,23.923325249430036,27.089150264473197,4268,5
360023124,81,9.178569794,2.1421,2.0000138170144055,64.26255604166873,26.623771176786704,2.9006448471079422,4934,4
360023124,82,9.178569794,2.1421,1.9999705703230575,64.26394563357952,25.852386501927867,2.8166029220399333,4945,4
360156606,11,27.36397,4.831,2.0000112192792585,144.9291869994892,25.248787394894862,0.9227019103914696,7787,2
360156606,12,27.36397,4.831,1.9999629388621543,144.93268568512127,25.85928681433643,0.9450122483812264,8350,2
360156606,38,27.36397,4.831,2.000001794222044,144.92986998181624,26.695889164736855,0.9755853834343794,9534,2
360156606,64,27.36397,4.831,2.0000460257870145,144.92666481809619,26.917231399146658,0.983674203675368,5040,4
360156606,65,27.36397,4.831,1.9999994066893123,144.93004299427176,27.22772378344507,0.9950209630928946,5205,5
360156606,99,27.36397,4.831,2.000092284724815,144.92331289597507,26.509538549370518,0.9687753110886512,4698,4
360156606,100,27.36397,4.831,2.0001017241884256,144.92262893159372,25.227661003430057,0.9219298589872033,4837,4
361343239,63,2.3505614,2.934,2.0000128341052914,88.01943517465065,26.53071338794598,11.286968886643837,4910,4
361343239,64,2.3505614,2.934,1.999975283833919,88.02108777191201,26.916333280084473,11.451023266222474,5040,4
361343239,90,2.3505614,2.934,2.000008449322195,88.01962814690117,27.916774534313845,11.876641271448532,5215,4
363479723,45,39.91488,6.34,2.000182507399586,190.18264512999545,24.100846190627635,0.6038060540487066,8238,2
363479723,46,39.91488,6.34,2.0002014419878833,190.18084479628345,25.69283166918649,0.6436905652525197,8601,2
363479723,72,39.91488,6.34,2.000191536935745,190.18178658168182,22.907747778759585,0.5739149855582577,4567,4
363573185,45,19.30553,3.8064,2.000179489259608,114.18175280086452,24.100811926397,1.248389032903888,8238,2
363573185,46,19.30553,3.8064,2.000202027411433,114.1804662079879,25.694228624218795,1.3309258344225097,8601,2
363573185,72,19.30553,3.8064,2.0001891893480206,114.1811990666962,22.903554860357872,1.1863727574616119,4547,4
364186197,16,2.1664,2.67,2.0000336333396262,80.09865300739989,22.10175892364714,10.202067449984833,6504,2
364186197,17,2.1664,2.67,2.00001170484029,80.09953122388985,23.05152835434251,10.640476529884836,7131,2
364186197,18,2.1664,2.67,1.999986918308423,80.10052392517457,23.712353818154043,10.945510440432997,7729,3
364186197,19,2.1664,2.67,1.9999651305988664,80.10139654386371,25.063454150825237,11.569171967699981,8673,2
364186197,24,2.1664,2.67,1.9999970983917592,80.10011620957863,26.48467467864316,12.225200645607073,8053,4
364186197,25,2.1664,2.67,2.0000208826968446,80.09916365672392,25.67248835554301,11.850299277854049,8768,2
364186197,52,2.1664,2.67,2.0000242223613895,80.09902990617532,24.44057205408535,11.28165253604383,8385,2
364186197,57,2.1664,2.67,2.000012670396245,80.09949255384515,28.759957722888885,13.275460544169537,5254,5
364186197,58,2.1664,2.67,1.9999879994429648,80.10048062519314,27.62069572341079,12.749582590200697,5017,4
364186197,59,2.1664,2.67,1.9999637128785253,80.10145332558356,24.894021515997338,11.49096266432669,4596,4
364186197,73,2.1664,2.67,1.9999617025314365,80.10153384298711,26.849446779522623,12.393577723191758,4650,5
364186197,76,2.1664,2.67,1.9999569523497485,80.1017240955017,27.07719739444292,12.498706330522028,5103,4
364186197,77,2.1664,2.67,1.9999769124115119,80.10092466859312,28.061740832148644,12.953166927690475,4928,3
364186197,78,2.1664,2.67,2.0000087492371676,80.09964959458432,18.050080207828614,8.33183170597702,5326,3
364186197,79,2.1664,2.67,2.0000279012310784,80.09888257128412,27.135097584617142,12.52543278462756,5252,4
364186197,84,2.1664,2.67,2.0000127954699565,80.09948754470679,25.750220064185214,11.886179867146057,4653,4
364186197,85,2.1664,2.67,1.9999943929360597,80.10022456354038,25.488803211710092,11.765511083691882,4375,6
364186197,86,2.1664,2.67,1.999974435166223,80.10102388468049,26.56487668073578,12.262221510679367,4733,21
366410512,7,10.1367349,5.1216,2.000021966123313,153.64631249307658,24.4544370179824,2.4124569951989567,8172,2
366410512,34,10.1367349,5.1216,1.9999970924982335,153.64822336624042,24.98191006668776,2.4644927891611093,8505,2
366410512,44,10.1367349,5.1216,2.0001967638381757,153.632885301909,23.995406030430786,2.367173085529817,8104,2
366410512,45,10.1367349,5.1216,2.0001835125731304,153.63390312355887,24.40778582807252,2.407854804220294,8459,2
366410512,46,10.1367349,5.1216,2.0001271786532016,153.63823024839837,25.757200616516457,2.540976051027679,8395,2
366410512,71,10.1367349,5.1216,2.0001989437878365,153.6327178625864,23.70094064806017,2.338123753049926,4161,4
366410512,72,10.1367349,5.1216,2.0001757802674547,153.6344970435097,23.331218067907685,2.301650215584476,4573,4
366568760,7,8.407115,6.2712,2.0000266603165073,188.13349215077685,24.454495316912926,2.908785631802697,8172,2
366568760,44,8.407115,6.2712,2.0001958824286703,188.11757553621422,24.00929023149456,2.855829881177379,8114,2
366568760,45,8.407115,6.2712,2.0001851889537647,188.11858125837657,24.407805620830914,2.903232038675683,8459,2
366568760,46,8.407115,6.2712,2.000131201639306,188.12365893377788,25.896146648176,3.080265542718995,8495,2
366568760,61,8.407115,6.2712,1.9999863328848733,188.13728564697132,24.065139164758875,2.862472936882495,4068,4
366568760,72,8.407115,6.2712,2.0001781258906703,188.11924554591747,23.36318899519847,2.7789781625680714,4572,4
366568760,88,8.407115,6.2712,1.99998565709393,188.13734921816408,24.702717707088595,2.9383109077357212,5249,4
366631954,34,4.7369696,2.56632,2.0000098336458905,76.98922145762941,25.01123692981173,5.280007904169731,8526,2
366631954,44,4.7369696,2.56632,2.0001944169052877,76.98211668755556,24.048176950251218,5.0767007139440405,8142,2
366631954,45,4.7369696,2.56632,2.0001892109576147,76.9823170510357,24.161984052174375,5.100726011029155,8282,2
366631954,46,4.7369696,2.56632,2.0001372372644255,76.98431744143535,25.896224855523542,5.4668336599676595,8495,2
366631954,72,4.7369696,2.56632,2.000181813928066,76.98260174539199,23.404902059059623,4.94090189201544,4572,4
368435330,22,1.0376109,1.8155952,1.9999689738324378,54.46870097752171,26.398199516364457,25.441328263190428,8843,2
368435330,48,1.0376109,1.8155952,2.000038003716327,54.46682102919219,26.24216395538633,25.290948616081742,8494,2
368805700,51,3.577469,3.1296,1.9999957324034767,93.88820033847868,24.58035254716242,6.870877860063196,4503,4
370133522,13,0.5182331,0.724,2.0000253002217505,21.719725243067494,28.43660371101396,54.87222585939408,8987,4
370133522,27,0.5182331,0.724,2.000003777720849,21.71995897402907,24.312437941682674,46.9140970379597,8521,2
370133522,67,0.5182331,0.724,2.000014501318219,21.719842516825995,24.055665220367246,46.41861976853128,5009,4
370133522,94,0.5182331,0.724,2.000011125637684,21.71987917624687,23.920952651787047,46.15867387047845,3954,5
370133522,101,0.5182331,0.724,2.000127431092551,21.71861618650533,23.894671328289405,46.10796054572625,4040,4
375506058,15,2.650237,2.489,2.0000319867540384,74.66880579363738,26.044782405332853,9.827340877564101,8886,3
375506058,16,2.650237,2.489,1.999988371389918,74.67043415668174,23.430444056272336,8.840886326872779,7460,2
375506058,55,2.650237,2.489,2.0000353061186615,74.66868186932881,27.163014558188024,10.249277539400447,9633,2
375506058,56,2.650237,2.489,1.9999994106183294,74.67002200457115,27.880567889733356,10.520028167191596,5148,4
375506058,57,2.650237,2.489,1.9999575174733764,74.67158611882266,28.759185635403355,10.85155238395787,5254,5
375506058,76,2.650237,2.489,1.9999913174979156,74.67032416262259,27.07766396173247,10.217072647364168,5103,4
375506058,77,2.650237,2.489,2.0000255267950706,74.66904696926996,28.062467910793202,10.58866354623877,4928,3
375506058,83,2.650237,2.489,1.9999953755177557,74.6701726554438,24.919418228144878,9.402713126465624,4799,9
375506058,84,2.650237,2.489,1.9999581579031656,74.67156220736832,25.749531672680405,9.715935470178858,4653,4
376905329,42,8.269648,2.232,2.000118425130495,66.95603536138746,23.812555582231653,2.8795125962110664,7382,2
376905329,43,8.269648,2.232,2.000039350386942,66.95868257496579,24.164400029870194,2.922059080370796,8020,3
376905329,70,8.269648,2.232,2.0000326055742335,66.95890838317106,24.204528438144735,2.926911573279145,4285,4
377780790,14,0.8374907,1.811,1.9999998172716005,54.33000496381742,26.84991309347288,32.05995373258817,9245,4
377780790,40,0.8374907,1.811,2.0000202137816814,54.329450898170336,28.20023210806994,33.67229284823096,9882,2
377780790,41,0.8374907,1.811,1.9999810856825206,54.33051381229353,26.58872415216274,31.748082876816113,9251,2
377780790,53,0.8374907,1.811,2.000024032458896,54.32934716609869,24.982307537096858,29.829952185853355,5495,5
377780790,54,0.8374907,1.811,1.9999974009260768,54.33007060393487,26.22921136887453,31.318809114984237,6530,6
377780790,55,0.8374907,1.811,1.9999700955668231,54.33081236607392,27.16216991799638,32.43280184245196,8074,3
377780790,74,0.8374907,1.811,1.999991880657035,54.33022056284706,26.704036831908525,31.885771187558888,4643,6
377780790,75,0.8374907,1.811,2.000022340362193,54.32939313083986,27.697492615452575,33.07200022096075,5157,6
377780790,80,0.8374907,1.811,2.000026068999432,54.329291844860876,26.44753177830262,31.57949309562795,4721,6
377780790,81,0.8374907,1.811,1.9999942046706565,54.3301574305778,26.62356947699709,31.789689696849276,4908,5
377780790,82,0.8374907,1.811,1.9999692308556405,54.33083585666582,25.85239902588819,30.868878933089274,4944,4
377782430,74,19.12947337,3.757,1.9999937240208965,112.71035368391225,26.704055406089537,1.3959639604072143,4643,6
377782430,75,19.12947337,3.757,2.0000246886047535,112.70860869085386,27.697546813187728,1.4478990758117105,5157,6
377782430,80,19.12947337,3.757,2.0000262372923316,112.70852141678766,26.447534695554168,1.3825542493517253,4721,5
377782430,82,19.12947337,3.757,1.9999652072147,112.71196078152612,25.85234156142269,1.3514403173255098,4944,4
377909730,40,1.499146953,1.4421,2.0000430135405622,43.262069572607814,28.200507102014853,18.811035866485103,9882,2
377909730,41,1.499146953,1.4421,1.9999835989437997,43.26335478235659,26.588770088368165,17.735933115269564,9251,2
377909730,54,1.499146953,1.4421,2.000023551809136,43.26249054503997,26.229376478047925,17.496201039904275,8944,4
377909730,55,1.499146953,1.4421,1.9999665758223273,43.26372302718262,27.16211762388457,18.118382303702397,9633,2
377909730,74,1.499146953,1.4421,1.999975283179083,43.26353466851932,26.703829600062818,17.812683103964403,4643,5
377909730,75,1.499146953,1.4421,2.00002317855251,43.262498618952016,27.69751455252299,18.475516691073175,5157,6
377909730,81,1.499146953,1.4421,2.000007782698958,43.262831649202596,26.623689965691028,17.759226280261153,4934,4
377909730,82,1.499146953,1.4421,1.9999645373172825,43.26376712462335,25.852310309263885,17.244680554851442,4945,4
377915723,74,7.5844126,3.81,1.9999746139365016,114.3014508319444,26.703823927144185,3.5208822799466613,4643,5
377915723,75,7.5844126,3.81,2.0000225073454203,114.2987137196846,27.69750371565351,3.65189833101294,5157,6
377915723,81,7.5844126,3.81,2.0000081186299212,114.29953602218343,26.623697397412343,3.510317647725592,4934,4
377915723,82,7.5844126,3.81,1.9999655418359907,114.30196931800266,25.852321202012718,3.4086121846816084,4945,4
378013798,74,18.5525701,4.201,1.9999756204197183,126.03153629797859,26.703836789407433,1.439360511534056,4958,4
378013798,75,18.5525701,4.201,2.000026531968615,126.02832811017697,27.697561880939247,1.4929231762309443,5157,6
378160351,74,4.263742,2.261,1.9999739433842478,67.83088372163662,26.703815224167556,6.262999783797321,4643,5
378160351,75,4.263742,2.261,2.0000201610673685,67.82931624429283,27.69747546095641,6.496048649509378,5157,6
378160351,81,4.263742,2.261,2.000009124458302,67.8296905454085,26.62371300148925,6.244212947567947,4934,4
378160351,82,4.263742,2.261,1.999967554147588,67.83110041893656,25.8523514578892,6.063301076352462,4945,4
380619414,45,2.6556777,2.59584,2.00017714232672,77.86830311380433,24.12300402791152,9.083558606494877,8254,2
380619414,46,2.6556777,2.59584,2.000201734699658,77.86734572719827,25.70117122764077,9.677820176612837,8618,2
380619414,72,2.6556777,2.59584,2.000186844379641,77.8679254078916,23.32301011406389,8.782319523963277,4502,4
381856447,27,1.7690381,0.9768,2.000025234738132,29.303630265281967,23.965488096261424,13.547185951654418,8521,2
381856447,67,1.7690381,0.9768,2.0000352890929207,29.303482953333578,23.703144804605472,13.398888811159846,5009,4
381856447,94,1.7690381,0.9768,2.0000325950968545,29.303522424424198,23.73092856957328,13.414594388652953,3841,5
381856447,95,1.7690381,0.9768,1.9999668711534468,29.304485411900263,23.52322070561786,13.297181505371682,4090,4
382626661,1,17.61745,3.635468,1.9999685203583795,109.0657566754666,27.880124250785457,1.5825289273297471,9411,16
382626661,2,17.61745,3.635468,1.999981776534696,109.0650337714294,26.3636772199784,1.4964525070301546,9226,3
382626661,3,17.61745,3.635468,2.0000047197027015,109.06378262568523,20.27780686141523,1.1510069199240087,6814,2
382626661,4,17.61745,3.635468,2.000023669352231,109.06274927768602,25.390540197678774,1.441215397102235,8393,3
382626661,5,17.61745,3.635468,2.0000336300654453,109.06220611543536,25.436542775534008,1.443826590995519,8628,2
382626661,6,17.61745,3.635468,2.0000410945431213,109.06179907759746,21.772652861921188,1.235857224622246,8406,2
382626661,7,17.61745,3.635468,2.000038477817725,109.06194176724196,24.45322989512715,1.388011879989848,8170,2
382626661,8,17.61745,3.635468,2.000026234345569,109.06260940690808,24.082263243421494,1.3669551066369703,7954,2
382626661,9,17.61745,3.635468,2.000010914125596,109.06344483393255,24.18068061694703,1.3725414641135367,8074,2
382626661,10,17.61745,3.635468,1.999992439232301,109.06445230549404,24.46240137402401,1.3885324705916016,7582,2
382626661,11,17.61745,3.635468,1.9999753453885205,109.06538448234012,24.696914131773156,1.4018438611588597,7465,2
382626661,12,17.61745,3.635468,1.999964574642945,109.06597185049766,25.63981350291806,1.4553646244444036,8308,2
382626661,13,17.61745,3.635468,1.99996180665039,109.06612280027936,28.435549785730473,1.6140559380461117,9728,4
382626661,27,17.61745,3.635468,1.999963061971357,109.06605434251962,22.310689999357464,1.2663972367940572,6830,3
382626661,28,17.61745,3.635468,1.9999696155718993,109.06569694941359,22.844108892235,1.296675108613051,6956,2
382626661,29,17.61745,3.635468,1.9999817771895323,109.0650337357192,24.467874974123788,1.3888431625532518,7573,2
382626661,30,17.61745,3.635468,2.000007657625247,109.06362241582573,25.556993493692516,1.4506636030579065,8063,2
382626661,31,17.61745,3.635468,2.0000187289406313,109.06301868259901,25.429448146920095,1.4434238863694855,8550,2
382626661,32,17.61745,3.635468,2.000035070377635,109.06212757500013,25.758787597647824,1.462117820549956,9187,2
382626661,33,17.61745,3.635468,2.0000394656381104,109.06188790150021,25.83939659209591,1.4666933405286182,8731,2
382626661,34,17.61745,3.635468,2.000034392622183,109.06216453309037,24.972649731507317,1.4174951387123174,8498,2
382626661,35,17.61745,3.635468,2.000020911509637,109.06289966506131,24.11554102103173,1.3688440166443911,7369,3
382626661,36,17.61745,3.635468,2.000004971487215,109.06376889543367,23.876448923588214,1.3552726940384796,7748,2
382626661,37,17.61745,3.635468,1.9999870381434448,109.06474684080187,24.324845263101906,1.3807245238727457,8029,2
382626661,38,17.61745,3.635468,1.999972205449012,109.06555571407465,26.695462566901824,1.5152852749348982,9533,2
382626661,39,17.61745,3.635468,1.9999619998270646,109.06611226556373,27.945305732637735,1.5862287523244132,9924,2
382626661,61,17.61745,3.635468,2.000031929128454,109.06229886792497,23.704551895147688,1.3455154914671354,3862,4
382626661,62,17.61745,3.635468,2.0000192076258827,109.06299257942044,24.2266257790252,1.375149398978013,4406,4
382626661,64,17.61745,3.635468,1.9999848385486985,109.06486679083326,26.91646600763761,1.5278298509510517,5040,4
382626661,65,17.61745,3.635468,1.9999701538472436,109.06566759528775,26.120446912898842,1.4826462917674714,5205,5
382626661,68,17.61745,3.635468,1.9999709920375608,109.06562188573153,24.599624460021005,1.3963215141817347,4939,4
382626661,69,17.61745,3.635468,1.999986667506164,109.06476705266722,24.05952566392716,1.36566447833978,4356,10
382626661,87,17.61745,3.635468,2.000037622929085,109.06198838427257,24.15463306381662,1.3710629554116298,4662,5
382626661,88,17.61745,3.635468,2.0000326723675244,109.06225833890625,25.189302170300834,1.4297927435753093,4963,5
382626661,89,17.61745,3.635468,2.00001976423664,109.06296222690293,28.80583859577473,1.6350742358158943,5332,4
382626661,90,17.61745,3.635468,2.0000012480886653,109.0639719392464,27.916680513691063,1.5846039304037225,5215,4
382626661,95,17.61745,3.635468,1.9999684028152842,109.06576308553119,23.705179434884485,1.3455511118172314,4099,4
382626661,96,17.61745,3.635468,1.9999796830234118,109.0651479370286,23.792833706382226,1.3505265351331903,4237,5
382626661,97,17.61745,3.635468,2.00000456548878,109.06379103524286,52.32381912276014,2.9699995812538216,4872,8
382626661,98,17.61745,3.635468,2.0000344076834153,109.0621637117992,57.37322824938792,3.2566136557440446,5082,12
389900760,18,5.7998164,1.014374,2.000002844579285,30.431176718052548,23.50972563075902,4.053529285988954,7583,3
389900760,24,5.7998164,1.014374,1.9999722869761172,30.43164167640629,26.48427841532316,4.5663994493555276,9279,2
389900760,25,5.7998164,1.014374,2.0000295979116345,30.430769656384374,24.28780892673103,4.187685825146298,7917,2
389900760,52,5.7998164,1.014374,2.000028582260711,30.43078510968318,24.440674486646458,4.214042790500482,8385,2
389900760,58,5.7998164,1.014374,2.0000030868686736,30.431173031482636,27.71812769475764,4.779138818042178,5087,4
389900760,78,5.7998164,1.014374,1.9999970152275637,30.43126541520111,18.049946694472055,3.1121582908162497,5326,3
389900760,85,5.7998164,1.014374,2.0000195396278286,30.430922695548027,25.489052331185576,4.394803313288603,4375,5
389900760,86,5.7998164,1.014374,1.9999605218617944,30.43182069581164,26.56468456623452,4.580263017676649,4733,21
392681545,59,7.501428,5.65,1.999972261764924,169.50235084802688,24.93161657394512,3.323582733040312,4596,4
392681545,86,7.501428,5.65,1.9999930443009362,169.50058949754583,26.56511151663335,3.5413405976346573,4733,21
393414358,6,4.37808,5.3900978,2.0000035531120375,161.7026467261897,21.77225208675077,4.973013760998147,8428,2
393414358,7,4.37808,5.3900978,1.9999629578524036,161.705928967444,24.28982994534499,5.548055299433768,8053,2
393414358,32,4.37808,5.3900978,2.00004001504567,161.69969878958406,25.807447410932127,5.894695257037817,9242,2
393414358,33,4.37808,5.3900978,1.9999947481846903,161.7033586180872,25.838822053000513,5.901861558719921,8731,2
393414358,87,4.37808,5.3900978,1.999990672484273,161.70368814684716,24.2443388057618,5.537664639696351,4829,5
393414358,98,4.37808,5.3900978,2.0000289018207695,161.70059727915955,57.37314866286806,13.104636887144151,5082,11
393818343,55,16.24921,4.1506,1.9999474650830962,124.52127085730862,27.16194144256633,1.6715853535381922,7121,3
394172692,40,3.881510019,2.797,2.000030271738069,83.90872996845235,28.20033981040342,7.265301306028504,9882,2
394172692,41,3.881510019,2.797,1.9999735393503215,83.9111101712452,26.588645178220304,6.850077688340061,9251,2
394172692,54,3.881510019,2.797,2.0000121517659863,83.90949017575569,26.229231123041245,6.75748123659326,8944,4
394172692,55,3.881510019,2.797,1.9999581939191557,83.91175401078598,27.162013645211573,6.997795577559625,9633,2
394172692,74,3.881510019,2.797,1.9999873544293223,83.91053054827233,26.70398717914395,6.8797934433836,4643,7
394172692,75,3.881510019,2.797,2.0000302193511743,83.90873216627804,27.697631787874343,7.135787786787713,5157,4
394172692,80,3.881510019,2.797,2.0000315735524055,83.90867535252076,26.44767747347487,6.813759939820696,4721,7
394172692,82,3.881510019,2.797,1.9999574958637822,83.91178329893381,25.852221793106764,6.6603516844115,4945,4
394174221,74,23.44971004,8.6525,1.9999880230170675,259.5765544719813,26.703990538424478,1.1387770037613854,4643,7
394174221,75,23.44971004,8.6525,2.0000318957318086,259.5708603987257,27.697650456701012,1.1811510850008367,5157,5
394174221,80,23.44971004,8.6525,2.0000319088285323,259.5708586989889,26.447682789464125,1.1278469006375877,4721,6
394174221,82,23.44971004,8.6525,1.9999561541044386,259.5806907739287,25.852201073507786,1.1024529100534577,4945,4
394174412,74,52.0688601,3.0436,1.999988360912539,91.3085313739913,26.703994609933943,0.5128592129470094,4643,6
394287035,27,17.10197,3.357,1.999996065715095,100.71019811130611,23.492998392262052,1.3737012982868084,8521,2
394287035,28,17.10197,3.357,1.999968105519656,100.71160607217014,23.692667451088255,1.3853765063959447,7620,2
394287035,39,17.10197,3.357,2.000037980469642,100.70808752976943,27.94632877475533,1.6340999764796293,9924,2
394287035,66,17.10197,3.357,2.0000327679736074,100.70834999572266,24.58372729382836,1.4374792666475475,5193,5
394287035,67,17.10197,3.357,2.0000017614802346,100.70991130074091,24.483342102448205,1.4316094638482117,5009,4
394287035,68,17.10197,3.357,1.9999690655095037,100.71155773036274,24.517681030811218,1.4336173569952009,4907,4
394287035,93,17.10197,3.357,2.000031424249755,100.70841765676556,23.951752692615628,1.4005259448248142,4268,4
394287035,95,17.10197,3.357,1.9999724130320828,100.71138916093085,23.544116549422142,1.3766903198533351,4099,4
397362481,63,4.46569,1.77,2.0000393215741497,53.09895603273154,26.531067682145476,5.941090331425933,4650,5
397362481,64,4.46569,1.77,1.9999715944868512,53.10075417708549,26.916278677573246,6.027350460415578,5040,4
397362481,90,4.46569,1.77,2.0000359498226317,53.09904554936529,27.917099749130102,6.251463883326004,5215,4
397362481,99,4.46569,1.77,2.000145417478052,53.09613944665369,27.664509742503014,6.194901514100399,4697,8
397362481,100,4.46569,1.77,2.00011806889961,53.096865455761446,25.38203058031877,5.683786957965906,4837,5
398943781,10,3.0524,2.6376,2.0000092043483164,79.12763584083913,24.22792094697661,7.937334866654636,7413,2
398943781,37,3.0524,2.6376,1.9999850264866836,79.12859241651613,23.62489349627367,7.739776404230661,7348,2
398943781,64,3.0524,2.6376,1.9999876877409406,79.12848712521624,24.2817430676605,7.954967588671373,4969,4
398943781,101,3.0524,2.6376,2.0000935852294788,79.12429756722742,24.158041045066966,7.9144414379068815,4272,4
399702475,30,4.194766,1.272,2.00001855409937,38.15964599106819,25.94186348215635,6.184341029310419,8338,2
399702475,42,4.194766,1.272,2.0001170846808236,38.1577661550644,23.895876553926428,5.696593458115762,7442,2
399702475,43,4.194766,1.272,2.000037339712435,38.15928757158768,24.15189004694821,5.75762510875415,8011,2
399702475,70,4.194766,1.272,2.000031265124562,38.159403470748636,24.400351419895742,5.816856391964591,4291,4
399702475,97,4.194766,1.272,1.9999903378629824,38.16018435446493,52.287310116690605,12.464893182764092,4938,8
399722652,30,4.19097,1.944,2.0000198952038772,58.319419861625924,25.94187733325134,6.189945843862242,8338,2
399722652,42,4.19097,1.944,2.0001177565427497,58.31656642137659,23.89033073374867,5.700429908529212,7438,2
399722652,43,4.19097,1.944,2.000038679834688,58.31887211783364,24.150513780886286,5.762511728999798,8010,2
399722652,70,4.19097,1.944,2.0000326055742335,58.31904923695544,24.378141718376355,5.816825631864784,4282,4
399722652,97,4.19097,1.944,1.999991669144947,58.320242928745245,52.287337391403526,12.476189853757846,4938,8
399731211,30,0.669561,1.2912,2.0000219068606384,38.73557571257056,25.941904768617405,38.744647266817225,8338,2
399731211,42,0.669561,1.2912,2.0001197668898385,38.73368049377763,23.901463612372936,35.69721595548865,7446,2
399731211,43,0.669561,1.2912,2.0000406914914493,38.73521190322803,24.1491502911731,36.06713994867249,8009,2
399731211,70,0.669561,1.2912,2.0000346172309946,38.73532954507474,24.353167326833955,36.371842635449134,4276,4
399731211,97,0.669561,1.2912,1.9999936814565444,38.73612237793627,52.28739082463926,78.09204960360485,4938,8
399794186,74,51.1309704,5.995,2.000002441855031,179.84978041645442,26.704168770515025,0.5222699385833488,4643,6
399794186,80,51.1309704,5.995,2.000021516578272,179.84806514251466,26.447531918001005,0.5172507329921711,4721,6
399794420,40,1.594745463,1.9561,2.0000178675036295,58.68247574532582,28.200170474538936,17.683179622589677,9882,2
399794420,41,1.594745463,1.9561,1.9999581192678306,58.684228869235916,26.5884570971607,16.672539733797443,9251,2
399794420,53,1.594745463,1.9561,2.0000255412014667,58.68225059240755,24.982352237670057,15.665416718398312,8678,3
399794420,54,1.594745463,1.9561,1.9999987426854204,58.68303689151893,26.229055450923624,16.447173583163615,8945,4
399794420,74,1.594745463,1.9561,2.000002106578904,58.68293818988018,26.70416667108111,16.745096500131012,4643,6
399794420,80,1.594745463,1.9561,2.000021515923436,58.68236869732404,26.447531578999588,16.58417107470372,4721,6
399794420,81,1.594745463,1.9561,1.9999806246778462,58.68356850652248,26.623365856820328,16.69442959676903,4908,6
399822422,40,2.75564,1.948,2.000018537073629,58.439458351728845,28.200185790837168,10.233624780754077,9882,2
399822422,41,2.75564,1.948,1.999963818307151,58.441057248191555,26.588522626181202,9.648764942511068,9251,2
399822422,53,2.75564,1.948,2.000024534390832,58.43928311389407,24.982341511627965,9.065894496969111,8678,3
399822422,54,2.75564,1.948,2.0000010889634723,58.439968180504664,26.229093805581215,9.518331061234854,8945,4
399822422,75,2.75564,1.948,2.000038601254346,58.438872093117325,27.69774987445453,10.051294753470891,5157,4
399822422,80,2.75564,1.948,2.000023191649234,58.43932234786732,26.447531842098215,9.597600500100961,4721,7
399822422,81,2.75564,1.948,1.9999833081965335,58.44048773856791,26.623415864884464,9.66142742335155,4908,6
399826020,80,106.247547,13.668,2.0000253702892223,410.03479864928346,26.447562009615467,0.2489239776012473,4721,6
399860218,40,3.410493,2.389,2.0000116652227007,71.66958197918267,28.200261037161,8.268675829905236,8744,4
399860218,41,3.410493,2.389,1.999980747787049,71.67068990969223,26.58872436194315,7.796152744469245,9251,2
399860218,54,3.410493,2.389,2.0000098054879345,71.66964862206257,26.229226594834472,7.690743418864801,8944,4
399860218,55,3.410493,2.389,1.9999684211506974,71.67113164593279,27.16215793967467,7.964290775461104,8433,4
399860218,74,3.410493,2.389,1.9999905395525275,71.6703390167388,26.70401654223133,7.829957880644038,4643,7
399860218,75,3.410493,2.389,2.0000215008622035,71.66922952488586,27.697501158707382,8.121260227980935,5157,6
399860218,80,3.410493,2.389,2.000025875167921,71.66907277535358,26.447565203819067,7.754763080827043,4721,7
399860218,81,3.410493,2.389,1.9999950428609736,71.67017763951729,26.623578963448836,7.8063725577061245,4908,5
399860218,82,3.410493,2.389,1.9999683903733967,71.6711327488722,25.85238289037534,7.5802480434281305,4944,4
399860444,26,2.47063,1.74259,2.000032795149309,52.276842786567705,24.86710236698741,10.065085572095947,8500,3
399860444,40,2.47063,1.74259,2.000011999189155,52.277386356876285,28.200263506329975,11.41419941728627,8726,4
399860444,41,2.47063,1.74259,1.999981253320584,52.27819002123439,26.588731406234274,10.761923641433269,9251,2
399860444,54,2.47063,1.74259,2.0000099744356703,52.277439281022446,26.229231149234693,10.616414092452004,8944,4
399860444,55,2.47063,1.74259,1.9999692580313422,52.27850357205915,27.162166757786053,10.994024502975376,8410,4
399860444,74,2.47063,1.74259,1.9999902036215644,52.27795606732074,26.70401252555348,10.80858425808538,4643,6
399860444,75,2.47063,1.74259,2.00002083030995,52.27715552532356,27.69749242394937,11.210700276427216,5157,6
399860444,80,2.47063,1.74259,2.0000277463623206,52.276974752058756,26.447566186364384,10.704786304045683,4721,7
399860444,81,2.47063,1.74259,1.9999953781371005,52.27782081046024,26.623584609009868,10.77603065170012,4908,5
399860444,82,2.47063,1.74259,1.999968978088873,52.27851088965934,25.85239183968679,10.463886474173304,4944,4
399954349,14,3.005156,1.9686,2.0000028360664146,59.0579162539136,26.849950818090747,8.934627958778428,9245,3
399954349,26,3.005156,1.9686,2.000040323800931,59.05680930248903,24.867121357236783,8.274818797172854,8500,2
399954349,40,3.005156,1.9686,2.000013843207853,59.05759122674468,28.20028852887208,9.383968262836298,7985,5
399954349,41,3.005156,1.9686,1.9999830973392818,59.0584991228866,26.58875622667938,8.847712473721623,9251,2
399954349,53,3.005156,1.9686,2.0000282234104816,59.057166602672545,24.982363229255498,8.31316684699746,5797,4
399954349,54,3.005156,1.9686,2.000011984782759,59.057646103470596,26.229255732774618,8.728084576233186,8944,4
399954349,55,3.005156,1.9686,1.9999707680835854,59.05886320187633,27.16219090430286,9.038529415545437,8418,4
399954349,74,3.005156,1.9686,1.9999881919648033,59.05834868152995,26.703986963775606,8.886056818273529,4643,6
399954349,75,3.005156,1.9686,2.000018820617697,59.05744425120979,27.697466625964807,9.216648528716915,5157,6
399954349,80,3.005156,1.9686,2.000029925329727,59.05711634816027,26.447588538339005,8.800737312252345,4721,6
399954349,81,3.005156,1.9686,1.9999973884841893,59.05807711555107,26.623609772065265,8.859310389232794,4908,5
399954349,82,3.005156,1.9686,1.9999707366514485,59.05886413006304,25.852414095735185,8.6026862152032,4944,4
401125028,62,5.1750073,2.025,2.000012500793673,60.74962029076551,24.768209733233107,4.786120733246716,4564,4
401125028,63,5.1750073,2.025,1.99996958283009,60.750923935587764,26.53015475738266,5.126592721402086,4910,4
401125028,89,5.1750073,2.025,2.0000114779395517,60.749651359586956,28.80572718409985,5.56631624154421,5333,4
401125028,90,5.1750073,2.025,1.999964871283737,60.751067053498595,26.820377521402406,5.182674335822175,5215,4
402828941,81,4.1509768,2.3592,2.0000178416376,70.77536862576098,26.623881545962377,6.41388348543947,4908,6
402898317,16,53.81149,4.68,2.00002022262197,140.39858038629185,21.834965629044746,0.40576772040775577,6313,2
402898317,18,53.81149,4.68,1.9999837335126358,140.40114191670042,23.33871882437961,0.4337125551509466,7461,3
402898317,20,53.81149,4.68,1.9999586820995319,140.4029005765357,26.31750321970094,0.4890684725455649,8838,2
402898317,22,53.81149,4.68,1.999965871218592,140.4023958813391,26.009277168582685,0.4833405870861908,8562,2
402898317,24,53.81149,4.68,2.0000026301204343,140.3998153657883,26.484744742156863,0.4921763872763394,7532,4
402898317,40,53.81149,4.68,2.0000395337410737,140.3972247862339,28.20054864681606,0.5240618434244445,9882,2
402898317,48,53.81149,4.68,1.9999589633516734,140.40288083182233,25.06059392844736,0.4657108347761298,7644,2
402898317,50,53.81149,4.68,1.9999876864312682,140.40086441784698,26.23732579238731,0.4875785040032772,5977,4
402898317,52,53.81149,4.68,2.000024223671062,140.39829951888737,24.440556788893446,0.4541884417044287,6296,3
402898317,56,53.81149,4.68,2.000024220396881,140.3982997487293,27.880925282035605,0.5181221572202444,5148,4
402898317,57,53.81149,4.68,2.0000046237692004,140.3996754121525,28.759838671807756,0.5344553490677875,5254,5
402898317,59,53.81149,4.68,1.9999679876491427,140.40224730300088,24.2343512056309,0.4503564425670224,4596,4
402898317,73,53.81149,4.68,1.9999653918785043,140.40242953216975,26.849520337329523,0.4989551550668737,4650,5
402898317,75,53.81149,4.68,1.9999588880455121,140.40288611853202,27.69664370229475,0.5146975804292866,5157,4
402898317,77,53.81149,4.68,1.9999869693856454,140.4009147550876,28.061866007257777,0.5214846496028595,4591,4
402898317,79,53.81149,4.68,2.000026391178835,140.39814736369237,27.13506703939038,0.5042615812977931,5252,5
402898317,83,53.81149,4.68,2.0000238582724705,140.39832516925182,24.91976008779102,0.4630936643417794,4799,9
402898317,85,53.81149,4.68,1.9999928832112346,140.4004996003491,25.488758241053347,0.4736675799360573,4375,7
404505029,23,9.5739181,4.3070829,2.000021261846996,129.2111133665387,25.107134664880505,2.6224513728481242,7254,2
404505029,50,9.5739181,4.3070829,2.00000243858085,129.2123294526439,26.237452082056734,2.7405135293623135,4455,4
405685914,80,3.17060005,1.5778,2.000026404275559,47.33337509826039,26.44754190759977,8.341494193693642,4721,5
405685914,82,3.17060005,1.5778,1.9999653738705092,47.33481951079491,25.852342223942287,8.153769575554724,4944,4
405688133,26,0.6693124,1.6015,2.000030783819966,48.04426050706707,24.124010220097034,36.04297517885076,8500,2
405688133,40,0.6693124,1.6015,2.0000210516445804,48.044494292191054,28.200240766808747,42.13315152507072,9882,2
405688133,41,0.6693124,1.6015,1.999980415130267,48.045470482140324,26.588718676218832,39.725423697840995,9251,2
405688133,53,0.6693124,1.6015,2.000024869994377,48.044402567989145,24.982320814729974,37.32535183081917,5714,4
405688133,54,0.6693124,1.6015,1.9999972345976857,48.04506643196894,26.22921336039144,39.1882973636697,7030,6
405688133,55,0.6693124,1.6015,1.9999689234100515,48.04574654898213,27.16215857553516,40.582183410220935,8396,5
405688133,74,0.6693124,1.6015,1.9999917117092991,48.04519910628848,26.70403256004829,39.89771078505088,4643,6
405688133,75,0.6693124,1.6015,2.0000215008622035,48.0444835010903,27.69750263322385,41.382025244450645,5157,6
405688133,80,0.6693124,1.6015,2.000026740861358,48.044357626246835,26.447543257784673,39.514497651298065,4721,6
405688133,81,0.6693124,1.6015,1.9999942040158203,48.04513923443345,26.623568504347077,39.777491802553,4908,5
405688133,82,0.6693124,1.6015,1.9999683923379052,48.045759307062625,25.852386055591523,38.62529075449898,4944,4
405717552,40,5.65179605,2.9289,2.000011329946574,87.86650223861201,28.20024925290363,4.989608436578958,9729,4
405717552,41,5.65179605,2.9289,1.9999820915109012,87.86778678965094,26.588738194528105,4.704475879756508,9251,2
405717552,53,5.65179605,2.9289,2.00002520592534,87.86589262943524,24.98232250647743,4.4202448718009615,5682,4
405717552,54,5.65179605,2.9289,1.9999984080641298,87.86706993937023,26.22922683953948,4.640865772136183,6553,6
405717552,55,5.65179605,2.9289,1.9999707674287492,87.86828430794087,27.162182310756634,4.805938160269714,8048,3
405717552,74,5.65179605,2.9289,1.9999907058809185,87.86740832507819,26.704020281840712,4.724873304980761,4643,6
405717552,75,5.65179605,2.9289,2.0000209986028494,87.86607746756766,27.697478933276216,4.900650817588547,5157,6
405717552,80,5.65179605,2.9289,2.0000272431207122,87.86580313065942,26.44754788273258,4.679494385281751,4721,6
405717552,81,5.65179605,2.9289,1.9999953781371005,87.86720305508295,26.62358467734566,4.710641438900765,4908,5
405717552,82,5.65179605,2.9289,1.9999702337372582,87.86830775556767,25.85240991724004,4.574193705599132,4944,4
405719849,80,3.595769645,3.3249,2.0000272437755484,99.74564127606857,26.447552760301733,7.355185501684643,4721,5
405719849,82,3.595769645,3.3249,1.9999653738705092,99.74872695616806,25.852341509268626,7.189654527846883,4944,4
406951266,74,33.2406882,4.982,1.9999806482519489,149.46144617012482,26.703895611974076,0.8033496614541836,4643,6
406951266,75,33.2406882,4.982,2.0000111092667794,149.459169809105,27.69735948521884,0.8332366441564479,5157,6
406951266,76,33.2406882,4.982,2.0000380885176128,149.4571536992845,27.078284418377734,0.8146126294213648,5103,6
406951266,80,33.2406882,4.982,2.000032077776268,149.45760286622686,26.447660340166294,0.7956411786975666,4721,6
406951266,81,33.2406882,4.982,2.0000042626270442,149.45968145455993,26.623705098402297,0.8009372410768046,4908,5
406951266,83,33.2406882,4.982,1.9999554776586592,149.46332722863642,24.918893549178847,0.7496503501747249,4799,9
406997913,40,19.96371318,2.4825,2.0000311112380587,74.47384151329376,28.20037805306947,1.412581807743116,7104,3
406997913,53,19.96371318,2.4825,2.000033755466575,74.47374305202784,24.982417436071046,1.251391322386803,6506,4
406997913,54,19.96371318,2.4825,2.000009136245353,74.47465979061778,26.229360907615046,1.313851820606804,6590,6
406997913,55,19.96371318,2.4825,1.9999813279719092,74.47569530613741,27.162329361934553,1.3605850333066423,7052,3
406997913,74,19.96371318,2.4825,1.9999811511661392,74.47570189006579,26.7038834188661,1.3376210716961472,4643,6
406997913,75,19.96371318,2.4825,2.0000095985597,74.47464257534855,27.69732425212169,1.3873833991899542,5157,6
406997913,76,19.96371318,2.4825,2.0000345674634445,74.47371281632732,27.078236025925435,1.356372723940599,5103,6
406997913,80,19.96371318,2.4825,2.000031910793041,74.47381174080328,26.447658610234612,1.3247865450566754,4721,6
406997913,81,19.96371318,2.4825,2.000005770387361,74.4747851258206,26.623725385518355,1.333605885111116,4908,5
406997913,82,19.96371318,2.4825,1.9999806289342814,74.47572133704622,25.852548361251138,1.2949769478330653,4944,4
406997913,83,19.96371318,2.4825,1.9999588317296002,74.47653303502521,24.918939493766175,1.2482116562729628,4799,9
407966340,5,3.04405,1.3514496,1.9999790648580529,40.543912396280554,25.623338137075052,8.417515526050838,8724,2
407966340,32,3.04405,1.3514496,1.9999608905345667,40.54428083257487,25.99668295898391,8.540162927344792,9369,2
407966340,43,3.04405,1.3514496,2.0001566983410157,40.54031170020616,24.404669401811134,8.01717100632747,8190,2
407966340,44,3.04405,1.3514496,2.0000929945672397,40.54160292559037,24.2511040591271,7.966723299264829,8070,2
407966340,70,3.04405,1.3514496,2.0001486111141276,40.54047561737563,24.067049022427454,7.906259431490105,4019,4
407966340,71,3.04405,1.3514496,2.0000769013131503,40.541929136205894,24.00092925032868,7.884538443957452,4195,4
408618999,18,7.073076,3.9825962,2.0000316796358675,119.47599352201516,23.510070717670715,3.323882101319244,7583,3
408618999,19,7.073076,3.9825962,1.9999730092604295,119.47949842001293,24.97463787278548,3.530944368869425,8609,2
408618999,25,7.073076,3.9825962,2.000001437336323,119.47780013510905,25.6721713256552,3.6295624881812665,8768,2
408618999,52,7.073076,3.9825962,1.9999990786163835,119.4779410425087,24.440336219111487,3.4554041578390344,8385,2
408618999,58,7.073076,3.9825962,2.000031921925256,119.47597904836346,27.718530739037305,3.918879245612136,5123,4
408618999,59,7.073076,3.9825962,1.9999699154868722,119.47968324404953,24.978815019540434,3.5315349389064155,4596,4
408618999,79,7.073076,3.9825962,2.0000101302866824,119.47728083044657,27.134923554071975,3.8363681592099352,5252,4
408618999,86,7.073076,3.9825962,1.9999896902299952,119.47850189793755,26.56505483308183,3.7557994333839804,4733,21
409594381,87,3.4913885,3.254,2.0000325813452946,97.61840973044274,24.660161351864645,7.0631387345936,4829,5
410153553,1,0.462929709,0.5242,1.9999797514537931,15.72615921593077,27.88022872474744,60.22561996501166,9409,16
410153553,27,0.462929709,0.5242,2.0000222182352445,15.725825299957036,23.475207110789142,50.71008979203178,8521,2
410153553,28,0.462929709,0.5242,1.9999722977809142,15.726217825565795,23.774624006466638,51.35687674447059,7683,2
410153553,67,0.462929709,0.5242,2.000030762865208,15.7257581153114,23.703107033654305,51.20238898656276,5009,4
410153553,68,0.462929709,0.5242,1.9999745949462522,15.726199762475106,24.31217511295472,52.51807054136316,5005,4
410153553,94,0.462929709,0.5242,2.0000292436452582,15.725770060579467,23.89478047251032,51.616433354702494,3905,5
410153553,95,0.462929709,0.5242,1.9999782813465572,15.726170775626528,23.830293924771468,51.477132405800006,4128,4
410153553,101,0.462929709,0.5242,2.000089235807536,15.725298370150595,23.62600333547016,51.035833035010846,4040,4
410214986,1,8.138268,3.1764,1.9999928272227407,95.29234175537097,27.880419946692427,3.4258419539258753,9409,16
410214986,27,8.138268,3.1764,2.0000312693809974,95.29051016236615,24.36282726864738,2.993613293227426,8521,2
410214986,28,8.138268,3.1764,1.9999857088259887,95.29268092214254,23.853959398823918,2.9310855084673935,7726,2
410214986,67,8.138268,3.1764,2.000037300749682,95.29022280162607,24.936552551938803,3.064110514907939,5009,4
410214986,68,8.138268,3.1764,1.9999876720248722,95.29258738232356,24.69844854269013,3.0348531828504703,4971,4
410214986,94,8.138268,3.1764,2.00003828300396,95.29017600290737,24.06155384752128,2.956593939585337,4012,5
410214986,95,8.138268,3.1764,1.9999923521390883,95.2923643913744,23.902679178709604,2.937072013198583,4162,4
411697517,32,3.38628,3.09,2.0000239217915805,92.69889123822202,25.918329942017863,7.6539240529483274,9339,2
411697517,43,3.38628,3.09,2.000186536606634,92.69135483460241,24.314754815677134,7.180373393717334,8131,2
411697517,44,3.38628,3.09,2.00014261805336,92.69339012457054,24.194772751329765,7.1449415734463075,8137,2
411697517,71,3.38628,3.09,2.000130545493448,92.69394961130415,23.88211807292282,7.052611737045614,4223,4
411697517,98,3.38628,3.09,1.9999983884190442,92.70007469683748,52.716700245257016,15.567732215072887,5082,11
411839167,32,6.180235,4.10808,2.0000252648605965,123.24084316863878,25.918354385975817,4.193749005656875,9339,2
411839167,43,6.180235,4.10808,2.000187038865988,123.23087551839416,24.33003996052139,3.936749971566031,8142,2
411839167,44,6.180235,4.10808,2.000143957848195,123.23352978311348,24.20034388592785,3.915764349725836,8141,2
411839167,71,6.180235,4.10808,2.0001318865979556,123.2342735254566,23.893245653070153,3.866073968557855,4235,4
411839167,98,6.180235,4.10808,2.000000399420969,123.2423753872055,52.71674894690841,8.529893919391158,5082,11
416279912,83,282.52542,10.81,1.9999581598676741,324.3067845193892,24.918928765977853,0.08820066090328386,4799,9
416279965,74,31.8277111,1.584,1.9999826612183824,47.52041197302279,26.70390354986921,0.8390142623190145,4643,6
416279965,75,31.8277111,1.584,2.000011108284525,47.5197360686256,27.69734478033388,0.8702273529287464,5157,6
416279965,76,31.8277111,1.584,2.000035739620216,47.51915084179796,27.078251200196974,0.8507759516579555,5103,6
416279965,80,31.8277111,1.584,2.0000309023453156,47.51926577161999,26.447641122092136,0.8309627116758684,4721,6
416279965,82,31.8277111,1.584,1.9999792861926835,47.52049216515915,25.852530587891124,0.8122648376021965,4944,4
416279965,83,31.8277111,1.584,1.9999579922296107,47.52099812558897,24.918927059096404,0.7829317974139964,4799,9
417047499,75,2.30458952,3.65,1.9999956859101076,109.5002361969311,27.697149653353335,12.01825722671573,5157,4
417047499,81,2.30458952,3.65,2.000032929063309,109.4981971634667,26.624033842581866,11.552614299218833,4934,4
417047499,82,2.30458952,3.65,1.9999890118197072,109.5006016061763,25.85263103417401,11.217889697846934,4945,4
417659078,82,394.62508,24.01,1.999973922756908,720.3093918415564,25.852450885421604,0.06551142386951585,4944,4
417659212,80,1.208465026,1.5105,2.000034424709156,45.314220035577314,26.447686462018282,21.885355300318206,4721,6
417659212,81,1.208465026,1.5105,2.000003088833182,45.31493001487026,26.623683637354134,22.030992262538287,4908,5
417659212,82,1.208465026,1.5105,1.9999735887904535,45.3155984198828,25.852447727306753,21.39279761606171,4944,4
417659970,40,23.8990296,15.722,2.0000324510328937,471.6523471970833,28.200391031864456,1.17998058933173,7817,3
417659970,41,23.8990296,15.722,1.9999866177386139,471.6631559598196,26.58881211616199,1.1125477712351128,9251,2
417659970,54,23.8990296,15.722,2.000018523322069,471.6556316854143,26.22933522837411,1.0975062865470535,8944,4
417659970,55,23.8990296,15.722,1.999973951242282,471.66614315854343,27.16222569676802,1.1365409454435764,9632,2
417659970,74,23.8990296,15.722,1.9999813188042026,471.66440562755605,26.703897135734223,1.1173632395406643,4643,6
417659970,75,23.8990296,15.722,2.000016472375137,471.6561153517662,27.697422612824084,1.1589350311036932,5157,6
417659970,80,23.8990296,15.722,2.0000350932969013,471.6517240930062,26.4476922920976,1.1066429363348544,4721,6
417659970,81,23.8990296,15.722,2.000003088178346,471.65927171602516,26.62368134234248,1.1140067939136107,4908,5
417659970,82,23.8990296,15.722,1.9999729185656179,471.6663867011508,25.852437977639966,1.0817358867842888,4944,4
417660580,80,20.342199,2.257,2.0000345923472196,67.7088288963405,26.447688602313974,1.3001391148672754,4721,6
417660580,81,20.342199,2.257,2.0000030894880183,67.70989540554471,26.62368624715282,1.3087909643963673,4908,5
417660580,82,20.342199,2.257,1.9999737557736808,67.71088850994117,25.852450210329152,1.2708778539787735,4944,4
417676622,14,5.39875259,3.43422,2.0000095399518614,103.0261085679419,26.850036089054356,4.973377764854076,9245,2
417676622,15,5.39875259,3.43422,1.9999775043834234,103.02775883647978,23.448282330579787,4.343277810880344,7208,2
417676622,40,5.39875259,3.43422,2.000032618670957,103.02491973202144,28.200393131414785,5.223501662893351,7773,3
417676622,41,5.39875259,3.43422,1.999988629395375,103.02718574069735,26.58883471028048,4.924995962869356,9251,2
417676622,54,5.39875259,3.43422,2.0000191932194866,103.02561130341476,26.22934679214086,4.858408744406059,8944,4
417676622,55,5.39875259,3.43422,1.9999759642087156,103.02783817780747,27.16225644810811,5.03120970915026,9632,2
417676622,74,5.39875259,3.43422,1.999978973180987,103.0276831722237,26.70388832309436,4.946307110379059,4643,5
417676622,75,5.39875259,3.43422,2.00001278630225,103.02594133958723,27.697392823773043,5.1303319353949215,5157,6
417676622,80,5.39875259,3.43422,2.000034591037547,103.02481813232384,26.44768870615644,4.898851774601592,4721,6
417676622,81,5.39875259,3.43422,2.0000037613499444,103.02640624081631,26.62369756819362,4.931453539380218,4908,5
417676622,82,5.39875259,3.43422,1.9999750981878606,103.02788279049119,25.852469987895347,4.788600617813336,4944,4
417676802,74,0.927859821,1.4398,1.9999804812687216,43.194421550153486,26.703889452206568,28.780090319490803,4643,6
417676802,75,0.927859821,1.4398,2.0000139584590215,43.19369854126447,27.697390341798382,29.85083491593326,5157,6
417676802,80,0.927859821,1.4398,2.0000342557614204,43.19326019099197,26.447685762129368,28.503967047118607,4721,6
417676802,81,0.927859821,1.4398,2.0000040946615627,43.19391156777528,26.62369776551759,28.69366380885415,4908,5
417676802,82,0.927859821,1.4398,1.999975431826897,43.19453060535251,25.85247322284431,27.862477324410744,4944,4
417676990,40,2.886762645,0.885,2.0000324510328937,26.54956921952797,28.200390920338577,9.768863737094179,7768,3
417676990,41,2.886762645,0.885,1.9999892986379564,26.550142061341255,26.588839314273628,9.210608070021506,9251,2
417676990,54,2.886762645,0.885,2.0000191932194866,26.54974521245641,26.229347769447486,9.086077033343171,8944,4
417676990,55,2.886762645,0.885,1.9999764654858154,26.550312424352178,27.162263835475187,9.409247373531532,8419,5
417676990,74,2.886762645,0.885,1.999980479304213,26.550259139765867,26.70388836966049,9.250462075887256,4643,6
417676990,75,2.886762645,0.885,2.0000136231828947,26.549819153478925,27.6973859442096,9.594618384085955,5157,6
417676990,80,2.886762645,0.885,2.000034254779166,26.549545275594813,26.447684922774897,9.161710945852597,4721,6
417676990,81,2.886762645,0.885,2.000004095316399,26.549945634786127,26.62370002583748,9.222684127477851,4908,5
417676990,82,2.886762645,0.885,1.9999757671030238,26.550321695605167,25.85247801566311,8.955526032055575,4944,4
417931300,14,7.768915,2.06,1.9999569029096165,61.80133172878967,25.2439394454168,3.249351993864883,8069,3
417931300,15,7.768915,2.06,2.0000135455848067,61.79958144426427,26.0446111998383,3.3524129430993,7217,3
417931300,21,7.768915,2.06,2.000024948902137,61.79922908854066,27.346215573187465,3.5199529886975807,9597,2
417931300,22,7.768915,2.06,1.9999696450395277,61.80093798251481,26.571835224988263,3.420276219393347,8963,2
417931300,41,7.768915,2.06,1.9999671704135835,61.80101445087227,26.588521472505363,3.422424041517427,9250,2
417931300,48,7.768915,2.06,2.0000078305019997,61.799758038435556,25.75570723777264,3.3152257731964685,8144,2
417931300,75,7.768915,2.06,2.0000134568545036,61.799584185993616,27.69737208857441,3.565153189161474,5157,5
418761354,42,2.1748,1.84,2.0000962988706306,55.19734227913836,22.685918509381736,10.431266557560114,6571,2
418761354,43,2.1748,1.84,2.0000145412632264,55.19959866405292,24.203029060748577,11.128852796003576,8046,2
418761354,70,2.1748,1.84,2.0000091369001893,55.19974782270684,24.22092259915462,11.137080466780679,4144,4
420202798,64,7.479182,3.528,2.0000342911225744,105.83818534490665,26.91706635993887,3.5989318564435084,5040,4
420202798,65,7.479182,3.528,1.9999725839443272,105.84145087755488,27.888447501553856,3.728809848664447,5248,4
420202798,99,7.479182,3.528,2.000126604689285,105.83330050393684,27.093392253689217,3.622507415074164,4698,4
420202798,100,7.479182,3.528,2.0001274579408346,105.83325535560029,25.661354685842525,3.4310376035564487,4837,5
420202798,101,7.479182,3.528,2.0001009717816487,105.8346568430692,24.412334808780543,3.2640380737867516,4458,4
422349422,91,7.385655,2.5872,1.9999749557609903,77.6169719289981,23.75260452182829,3.2160457700540155,4788,4
422655579,4,2.90367,5.0469369,1.9999529260894633,151.411670769722,25.605021998749862,8.81815839911211,8548,3
422655579,42,2.90367,5.0469369,2.0001385423529427,151.39761950878167,23.83221563602001,8.207618508997237,7396,2
422655579,43,2.90367,5.0469369,2.000066173786763,151.403097541854,24.111930805304837,8.30395010634984,7982,3
422655579,70,2.90367,5.0469369,2.0000567461102037,151.40381121132188,24.270116155157666,8.358427836206479,4150,4
422655579,97,2.90367,5.0469369,2.0000198323396035,151.4066056263895,52.286636143329815,18.007086254061175,4886,8
422685031,91,4.941907,2.9,2.000079561257735,86.99653922296042,24.282935384367192,4.913677125928754,5023,4
423275733,8,2.052868,2.6808,2.000022629799787,80.4230900207873,24.04882963111413,11.714747188379443,7931,2
423275733,35,2.052868,2.6808,1.9999997897684807,80.42400845383075,24.15135822085722,11.764691261618973,7395,3
423275733,62,2.052868,2.6808,1.9999856793583604,80.42457586576501,24.51234724451615,11.940537455168158,4602,4
423275733,89,2.052868,2.6808,1.9999876602378208,80.42449620957831,28.506765262304725,13.886311863356399,5333,4
423275733,99,2.052868,2.6808,2.0000788749894127,80.42082840400555,26.409496512545957,12.864683220034584,4641,4
424865156,14,2.20474,3.88216,2.0000112163324957,116.46414684970254,26.850053097565706,12.178330822485057,9245,2
424865156,15,2.20474,3.88216,1.9999770017966512,116.46613925597693,23.463552466494548,10.642321755170473,7217,2
424865156,40,2.20474,3.88216,2.0000235675252043,116.46342762261706,28.200430873844198,12.790819268414506,7985,5
424865156,41,2.20474,3.88216,1.9999896326044109,116.46540372145641,26.588845946687343,12.059855559697443,9251,2
424865156,54,2.20474,3.88216,2.00002120618592,116.4635651259925,26.229371736451867,11.896809481595048,8944,4
424865156,55,2.20474,3.88216,1.9999762988300063,116.46618019236763,27.162256176511164,12.319936217654309,9632,2
424865156,74,2.20474,3.88216,1.9999772954906803,116.46612215307793,26.703858282353394,12.11202150020111,4643,7
424865156,75,2.20474,3.88216,2.0000141247874126,116.4639774855384,27.697389196737277,12.56265554974159,5157,6
424865156,81,2.20474,3.88216,2.000005770387361,116.46446397746453,26.623717494887842,12.0756721857851,4908,5
424865156,82,2.20474,3.88216,1.999974930222379,116.46625989161791,25.852465055261746,11.7258565886507,4944,4
424867045,74,5.248672631,1.8418,1.9999762890074635,55.25465507135701,26.70384307909444,5.087732643368674,4643,7
424867045,75,5.248672631,1.8418,2.0000111092667794,55.253693085991486,27.697352927776592,5.277020472602723,5157,6
424867045,81,5.248672631,1.8418,2.0000071128015406,55.25380349533069,26.623740022300353,5.0724710596453955,4908,5
424867045,82,5.248672631,1.8418,1.999977612431394,55.25461850828133,25.85250266474486,4.925531554788421,4944,4
425817867,67,3.7784022,2.82963,2.000027242465876,84.88774372426914,23.57663592920835,6.239842843942964,5009,4
425817867,94,3.7784022,2.82963,2.000023195578251,84.88791548785686,23.887759093866407,6.322185365514134,3844,5
427685831,83,1.7497798,1.8096,1.9999869949242566,54.28835301207146,24.91928122267791,14.241381242758608,4799,9
428679607,19,2.6800535,1.9284255,2.0000041889579734,57.852643828853175,24.954189573711574,9.311078892160761,8594,2
428679607,20,2.6800535,1.9284255,1.9999599390575895,57.853923841355616,26.31750490802142,9.819768488957932,8838,2
428679607,25,2.6800535,1.9284255,1.9999769608693896,57.85343144638168,25.671895184553705,9.578874147308516,7784,4
428679607,26,2.6800535,1.9284255,2.0000178743794095,57.852247963485105,24.86685608606672,9.278492420418742,8500,2
428679607,52,2.6800535,1.9284255,1.999977283703629,57.85342210774134,24.44004298474829,9.119236979690251,8385,2
428679607,53,2.6800535,1.9284255,2.000017159298295,57.85226864783261,24.982200453743644,9.321530504425992,7363,3
428679607,59,2.6800535,1.9284255,1.9999997550621629,57.85277208516643,25.295869376108385,9.438568810700378,4596,4
428679607,60,2.6800535,1.9284255,1.9999612100946251,57.85388707340257,25.678663865411636,9.581399724077015,4410,5
428679607,73,2.6800535,1.9284255,1.9999890281906119,57.853082376496175,26.84981145814345,10.018386371071864,4650,5
428679607,79,2.6800535,1.9284255,1.999986325026839,57.853160570209035,27.134559506596815,10.12463352190425,5252,4
428679607,86,2.6800535,1.9284255,2.000019529805286,57.85220007889855,26.565420397215803,9.912272421881056,4733,21
428787891,40,3.8240801,2.465,2.0000282613909803,73.94895504983437,28.200456193361788,7.374441815003244,9060,3
428787891,52,3.8240801,2.465,1.9999678972817492,73.95118701706055,24.439931494260236,6.391061603092528,8385,2
428787891,53,3.8240801,2.465,2.00000810684287,73.94970025069989,24.98209218213924,6.532837055933855,8678,3
428787891,59,3.8240801,2.465,2.000009143448551,73.94966192253541,24.85153804376023,6.498697044489269,4596,4
428787891,60,3.8240801,2.465,1.9999662398913642,73.95124830108819,22.123241444385258,5.785245304978119,4410,4
428787891,79,3.8240801,2.465,1.9999772398296045,73.95084156687746,27.13443499621917,7.09567642064275,5252,4
428787891,86,3.8240801,2.465,2.0000285835703835,73.94894313758951,26.565545807483886,6.946911443482548,4733,21
429358906,10,8.0240015,1.7082731,1.999971653422108,51.248919365742346,23.23719823119518,2.8959613518510903,6700,2
429358906,36,8.0240015,1.7082731,2.0000379955308745,51.2472194173462,23.92132213032255,2.9812210441788363,7764,2
429358906,63,8.0240015,1.7082731,2.000031946154195,51.24737442173732,24.343434136488668,3.0338272165687736,4313,4
429358906,90,8.0240015,1.7082731,2.000031246134313,51.24739235854759,26.544735378690348,3.3081668016500676,5215,4
429358906,101,8.0240015,1.7082731,2.00006676313933,51.24648231198062,23.820174610566028,2.968615423435056,4028,4
431701493,56,3.0927616,2.2271,2.0000326023000525,66.81191088901706,27.880919579489273,9.01489451352774,5148,4
431701493,83,3.0927616,2.2271,2.0000185344542842,66.81238083449091,24.919698753680223,8.057426331754836,4799,9
432247186,91,20.978959,4.4,2.0000594459997956,131.99607668062632,24.28272209193983,1.1574798392970707,5023,4
432247315,91,6.034,2.1528,2.0000594459997956,64.58208042683007,24.268832657457097,4.022014030072439,5023,4
432261603,91,1.908084,2.5,2.000060115897213,74.9977457216135,24.277171562423973,12.723324320325506,5023,4
432549364,17,1.217514,2.76456,1.999968956806697,82.9380873315386,22.99415572272892,18.886153032103877,7090,2
432549364,57,1.217514,2.76456,1.9999856806680327,82.93739380403719,28.759541965124754,23.62152875870401,5254,5
432549364,84,1.217514,2.76456,1.9999843081313884,82.93745072178984,25.749867489090775,21.149545294009577,4653,4
434094657,42,6.67199,1.56,1.9999507877219003,46.80115159564386,22.869104122042245,3.4276286568238628,6704,2
434094657,92,6.67199,1.56,2.0001948713616002,46.79544045440099,24.99964808997038,3.746955269712691,4440,4
434133930,42,6.4215,2.81,2.000191682964214,84.29192133732937,22.002097173027323,3.4263173982756867,6078,2
434133930,43,6.4215,2.81,2.0001533442700747,84.29353703454571,24.36850969950092,3.7948313788835817,8164,2
434133930,44,6.4215,2.81,2.000084947940195,84.29641959639473,24.251005832069495,3.7765328711468498,8070,2
434133930,70,6.4215,2.81,2.0001439172483515,84.29393432445964,24.06699464832309,3.7478773881995,4019,4
434133930,71,6.4215,2.81,2.000067513581598,84.297154398594,23.62163825490188,3.6785234376550466,4179,4
435339847,5,8.2000844,2.544,1.9999629706217092,76.32141306723808,25.355072831734105,3.0920502271579187,8613,2
435339847,42,8.2000844,2.544,2.000187995581655,76.3128267628725,23.852230177835736,2.9087786191366196,7410,2
435339847,43,8.2000844,2.544,2.000148986990098,76.31431507994743,24.403183600805733,2.975967369409726,8189,2
435339847,44,8.2000844,2.544,2.0000795848318376,76.31696316366013,24.250943786893913,2.957401729535115,8070,2
435339847,70,8.2000844,2.544,2.000139558003866,76.31467483815696,23.983602363206955,2.9247994524552645,3978,4
435339847,71,8.2000844,2.544,2.000062151128077,76.31762838665182,23.8938126100511,2.9138495952616172,4192,4
437704321,42,2.849271,2.006,1.999942742404528,60.18172293037317,22.96206691547195,8.058926973065024,6771,2
437704321,92,2.849271,2.006,2.0001946965203388,60.174142151954314,25.13159584019013,8.820359958807053,4438,4
437856897,43,7.24599,2.854,2.0001927405246533,85.61174957323539,24.3578887007734,3.3615680812109043,8162,2
437856897,44,7.24599,2.854,2.0001566970313434,85.61329232562453,24.253274186181443,3.3471305075195303,8180,2
437856897,45,7.24599,2.854,2.0000856106344145,85.61633516561511,24.40522463046682,3.3681007882244964,8458,2
437856897,71,7.24599,2.854,2.0001452989527024,85.61378020369976,24.076751762529966,3.322769112644368,4251,4
437856897,72,7.24599,2.854,2.0000694970804034,85.61702493336716,23.74251907914504,3.276642540100806,4635,4
439366538,28,4.31361,1.38,1.999991743141436,41.4001709176779,22.90812569745458,5.310662228957782,6999,2
439366538,92,4.31361,1.38,2.0001886733371066,41.39609483032259,25.21347702486628,5.845098890457478,4406,4
439867639,4,0.3711281,0.4918187,2.0000005352994776,14.75455705094666,25.597269939322814,68.97152206831768,8542,3
439867639,31,0.3711281,0.4918187,1.999995761871105,14.754592265931908,25.429088870319447,68.51836029209173,8220,2
440687723,70,1.096026,0.895,2.0001489470450906,26.848000534826873,23.980938064629754,21.879898893484054,4029,4
440687723,71,1.096026,0.895,2.0000742197589716,26.84900363671073,23.667552463172797,21.593969908718222,4181,4
440777904,7,3.35524,3.694,1.9999602743337164,110.8222012428917,24.23285745060616,7.222391677080078,8012,2
440777904,33,3.35524,3.694,2.0000299508683383,110.81834044723789,25.839268236607495,7.701168392308001,8731,2
440777904,44,3.35524,3.694,2.000191650877241,110.80938164240084,24.191188879834954,7.209972723213527,8245,2
440777904,45,3.35524,3.694,2.0001503189268988,110.81167145422957,24.235162636737186,7.223078717688508,8335,2
440777904,46,3.35524,3.694,2.0000748739403207,110.8158513902782,25.6106884992123,7.63304219644863,8290,2
440777904,71,3.35524,3.694,2.0001877113827504,110.80959988839146,23.217434101788513,6.919753609812864,4189,4
440777904,72,3.35524,3.694,2.0001385619980283,110.81232281157253,23.054386216405874,6.871158610533337,4571,4
440777904,87,3.35524,3.694,2.0000231942685787,110.81871482048246,23.204454232847638,6.915885073153527,4829,4
441738827,16,6.0784247,2.03,2.0000208512647077,60.89936508560903,24.040533248069096,3.9550598114786375,7899,2
441738827,19,6.0784247,2.03,2.0000129077743622,60.89960696080729,24.484896827694683,4.028164867732043,7777,3
441738827,20,6.0784247,2.03,2.00000620650826,60.89981101240994,26.31810238544631,4.329757080884182,8838,2
441738827,21,6.0784247,2.03,1.999994114303263,60.900179219993056,27.198492806043078,4.47459566391323,9503,2
441738827,22,6.0784247,2.03,1.9999828052823432,60.90052358365408,25.120592920282434,4.1327472429299705,7925,2
441738827,23,6.0784247,2.03,1.9999756236938993,60.90074226756763,25.396908885587663,4.1782057258334815,7546,2
441738827,25,6.0784247,2.03,1.9999802294842084,60.90060201815695,25.67196843339434,4.223457507566778,8768,2
441738827,26,6.0784247,2.03,1.9999888598977122,60.90033921800411,24.866526890603154,4.090949237325117,8499,2
441738827,48,6.0784247,2.03,1.9999874624772929,60.90038176995965,24.891521785345958,4.095061305167762,7522,2
441738827,49,6.0784247,2.03,1.9999794492468936,60.90062577686217,23.18031390480428,3.8135396996534774,6696,2
441738827,50,6.0784247,2.03,1.9999766223190818,60.90071185870475,26.237169713070216,4.316442336296477,6558,4
441738827,51,6.0784247,2.03,1.9999773766903672,60.900688887570766,24.5774838236066,4.04339693861908,6760,9
441738827,52,6.0784247,2.03,1.9999825230479473,60.90053217784042,24.440050763765612,4.0207869587930585,8385,2
441738827,53,6.0784247,2.03,1.9999910064507276,60.9002738548068,24.981819805443592,4.1099168022010035,8678,2
441738827,54,6.0784247,2.03,2.000000334592187,60.899989811669606,26.22917594095634,4.315127230408289,5806,5
441738827,55,6.0784247,2.03,2.000010832925909,60.899670139192736,27.162658263100184,4.468700297151034,6219,3
441738827,56,6.0784247,2.03,2.0000194865860976,60.899406639234606,27.88083685968013,4.586852389514693,5148,6
441738827,57,6.0784247,2.03,2.000024488879717,60.89925432274301,28.760064290318496,4.731499641727649,5254,5
441738827,58,6.0784247,2.03,2.0000229532888625,60.89930108037538,26.569737294091738,4.371155127428286,4644,4
441738827,59,6.0784247,2.03,2.000014924997231,60.899545537225734,24.351570426333637,4.0062305002040475,4596,4
441738827,60,6.0784247,2.03,2.0000062209146563,60.89981057373791,22.645883320079065,3.7256171521017714,4410,4
441738827,73,6.0784247,2.03,2.000012665812392,60.89961432845508,26.850143651883627,4.417286546608635,4650,5
441738827,75,6.0784247,2.03,1.9999880577233853,60.900363644494284,27.69705320034882,4.556616980111445,5157,5
441738827,76,6.0784247,2.03,1.9999797491618665,60.900616644264936,27.07749337437417,4.45468928394789,5103,4
441738827,77,6.0784247,2.03,1.9999773321615066,60.90069024350528,28.06169128282636,4.61660589179074,4928,3
441738827,78,6.0784247,2.03,1.9999787001142977,60.90064858842706,18.04979640284455,2.9694858937455537,5326,3
441738827,80,6.0784247,2.03,1.9999886595178396,60.900345319639825,26.447119351646506,4.3509824760429305,4721,6
441738827,81,6.0784247,2.03,2.000000154512236,60.89999529510277,26.623651938276907,4.380024965724575,4908,5
441738827,82,6.0784247,2.03,2.0000117431482067,60.899642423236635,25.852948394623127,4.253231662904885,4670,5
441738827,83,6.0784247,2.03,2.0000212991726585,60.89935144709936,24.91970051313774,4.0996971654740975,4799,9
441738827,84,6.0784247,2.03,2.000025461311452,60.89922471293619,25.75030588085292,4.236345295328396,4428,5
441738827,85,6.0784247,2.03,2.0000247815914918,60.89924540988904,25.48917367067179,4.193384787784208,4375,6
441738827,86,6.0784247,2.03,2.0000180760689545,60.89944958867496,26.565490779823904,4.370456506572156,4885,22
443616612,36,2.198884,1.44,1.9999709409603383,43.20062768437664,23.90803300022708,10.872803203910292,7768,2
443616612,45,2.198884,1.44,2.000178148809937,43.196152328434415,24.102188651128927,10.961100563344372,8239,2
443616612,46,2.198884,1.44,2.0002001002285397,43.195678267453374,25.481681591795223,11.588461051967826,8438,2
443616612,63,2.198884,1.44,1.9999568429921055,43.20093221148625,24.49401810272775,11.139295252831777,4650,4
443616612,72,2.198884,1.44,2.0001875136222225,43.19595008546706,21.90901020216279,9.963695311877657,4591,4
446549906,67,2.4545467,2.5956,1.9999769523565192,77.86889734729216,24.223268137261584,9.868733863267538,5009,4
446549906,93,2.4545467,2.5956,2.000043313455535,77.86631367044258,24.722747919515314,10.07222552315477,4525,4
446549906,94,2.4545467,2.5956,1.9999735747114755,77.86902885577733,24.080228023202835,9.81045829081306,3989,5
446672575,72,30.94191,5.28,2.0001798022713047,158.3857609402203,22.91456543397453,0.7405672576119099,4586,4
452866790,7,1.1980035,0.95,2.000007884853403,28.499887641281973,24.45426631959299,20.412516590805442,8172,2
452866790,34,1.1980035,0.95,1.9999836821079953,28.500232531858284,24.88174351737007,20.769341255989712,8433,2
452866790,61,1.1980035,0.95,1.9999695690785302,28.500433647229087,24.007985363521584,20.039996012967894,4068,4
452866790,88,1.1980035,0.95,1.9999682233901694,28.50045282388469,24.298333601572722,20.282356104612983,4963,5
455135327,7,2.8106,2.2499254,2.0000179411727004,67.49715651092912,24.454384832718915,8.70077023863905,8171,2
455135327,34,2.8106,2.2499254,1.9999930698395474,67.49799588597085,24.956861472028777,8.87954937452102,8487,2
455135327,61,2.8106,2.2499254,1.9999782869126648,67.4984948003563,24.015039333402456,8.54445290450525,4068,4
455135327,88,2.8106,2.2499254,1.9999769405694678,67.49854023894983,24.679002649354516,8.78068834033819,5249,4
456945304,43,2.14084,1.569,2.000175474131538,47.06587057861757,24.24516421092676,11.325070631587023,8075,2
456945304,44,2.14084,1.569,2.0001184768625535,47.067211812207674,23.98335528836924,11.202778016278302,7960,2
456945304,70,2.14084,1.569,2.000169734164956,47.06600564541698,23.79644359075155,11.11547037179404,4045,4
456945304,71,2.14084,1.569,2.0001057350600604,47.06751165691403,24.198502722374542,11.303274753075682,4195,4
459189798,73,6.91716177373,2.5609922,2.000024567460059,76.82882225548892,26.850278955300382,3.881690183576793,4650,5
459189798,74,6.91716177373,2.5609922,1.9999699207255617,76.83092150918671,26.703852565779016,3.8605216184468776,4643,6
459730973,55,3.916243,3.3552,1.9999695926526329,100.65753036424546,27.162218335943635,6.935784714059785,6963,3
459730973,82,3.916243,3.3552,1.999966882285662,100.65766677592711,25.852311683896005,6.601304281653617,4945,5
466206508,27,75.12375,8.599,1.9999923776776996,257.970983168989,23.472044314356026,0.31244505651483084,8135,2
466206508,94,75.12375,8.599,1.9999990570067894,257.97012163203664,23.961089644048116,0.3189549196365745,3968,5
466840711,10,2.4855335,2.7385746,2.000015243247617,82.15661183321123,25.373833721113897,10.208606611463454,8254,4
466840711,11,2.4855335,2.7385746,1.9999656217260053,82.15865023629443,26.149589676803316,10.520715040373956,8189,4
466840711,37,2.4855335,2.7385746,2.000003466673661,82.15709559408033,25.320905006410612,10.187311901614127,8884,3
466840711,64,2.4855335,2.7385746,1.9999997583363438,82.15724792721046,26.916638959478405,10.829320529970088,5040,4
466840711,90,2.4855335,2.7385746,2.0000419762800448,82.15551370857467,27.917224222720506,11.231884109677262,5215,4
466840711,99,2.4855335,2.7385746,2.000105361803435,82.15291011061667,27.663956838394824,11.129987521147804,4697,8
466840711,100,2.4855335,2.7385746,2.000093596034276,82.15339338408847,25.91509124445065,10.426369728853244,4837,5
467331291,52,3.320729,2.487,2.000010644987924,74.6096028908391,24.440420650487795,7.359956398275136,8385,2
467331291,53,3.320729,2.487,2.0000361017446266,74.60865324872674,24.982404275086083,7.523168640104652,8678,2
467331291,58,3.320729,2.487,2.000004092697054,74.60984732224883,27.71815500707271,8.34700904743287,5087,4
467331291,59,3.320729,2.487,1.9999727659887867,74.6110159786229,24.517758160883204,7.38324571528818,4596,4
467331291,73,3.320729,2.487,1.9999674035352655,74.61121603093608,26.84953606768795,8.085434272922587,4650,5
467331291,77,3.320729,2.487,1.999956961517455,74.61160558514231,28.061456942326913,8.450390544463856,4928,3
467331291,78,3.320729,2.487,1.999992488672433,74.61028021112726,18.04992819700874,5.4355318356327,5326,3
467331291,79,3.320729,2.487,2.00001630015322,74.60939192773996,27.13494718475249,8.171382604468022,5252,4
467331291,85,3.320729,2.487,2.000011659984011,74.60956502683236,25.489029614598167,7.675733134079344,4375,6
467331291,86,3.320729,2.487,1.9999874991481192,74.61046634719428,26.565028798075673,7.999758124820084,4733,21
470171739,53,4.6174141,4.5122,2.0000258764775936,135.36424862502673,24.98228897350964,5.410450185420805,8678,2
470171739,58,4.6174141,4.5122,2.000019852639525,135.36465632713671,27.718377581642926,6.0030088229779786,4653,5
470171739,59,4.6174141,4.5122,1.9999856734648347,135.36696966982558,24.82624792167917,5.376656150826751,4596,4
470171739,60,4.6174141,4.5122,1.9999585288678645,135.36880694884,22.918953979049093,4.963590763724027,4410,4
470171739,73,4.6174141,4.5122,1.9999779634235892,135.36749151803517,26.849680626763075,5.814873876432931,4650,5
470171739,78,4.6174141,4.5122,1.9999768980051158,135.36756363038123,18.04978528195079,3.909067909233176,5326,3
470171739,79,4.6174141,4.5122,2.0000027542118914,135.36581358693326,27.134768089325917,5.8766156774472345,5252,4
470171739,85,4.6174141,4.5122,2.000027920876164,135.3641102577202,25.489236461691235,5.5202405306665545,4375,6
470381900,19,2.500311,1.0,1.9999783733510412,30.00032440324226,25.06360576175848,10.024195294808719,8673,2
470381900,59,2.500311,1.0,1.9999769575952087,30.00034564005406,25.116397702517133,10.045309444511956,4596,4
